block_id,pack,track,code,grade,level,credential,theme,description,transfer_check
CX-DIGITAL-0001,"Digital Life, Data & AI","Devices, accounts and the keys you hold",DV-1,K–2,Explorer,Digital Keyholder,What a device knows about you,"The sensors, logs and identifiers a phone or laptop carries, and which of them keep working when the screen is off. — at K–2",Open the settings of a real device and list three things it records that you did not switch on.
CX-DIGITAL-0002,"Digital Life, Data & AI","Devices, accounts and the keys you hold",DV-2,3–5,Explorer,Digital Keyholder,What a device knows about you,"The sensors, logs and identifiers a phone or laptop carries, and which of them keep working when the screen is off. — at 3–5",Open the settings of a real device and list three things it records that you did not switch on.
CX-DIGITAL-0003,"Digital Life, Data & AI","Devices, accounts and the keys you hold",DV-3,6–8,Builder,Digital Keyholder,What a device knows about you,"The sensors, logs and identifiers a phone or laptop carries, and which of them keep working when the screen is off. — at 6–8",Open the settings of a real device and list three things it records that you did not switch on.
CX-DIGITAL-0004,"Digital Life, Data & AI","Devices, accounts and the keys you hold",DV-4,9–10,Practitioner,Digital Keyholder,What a device knows about you,"The sensors, logs and identifiers a phone or laptop carries, and which of them keep working when the screen is off. — at 9–10",Open the settings of a real device and list three things it records that you did not switch on.
CX-DIGITAL-0005,"Digital Life, Data & AI","Devices, accounts and the keys you hold",DV-5,11–12,Lead,Digital Keyholder,What a device knows about you,"The sensors, logs and identifiers a phone or laptop carries, and which of them keep working when the screen is off. — at 11–12",Open the settings of a real device and list three things it records that you did not switch on.
CX-DIGITAL-0006,"Digital Life, Data & AI","Devices, accounts and the keys you hold",DV-6,K–2,Explorer,Digital Keyholder,"An account is a key, not a place","What an account actually is, what the provider holds, and what you lose the day it is closed or locked. — at K–2","Pick one account you rely on and write down what would be lost if it vanished tonight, then export or copy the one thing that matters most."
CX-DIGITAL-0007,"Digital Life, Data & AI","Devices, accounts and the keys you hold",DV-7,3–5,Explorer,Digital Keyholder,"An account is a key, not a place","What an account actually is, what the provider holds, and what you lose the day it is closed or locked. — at 3–5","Pick one account you rely on and write down what would be lost if it vanished tonight, then export or copy the one thing that matters most."
CX-DIGITAL-0008,"Digital Life, Data & AI","Devices, accounts and the keys you hold",DV-8,6–8,Builder,Digital Keyholder,"An account is a key, not a place","What an account actually is, what the provider holds, and what you lose the day it is closed or locked. — at 6–8","Pick one account you rely on and write down what would be lost if it vanished tonight, then export or copy the one thing that matters most."
CX-DIGITAL-0009,"Digital Life, Data & AI","Devices, accounts and the keys you hold",DV-9,9–10,Practitioner,Digital Keyholder,"An account is a key, not a place","What an account actually is, what the provider holds, and what you lose the day it is closed or locked. — at 9–10","Pick one account you rely on and write down what would be lost if it vanished tonight, then export or copy the one thing that matters most."
CX-DIGITAL-0010,"Digital Life, Data & AI","Devices, accounts and the keys you hold",DV-10,11–12,Lead,Digital Keyholder,"An account is a key, not a place","What an account actually is, what the provider holds, and what you lose the day it is closed or locked. — at 11–12","Pick one account you rely on and write down what would be lost if it vanished tonight, then export or copy the one thing that matters most."
CX-DIGITAL-0011,"Digital Life, Data & AI","Devices, accounts and the keys you hold",DV-11,K–2,Explorer,Digital Keyholder,"Passwords, passkeys and the second factor","Why one strong secret per account beats one clever secret everywhere, and what a second factor actually defends against. — at K–2",Turn on a second factor for a real account and explain what attack it just blocked.
CX-DIGITAL-0012,"Digital Life, Data & AI","Devices, accounts and the keys you hold",DV-12,3–5,Explorer,Digital Keyholder,"Passwords, passkeys and the second factor","Why one strong secret per account beats one clever secret everywhere, and what a second factor actually defends against. — at 3–5",Turn on a second factor for a real account and explain what attack it just blocked.
CX-DIGITAL-0013,"Digital Life, Data & AI","Devices, accounts and the keys you hold",DV-13,6–8,Builder,Digital Keyholder,"Passwords, passkeys and the second factor","Why one strong secret per account beats one clever secret everywhere, and what a second factor actually defends against. — at 6–8",Turn on a second factor for a real account and explain what attack it just blocked.
CX-DIGITAL-0014,"Digital Life, Data & AI","Devices, accounts and the keys you hold",DV-14,9–10,Practitioner,Digital Keyholder,"Passwords, passkeys and the second factor","Why one strong secret per account beats one clever secret everywhere, and what a second factor actually defends against. — at 9–10",Turn on a second factor for a real account and explain what attack it just blocked.
CX-DIGITAL-0015,"Digital Life, Data & AI","Devices, accounts and the keys you hold",DV-15,11–12,Lead,Digital Keyholder,"Passwords, passkeys and the second factor","Why one strong secret per account beats one clever secret everywhere, and what a second factor actually defends against. — at 11–12",Turn on a second factor for a real account and explain what attack it just blocked.
CX-DIGITAL-0016,"Digital Life, Data & AI","Devices, accounts and the keys you hold",DV-16,K–2,Explorer,Digital Keyholder,Recovery: proving you are you,"Recovery emails, codes and trusted contacts — the quiet path attackers love and owners forget. — at K–2",Run the account-recovery path for one of your accounts before you need it and record where it broke or held.
CX-DIGITAL-0017,"Digital Life, Data & AI","Devices, accounts and the keys you hold",DV-17,3–5,Explorer,Digital Keyholder,Recovery: proving you are you,"Recovery emails, codes and trusted contacts — the quiet path attackers love and owners forget. — at 3–5",Run the account-recovery path for one of your accounts before you need it and record where it broke or held.
CX-DIGITAL-0018,"Digital Life, Data & AI","Devices, accounts and the keys you hold",DV-18,6–8,Builder,Digital Keyholder,Recovery: proving you are you,"Recovery emails, codes and trusted contacts — the quiet path attackers love and owners forget. — at 6–8",Run the account-recovery path for one of your accounts before you need it and record where it broke or held.
CX-DIGITAL-0019,"Digital Life, Data & AI","Devices, accounts and the keys you hold",DV-19,9–10,Practitioner,Digital Keyholder,Recovery: proving you are you,"Recovery emails, codes and trusted contacts — the quiet path attackers love and owners forget. — at 9–10",Run the account-recovery path for one of your accounts before you need it and record where it broke or held.
CX-DIGITAL-0020,"Digital Life, Data & AI","Devices, accounts and the keys you hold",DV-20,11–12,Lead,Digital Keyholder,Recovery: proving you are you,"Recovery emails, codes and trusted contacts — the quiet path attackers love and owners forget. — at 11–12",Run the account-recovery path for one of your accounts before you need it and record where it broke or held.
CX-DIGITAL-0021,"Digital Life, Data & AI","Devices, accounts and the keys you hold",DV-21,K–2,Explorer,Digital Keyholder,The shared device,"Profiles, guest modes and what a borrowed or family device remembers of the person who used it. — at K–2","Set up a shared device so two people can use it without reading each other's messages, and demonstrate it."
CX-DIGITAL-0022,"Digital Life, Data & AI","Devices, accounts and the keys you hold",DV-22,3–5,Explorer,Digital Keyholder,The shared device,"Profiles, guest modes and what a borrowed or family device remembers of the person who used it. — at 3–5","Set up a shared device so two people can use it without reading each other's messages, and demonstrate it."
CX-DIGITAL-0023,"Digital Life, Data & AI","Devices, accounts and the keys you hold",DV-23,6–8,Builder,Digital Keyholder,The shared device,"Profiles, guest modes and what a borrowed or family device remembers of the person who used it. — at 6–8","Set up a shared device so two people can use it without reading each other's messages, and demonstrate it."
CX-DIGITAL-0024,"Digital Life, Data & AI","Devices, accounts and the keys you hold",DV-24,9–10,Practitioner,Digital Keyholder,The shared device,"Profiles, guest modes and what a borrowed or family device remembers of the person who used it. — at 9–10","Set up a shared device so two people can use it without reading each other's messages, and demonstrate it."
CX-DIGITAL-0025,"Digital Life, Data & AI","Devices, accounts and the keys you hold",DV-25,11–12,Lead,Digital Keyholder,The shared device,"Profiles, guest modes and what a borrowed or family device remembers of the person who used it. — at 11–12","Set up a shared device so two people can use it without reading each other's messages, and demonstrate it."
CX-DIGITAL-0026,"Digital Life, Data & AI","Devices, accounts and the keys you hold",DV-26,K–2,Explorer,Digital Keyholder,"Updates, backups and the boring habits","What an update actually patches, what a backup actually restores, and the schedule that makes both invisible. — at K–2",Restore one real file from a backup you made yourself.
CX-DIGITAL-0027,"Digital Life, Data & AI","Devices, accounts and the keys you hold",DV-27,3–5,Explorer,Digital Keyholder,"Updates, backups and the boring habits","What an update actually patches, what a backup actually restores, and the schedule that makes both invisible. — at 3–5",Restore one real file from a backup you made yourself.
CX-DIGITAL-0028,"Digital Life, Data & AI","Devices, accounts and the keys you hold",DV-28,6–8,Builder,Digital Keyholder,"Updates, backups and the boring habits","What an update actually patches, what a backup actually restores, and the schedule that makes both invisible. — at 6–8",Restore one real file from a backup you made yourself.
CX-DIGITAL-0029,"Digital Life, Data & AI","Devices, accounts and the keys you hold",DV-29,9–10,Practitioner,Digital Keyholder,"Updates, backups and the boring habits","What an update actually patches, what a backup actually restores, and the schedule that makes both invisible. — at 9–10",Restore one real file from a backup you made yourself.
CX-DIGITAL-0030,"Digital Life, Data & AI","Devices, accounts and the keys you hold",DV-30,11–12,Lead,Digital Keyholder,"Updates, backups and the boring habits","What an update actually patches, what a backup actually restores, and the schedule that makes both invisible. — at 11–12",Restore one real file from a backup you made yourself.
CX-DIGITAL-0031,"Digital Life, Data & AI","Devices, accounts and the keys you hold",DV-31,K–2,Explorer,Digital Keyholder,When a device is lost or taken,"Remote lock, remote wipe and the order of phone calls in the first hour after a device disappears. — at K–2","Write the first-hour checklist for your own device, with the real account names, and test that you can trigger the lock."
CX-DIGITAL-0032,"Digital Life, Data & AI","Devices, accounts and the keys you hold",DV-32,3–5,Explorer,Digital Keyholder,When a device is lost or taken,"Remote lock, remote wipe and the order of phone calls in the first hour after a device disappears. — at 3–5","Write the first-hour checklist for your own device, with the real account names, and test that you can trigger the lock."
CX-DIGITAL-0033,"Digital Life, Data & AI","Devices, accounts and the keys you hold",DV-33,6–8,Builder,Digital Keyholder,When a device is lost or taken,"Remote lock, remote wipe and the order of phone calls in the first hour after a device disappears. — at 6–8","Write the first-hour checklist for your own device, with the real account names, and test that you can trigger the lock."
CX-DIGITAL-0034,"Digital Life, Data & AI","Devices, accounts and the keys you hold",DV-34,9–10,Practitioner,Digital Keyholder,When a device is lost or taken,"Remote lock, remote wipe and the order of phone calls in the first hour after a device disappears. — at 9–10","Write the first-hour checklist for your own device, with the real account names, and test that you can trigger the lock."
CX-DIGITAL-0035,"Digital Life, Data & AI","Devices, accounts and the keys you hold",DV-35,11–12,Lead,Digital Keyholder,When a device is lost or taken,"Remote lock, remote wipe and the order of phone calls in the first hour after a device disappears. — at 11–12","Write the first-hour checklist for your own device, with the real account names, and test that you can trigger the lock."
CX-DIGITAL-0036,"Digital Life, Data & AI","Devices, accounts and the keys you hold",DV-36,K–2,Explorer,Digital Keyholder,Scams that arrive as messages,"Phishing, smishing and the urgent-parcel text: the shapes these take and the two checks that defeat most of them. — at K–2","Take a real suspicious message you or your family received and show, step by step, how you decided what it was."
CX-DIGITAL-0037,"Digital Life, Data & AI","Devices, accounts and the keys you hold",DV-37,3–5,Explorer,Digital Keyholder,Scams that arrive as messages,"Phishing, smishing and the urgent-parcel text: the shapes these take and the two checks that defeat most of them. — at 3–5","Take a real suspicious message you or your family received and show, step by step, how you decided what it was."
CX-DIGITAL-0038,"Digital Life, Data & AI","Devices, accounts and the keys you hold",DV-38,6–8,Builder,Digital Keyholder,Scams that arrive as messages,"Phishing, smishing and the urgent-parcel text: the shapes these take and the two checks that defeat most of them. — at 6–8","Take a real suspicious message you or your family received and show, step by step, how you decided what it was."
CX-DIGITAL-0039,"Digital Life, Data & AI","Devices, accounts and the keys you hold",DV-39,9–10,Practitioner,Digital Keyholder,Scams that arrive as messages,"Phishing, smishing and the urgent-parcel text: the shapes these take and the two checks that defeat most of them. — at 9–10","Take a real suspicious message you or your family received and show, step by step, how you decided what it was."
CX-DIGITAL-0040,"Digital Life, Data & AI","Devices, accounts and the keys you hold",DV-40,11–12,Lead,Digital Keyholder,Scams that arrive as messages,"Phishing, smishing and the urgent-parcel text: the shapes these take and the two checks that defeat most of them. — at 11–12","Take a real suspicious message you or your family received and show, step by step, how you decided what it was."
CX-DIGITAL-0041,"Digital Life, Data & AI","Devices, accounts and the keys you hold",DV-41,K–2,Explorer,Digital Keyholder,Permissions: what an app may touch,"Camera, contacts, location, files — reading an app's permissions as a list of things it can do without asking again. — at K–2",Audit the permissions of three installed apps and revoke one grant that the app does not need to do its job.
CX-DIGITAL-0042,"Digital Life, Data & AI","Devices, accounts and the keys you hold",DV-42,3–5,Explorer,Digital Keyholder,Permissions: what an app may touch,"Camera, contacts, location, files — reading an app's permissions as a list of things it can do without asking again. — at 3–5",Audit the permissions of three installed apps and revoke one grant that the app does not need to do its job.
CX-DIGITAL-0043,"Digital Life, Data & AI","Devices, accounts and the keys you hold",DV-43,6–8,Builder,Digital Keyholder,Permissions: what an app may touch,"Camera, contacts, location, files — reading an app's permissions as a list of things it can do without asking again. — at 6–8",Audit the permissions of three installed apps and revoke one grant that the app does not need to do its job.
CX-DIGITAL-0044,"Digital Life, Data & AI","Devices, accounts and the keys you hold",DV-44,9–10,Practitioner,Digital Keyholder,Permissions: what an app may touch,"Camera, contacts, location, files — reading an app's permissions as a list of things it can do without asking again. — at 9–10",Audit the permissions of three installed apps and revoke one grant that the app does not need to do its job.
CX-DIGITAL-0045,"Digital Life, Data & AI","Devices, accounts and the keys you hold",DV-45,11–12,Lead,Digital Keyholder,Permissions: what an app may touch,"Camera, contacts, location, files — reading an app's permissions as a list of things it can do without asking again. — at 11–12",Audit the permissions of three installed apps and revoke one grant that the app does not need to do its job.
CX-DIGITAL-0046,"Digital Life, Data & AI","Devices, accounts and the keys you hold",DV-46,K–2,Explorer,Digital Keyholder,The account after a life change,"Moving out, breaking up, leaving a job, a death in the family — the accounts that must change hands or be closed, and how. — at K–2","For one real or rehearsed life change, list the accounts affected and complete the handover or closure steps for one of them."
CX-DIGITAL-0047,"Digital Life, Data & AI","Devices, accounts and the keys you hold",DV-47,3–5,Explorer,Digital Keyholder,The account after a life change,"Moving out, breaking up, leaving a job, a death in the family — the accounts that must change hands or be closed, and how. — at 3–5","For one real or rehearsed life change, list the accounts affected and complete the handover or closure steps for one of them."
CX-DIGITAL-0048,"Digital Life, Data & AI","Devices, accounts and the keys you hold",DV-48,6–8,Builder,Digital Keyholder,The account after a life change,"Moving out, breaking up, leaving a job, a death in the family — the accounts that must change hands or be closed, and how. — at 6–8","For one real or rehearsed life change, list the accounts affected and complete the handover or closure steps for one of them."
CX-DIGITAL-0049,"Digital Life, Data & AI","Devices, accounts and the keys you hold",DV-49,9–10,Practitioner,Digital Keyholder,The account after a life change,"Moving out, breaking up, leaving a job, a death in the family — the accounts that must change hands or be closed, and how. — at 9–10","For one real or rehearsed life change, list the accounts affected and complete the handover or closure steps for one of them."
CX-DIGITAL-0050,"Digital Life, Data & AI","Devices, accounts and the keys you hold",DV-50,11–12,Lead,Digital Keyholder,The account after a life change,"Moving out, breaking up, leaving a job, a death in the family — the accounts that must change hands or be closed, and how. — at 11–12","For one real or rehearsed life change, list the accounts affected and complete the handover or closure steps for one of them."
CX-DIGITAL-0051,"Digital Life, Data & AI",Information: what to trust and how to check,SG-1,K–2,Explorer,Signal Reader,Where a claim was born,"Tracing a screenshot, quote or statistic back to the first place it appeared, and what changes along the way. — at K–2","Take one claim from today's feed and trace it to its original source, noting each hop."
CX-DIGITAL-0052,"Digital Life, Data & AI",Information: what to trust and how to check,SG-2,3–5,Explorer,Signal Reader,Where a claim was born,"Tracing a screenshot, quote or statistic back to the first place it appeared, and what changes along the way. — at 3–5","Take one claim from today's feed and trace it to its original source, noting each hop."
CX-DIGITAL-0053,"Digital Life, Data & AI",Information: what to trust and how to check,SG-3,6–8,Builder,Signal Reader,Where a claim was born,"Tracing a screenshot, quote or statistic back to the first place it appeared, and what changes along the way. — at 6–8","Take one claim from today's feed and trace it to its original source, noting each hop."
CX-DIGITAL-0054,"Digital Life, Data & AI",Information: what to trust and how to check,SG-4,9–10,Practitioner,Signal Reader,Where a claim was born,"Tracing a screenshot, quote or statistic back to the first place it appeared, and what changes along the way. — at 9–10","Take one claim from today's feed and trace it to its original source, noting each hop."
CX-DIGITAL-0055,"Digital Life, Data & AI",Information: what to trust and how to check,SG-5,11–12,Lead,Signal Reader,Where a claim was born,"Tracing a screenshot, quote or statistic back to the first place it appeared, and what changes along the way. — at 11–12","Take one claim from today's feed and trace it to its original source, noting each hop."
CX-DIGITAL-0056,"Digital Life, Data & AI",Information: what to trust and how to check,SG-6,K–2,Explorer,Signal Reader,Who is speaking and who is paying,"Bylines, about pages, sponsors and the difference between a newsroom, a marketer and a stranger with a logo. — at K–2","For one article you read this week, identify the author, the publisher and the likeliest source of money, with evidence."
CX-DIGITAL-0057,"Digital Life, Data & AI",Information: what to trust and how to check,SG-7,3–5,Explorer,Signal Reader,Who is speaking and who is paying,"Bylines, about pages, sponsors and the difference between a newsroom, a marketer and a stranger with a logo. — at 3–5","For one article you read this week, identify the author, the publisher and the likeliest source of money, with evidence."
CX-DIGITAL-0058,"Digital Life, Data & AI",Information: what to trust and how to check,SG-8,6–8,Builder,Signal Reader,Who is speaking and who is paying,"Bylines, about pages, sponsors and the difference between a newsroom, a marketer and a stranger with a logo. — at 6–8","For one article you read this week, identify the author, the publisher and the likeliest source of money, with evidence."
CX-DIGITAL-0059,"Digital Life, Data & AI",Information: what to trust and how to check,SG-9,9–10,Practitioner,Signal Reader,Who is speaking and who is paying,"Bylines, about pages, sponsors and the difference between a newsroom, a marketer and a stranger with a logo. — at 9–10","For one article you read this week, identify the author, the publisher and the likeliest source of money, with evidence."
CX-DIGITAL-0060,"Digital Life, Data & AI",Information: what to trust and how to check,SG-10,11–12,Lead,Signal Reader,Who is speaking and who is paying,"Bylines, about pages, sponsors and the difference between a newsroom, a marketer and a stranger with a logo. — at 11–12","For one article you read this week, identify the author, the publisher and the likeliest source of money, with evidence."
CX-DIGITAL-0061,"Digital Life, Data & AI",Information: what to trust and how to check,SG-11,K–2,Explorer,Signal Reader,The picture that proves too much,"Old photos in new stories, crops that change meaning, and generated images — the checks that take under two minutes. — at K–2",Run a reverse-image search on a real image from your feed and report what it was originally.
CX-DIGITAL-0062,"Digital Life, Data & AI",Information: what to trust and how to check,SG-12,3–5,Explorer,Signal Reader,The picture that proves too much,"Old photos in new stories, crops that change meaning, and generated images — the checks that take under two minutes. — at 3–5",Run a reverse-image search on a real image from your feed and report what it was originally.
CX-DIGITAL-0063,"Digital Life, Data & AI",Information: what to trust and how to check,SG-13,6–8,Builder,Signal Reader,The picture that proves too much,"Old photos in new stories, crops that change meaning, and generated images — the checks that take under two minutes. — at 6–8",Run a reverse-image search on a real image from your feed and report what it was originally.
CX-DIGITAL-0064,"Digital Life, Data & AI",Information: what to trust and how to check,SG-14,9–10,Practitioner,Signal Reader,The picture that proves too much,"Old photos in new stories, crops that change meaning, and generated images — the checks that take under two minutes. — at 9–10",Run a reverse-image search on a real image from your feed and report what it was originally.
CX-DIGITAL-0065,"Digital Life, Data & AI",Information: what to trust and how to check,SG-15,11–12,Lead,Signal Reader,The picture that proves too much,"Old photos in new stories, crops that change meaning, and generated images — the checks that take under two minutes. — at 11–12",Run a reverse-image search on a real image from your feed and report what it was originally.
CX-DIGITAL-0066,"Digital Life, Data & AI",Information: what to trust and how to check,SG-16,K–2,Explorer,Signal Reader,Numbers that feel true,"Percentages without denominators, axes that start at nine hundred, and averages that hide the person in front of you. — at K–2",Find one misleading number or chart in the wild and rewrite it so it says the honest version.
CX-DIGITAL-0067,"Digital Life, Data & AI",Information: what to trust and how to check,SG-17,3–5,Explorer,Signal Reader,Numbers that feel true,"Percentages without denominators, axes that start at nine hundred, and averages that hide the person in front of you. — at 3–5",Find one misleading number or chart in the wild and rewrite it so it says the honest version.
CX-DIGITAL-0068,"Digital Life, Data & AI",Information: what to trust and how to check,SG-18,6–8,Builder,Signal Reader,Numbers that feel true,"Percentages without denominators, axes that start at nine hundred, and averages that hide the person in front of you. — at 6–8",Find one misleading number or chart in the wild and rewrite it so it says the honest version.
CX-DIGITAL-0069,"Digital Life, Data & AI",Information: what to trust and how to check,SG-19,9–10,Practitioner,Signal Reader,Numbers that feel true,"Percentages without denominators, axes that start at nine hundred, and averages that hide the person in front of you. — at 9–10",Find one misleading number or chart in the wild and rewrite it so it says the honest version.
CX-DIGITAL-0070,"Digital Life, Data & AI",Information: what to trust and how to check,SG-20,11–12,Lead,Signal Reader,Numbers that feel true,"Percentages without denominators, axes that start at nine hundred, and averages that hide the person in front of you. — at 11–12",Find one misleading number or chart in the wild and rewrite it so it says the honest version.
CX-DIGITAL-0071,"Digital Life, Data & AI",Information: what to trust and how to check,SG-21,K–2,Explorer,Signal Reader,The feed is an argument,"Ranking, recommendation and why two people searching the same words see different worlds. — at K–2",Compare the same search or topic across two accounts or devices and document three differences in what was shown.
CX-DIGITAL-0072,"Digital Life, Data & AI",Information: what to trust and how to check,SG-22,3–5,Explorer,Signal Reader,The feed is an argument,"Ranking, recommendation and why two people searching the same words see different worlds. — at 3–5",Compare the same search or topic across two accounts or devices and document three differences in what was shown.
CX-DIGITAL-0073,"Digital Life, Data & AI",Information: what to trust and how to check,SG-23,6–8,Builder,Signal Reader,The feed is an argument,"Ranking, recommendation and why two people searching the same words see different worlds. — at 6–8",Compare the same search or topic across two accounts or devices and document three differences in what was shown.
CX-DIGITAL-0074,"Digital Life, Data & AI",Information: what to trust and how to check,SG-24,9–10,Practitioner,Signal Reader,The feed is an argument,"Ranking, recommendation and why two people searching the same words see different worlds. — at 9–10",Compare the same search or topic across two accounts or devices and document three differences in what was shown.
CX-DIGITAL-0075,"Digital Life, Data & AI",Information: what to trust and how to check,SG-25,11–12,Lead,Signal Reader,The feed is an argument,"Ranking, recommendation and why two people searching the same words see different worlds. — at 11–12",Compare the same search or topic across two accounts or devices and document three differences in what was shown.
CX-DIGITAL-0076,"Digital Life, Data & AI",Information: what to trust and how to check,SG-26,K–2,Explorer,Signal Reader,Headlines and the gap before the click,"What a headline is for, what it leaves out, and the habit of reading before sharing. — at K–2","Take three headlines, predict the substance of each story, then read them and score your predictions."
CX-DIGITAL-0077,"Digital Life, Data & AI",Information: what to trust and how to check,SG-27,3–5,Explorer,Signal Reader,Headlines and the gap before the click,"What a headline is for, what it leaves out, and the habit of reading before sharing. — at 3–5","Take three headlines, predict the substance of each story, then read them and score your predictions."
CX-DIGITAL-0078,"Digital Life, Data & AI",Information: what to trust and how to check,SG-28,6–8,Builder,Signal Reader,Headlines and the gap before the click,"What a headline is for, what it leaves out, and the habit of reading before sharing. — at 6–8","Take three headlines, predict the substance of each story, then read them and score your predictions."
CX-DIGITAL-0079,"Digital Life, Data & AI",Information: what to trust and how to check,SG-29,9–10,Practitioner,Signal Reader,Headlines and the gap before the click,"What a headline is for, what it leaves out, and the habit of reading before sharing. — at 9–10","Take three headlines, predict the substance of each story, then read them and score your predictions."
CX-DIGITAL-0080,"Digital Life, Data & AI",Information: what to trust and how to check,SG-30,11–12,Lead,Signal Reader,Headlines and the gap before the click,"What a headline is for, what it leaves out, and the habit of reading before sharing. — at 11–12","Take three headlines, predict the substance of each story, then read them and score your predictions."
CX-DIGITAL-0081,"Digital Life, Data & AI",Information: what to trust and how to check,SG-31,K–2,Explorer,Signal Reader,Checking without an expert,Lateral reading: leaving the page to see what others say about the source before believing the source about itself. — at K–2,Fact-check one unfamiliar site by lateral reading and deliver a verdict with two independent confirmations.
CX-DIGITAL-0082,"Digital Life, Data & AI",Information: what to trust and how to check,SG-32,3–5,Explorer,Signal Reader,Checking without an expert,Lateral reading: leaving the page to see what others say about the source before believing the source about itself. — at 3–5,Fact-check one unfamiliar site by lateral reading and deliver a verdict with two independent confirmations.
CX-DIGITAL-0083,"Digital Life, Data & AI",Information: what to trust and how to check,SG-33,6–8,Builder,Signal Reader,Checking without an expert,Lateral reading: leaving the page to see what others say about the source before believing the source about itself. — at 6–8,Fact-check one unfamiliar site by lateral reading and deliver a verdict with two independent confirmations.
CX-DIGITAL-0084,"Digital Life, Data & AI",Information: what to trust and how to check,SG-34,9–10,Practitioner,Signal Reader,Checking without an expert,Lateral reading: leaving the page to see what others say about the source before believing the source about itself. — at 9–10,Fact-check one unfamiliar site by lateral reading and deliver a verdict with two independent confirmations.
CX-DIGITAL-0085,"Digital Life, Data & AI",Information: what to trust and how to check,SG-35,11–12,Lead,Signal Reader,Checking without an expert,Lateral reading: leaving the page to see what others say about the source before believing the source about itself. — at 11–12,Fact-check one unfamiliar site by lateral reading and deliver a verdict with two independent confirmations.
CX-DIGITAL-0086,"Digital Life, Data & AI",Information: what to trust and how to check,SG-36,K–2,Explorer,Signal Reader,When the truth is genuinely unsettled,"Live events, early science and rumours in a crisis — holding a question open without falling for the first confident answer. — at K–2","Pick one unsettled question in the news and write what is known, what is claimed, and what would settle it."
CX-DIGITAL-0087,"Digital Life, Data & AI",Information: what to trust and how to check,SG-37,3–5,Explorer,Signal Reader,When the truth is genuinely unsettled,"Live events, early science and rumours in a crisis — holding a question open without falling for the first confident answer. — at 3–5","Pick one unsettled question in the news and write what is known, what is claimed, and what would settle it."
CX-DIGITAL-0088,"Digital Life, Data & AI",Information: what to trust and how to check,SG-38,6–8,Builder,Signal Reader,When the truth is genuinely unsettled,"Live events, early science and rumours in a crisis — holding a question open without falling for the first confident answer. — at 6–8","Pick one unsettled question in the news and write what is known, what is claimed, and what would settle it."
CX-DIGITAL-0089,"Digital Life, Data & AI",Information: what to trust and how to check,SG-39,9–10,Practitioner,Signal Reader,When the truth is genuinely unsettled,"Live events, early science and rumours in a crisis — holding a question open without falling for the first confident answer. — at 9–10","Pick one unsettled question in the news and write what is known, what is claimed, and what would settle it."
CX-DIGITAL-0090,"Digital Life, Data & AI",Information: what to trust and how to check,SG-40,11–12,Lead,Signal Reader,When the truth is genuinely unsettled,"Live events, early science and rumours in a crisis — holding a question open without falling for the first confident answer. — at 11–12","Pick one unsettled question in the news and write what is known, what is claimed, and what would settle it."
CX-DIGITAL-0091,"Digital Life, Data & AI",Information: what to trust and how to check,SG-41,K–2,Explorer,Signal Reader,Your own share button,"What resharing asserts, who inherits the correction when you are wrong, and the repair that actually works. — at K–2","Write and, where real, post the correction for something you or someone near you shared that turned out false."
CX-DIGITAL-0092,"Digital Life, Data & AI",Information: what to trust and how to check,SG-42,3–5,Explorer,Signal Reader,Your own share button,"What resharing asserts, who inherits the correction when you are wrong, and the repair that actually works. — at 3–5","Write and, where real, post the correction for something you or someone near you shared that turned out false."
CX-DIGITAL-0093,"Digital Life, Data & AI",Information: what to trust and how to check,SG-43,6–8,Builder,Signal Reader,Your own share button,"What resharing asserts, who inherits the correction when you are wrong, and the repair that actually works. — at 6–8","Write and, where real, post the correction for something you or someone near you shared that turned out false."
CX-DIGITAL-0094,"Digital Life, Data & AI",Information: what to trust and how to check,SG-44,9–10,Practitioner,Signal Reader,Your own share button,"What resharing asserts, who inherits the correction when you are wrong, and the repair that actually works. — at 9–10","Write and, where real, post the correction for something you or someone near you shared that turned out false."
CX-DIGITAL-0095,"Digital Life, Data & AI",Information: what to trust and how to check,SG-45,11–12,Lead,Signal Reader,Your own share button,"What resharing asserts, who inherits the correction when you are wrong, and the repair that actually works. — at 11–12","Write and, where real, post the correction for something you or someone near you shared that turned out false."
CX-DIGITAL-0096,"Digital Life, Data & AI",Information: what to trust and how to check,SG-46,K–2,Explorer,Signal Reader,"Archives, receipts and what persists","Screenshots, archive links and edit histories — keeping evidence of what was said when it matters later. — at K–2","Capture one page with an archive service and explain when the archive, not the live page, is the record you want."
CX-DIGITAL-0097,"Digital Life, Data & AI",Information: what to trust and how to check,SG-47,3–5,Explorer,Signal Reader,"Archives, receipts and what persists","Screenshots, archive links and edit histories — keeping evidence of what was said when it matters later. — at 3–5","Capture one page with an archive service and explain when the archive, not the live page, is the record you want."
CX-DIGITAL-0098,"Digital Life, Data & AI",Information: what to trust and how to check,SG-48,6–8,Builder,Signal Reader,"Archives, receipts and what persists","Screenshots, archive links and edit histories — keeping evidence of what was said when it matters later. — at 6–8","Capture one page with an archive service and explain when the archive, not the live page, is the record you want."
CX-DIGITAL-0099,"Digital Life, Data & AI",Information: what to trust and how to check,SG-49,9–10,Practitioner,Signal Reader,"Archives, receipts and what persists","Screenshots, archive links and edit histories — keeping evidence of what was said when it matters later. — at 9–10","Capture one page with an archive service and explain when the archive, not the live page, is the record you want."
CX-DIGITAL-0100,"Digital Life, Data & AI",Information: what to trust and how to check,SG-50,11–12,Lead,Signal Reader,"Archives, receipts and what persists","Screenshots, archive links and edit histories — keeping evidence of what was said when it matters later. — at 11–12","Capture one page with an archive service and explain when the archive, not the live page, is the record you want."
CX-DIGITAL-0101,"Digital Life, Data & AI",Privacy and the trail you leave,TR-1,K–2,Explorer,Data Steward,The trail you cannot see,"Location history, search history, purchase records — the logs that accumulate by default and who can read them. — at K–2",Download or view one of your own data histories and name two things in it you did not expect.
CX-DIGITAL-0102,"Digital Life, Data & AI",Privacy and the trail you leave,TR-2,3–5,Explorer,Data Steward,The trail you cannot see,"Location history, search history, purchase records — the logs that accumulate by default and who can read them. — at 3–5",Download or view one of your own data histories and name two things in it you did not expect.
CX-DIGITAL-0103,"Digital Life, Data & AI",Privacy and the trail you leave,TR-3,6–8,Builder,Data Steward,The trail you cannot see,"Location history, search history, purchase records — the logs that accumulate by default and who can read them. — at 6–8",Download or view one of your own data histories and name two things in it you did not expect.
CX-DIGITAL-0104,"Digital Life, Data & AI",Privacy and the trail you leave,TR-4,9–10,Practitioner,Data Steward,The trail you cannot see,"Location history, search history, purchase records — the logs that accumulate by default and who can read them. — at 9–10",Download or view one of your own data histories and name two things in it you did not expect.
CX-DIGITAL-0105,"Digital Life, Data & AI",Privacy and the trail you leave,TR-5,11–12,Lead,Data Steward,The trail you cannot see,"Location history, search history, purchase records — the logs that accumulate by default and who can read them. — at 11–12",Download or view one of your own data histories and name two things in it you did not expect.
CX-DIGITAL-0106,"Digital Life, Data & AI",Privacy and the trail you leave,TR-6,K–2,Explorer,Data Steward,What 'free' is paid with,"Advertising, profiling and the trade behind a free service, read from the privacy policy's first honest paragraph. — at K–2","For one free service you use, state in two sentences what it collects and how it earns, citing its own policy."
CX-DIGITAL-0107,"Digital Life, Data & AI",Privacy and the trail you leave,TR-7,3–5,Explorer,Data Steward,What 'free' is paid with,"Advertising, profiling and the trade behind a free service, read from the privacy policy's first honest paragraph. — at 3–5","For one free service you use, state in two sentences what it collects and how it earns, citing its own policy."
CX-DIGITAL-0108,"Digital Life, Data & AI",Privacy and the trail you leave,TR-8,6–8,Builder,Data Steward,What 'free' is paid with,"Advertising, profiling and the trade behind a free service, read from the privacy policy's first honest paragraph. — at 6–8","For one free service you use, state in two sentences what it collects and how it earns, citing its own policy."
CX-DIGITAL-0109,"Digital Life, Data & AI",Privacy and the trail you leave,TR-9,9–10,Practitioner,Data Steward,What 'free' is paid with,"Advertising, profiling and the trade behind a free service, read from the privacy policy's first honest paragraph. — at 9–10","For one free service you use, state in two sentences what it collects and how it earns, citing its own policy."
CX-DIGITAL-0110,"Digital Life, Data & AI",Privacy and the trail you leave,TR-10,11–12,Lead,Data Steward,What 'free' is paid with,"Advertising, profiling and the trade behind a free service, read from the privacy policy's first honest paragraph. — at 11–12","For one free service you use, state in two sentences what it collects and how it earns, citing its own policy."
CX-DIGITAL-0111,"Digital Life, Data & AI",Privacy and the trail you leave,TR-11,K–2,Explorer,Data Steward,Settings that actually matter,"The five privacy switches worth finding on any service, and the many that are decoration. — at K–2",Change three privacy settings on a real account and explain what each now prevents.
CX-DIGITAL-0112,"Digital Life, Data & AI",Privacy and the trail you leave,TR-12,3–5,Explorer,Data Steward,Settings that actually matter,"The five privacy switches worth finding on any service, and the many that are decoration. — at 3–5",Change three privacy settings on a real account and explain what each now prevents.
CX-DIGITAL-0113,"Digital Life, Data & AI",Privacy and the trail you leave,TR-13,6–8,Builder,Data Steward,Settings that actually matter,"The five privacy switches worth finding on any service, and the many that are decoration. — at 6–8",Change three privacy settings on a real account and explain what each now prevents.
CX-DIGITAL-0114,"Digital Life, Data & AI",Privacy and the trail you leave,TR-14,9–10,Practitioner,Data Steward,Settings that actually matter,"The five privacy switches worth finding on any service, and the many that are decoration. — at 9–10",Change three privacy settings on a real account and explain what each now prevents.
CX-DIGITAL-0115,"Digital Life, Data & AI",Privacy and the trail you leave,TR-15,11–12,Lead,Data Steward,Settings that actually matter,"The five privacy switches worth finding on any service, and the many that are decoration. — at 11–12",Change three privacy settings on a real account and explain what each now prevents.
CX-DIGITAL-0116,"Digital Life, Data & AI",Privacy and the trail you leave,TR-16,K–2,Explorer,Data Steward,Other people's data in your hands,"The photo with someone else in it, the contact list you upload, the group chat you screenshot — being trustworthy with data about others. — at K–2","Before sharing one real photo or screenshot involving another person, run a consent check and record the outcome."
CX-DIGITAL-0117,"Digital Life, Data & AI",Privacy and the trail you leave,TR-17,3–5,Explorer,Data Steward,Other people's data in your hands,"The photo with someone else in it, the contact list you upload, the group chat you screenshot — being trustworthy with data about others. — at 3–5","Before sharing one real photo or screenshot involving another person, run a consent check and record the outcome."
CX-DIGITAL-0118,"Digital Life, Data & AI",Privacy and the trail you leave,TR-18,6–8,Builder,Data Steward,Other people's data in your hands,"The photo with someone else in it, the contact list you upload, the group chat you screenshot — being trustworthy with data about others. — at 6–8","Before sharing one real photo or screenshot involving another person, run a consent check and record the outcome."
CX-DIGITAL-0119,"Digital Life, Data & AI",Privacy and the trail you leave,TR-19,9–10,Practitioner,Data Steward,Other people's data in your hands,"The photo with someone else in it, the contact list you upload, the group chat you screenshot — being trustworthy with data about others. — at 9–10","Before sharing one real photo or screenshot involving another person, run a consent check and record the outcome."
CX-DIGITAL-0120,"Digital Life, Data & AI",Privacy and the trail you leave,TR-20,11–12,Lead,Data Steward,Other people's data in your hands,"The photo with someone else in it, the contact list you upload, the group chat you screenshot — being trustworthy with data about others. — at 11–12","Before sharing one real photo or screenshot involving another person, run a consent check and record the outcome."
CX-DIGITAL-0121,"Digital Life, Data & AI",Privacy and the trail you leave,TR-21,K–2,Explorer,Data Steward,"Children, elders and the ones you manage","Accounts you run for someone else: what protection looks like without surveillance, at every age. — at K–2","For one account you manage for another person, write the rules you follow and review them with that person at their level."
CX-DIGITAL-0122,"Digital Life, Data & AI",Privacy and the trail you leave,TR-22,3–5,Explorer,Data Steward,"Children, elders and the ones you manage","Accounts you run for someone else: what protection looks like without surveillance, at every age. — at 3–5","For one account you manage for another person, write the rules you follow and review them with that person at their level."
CX-DIGITAL-0123,"Digital Life, Data & AI",Privacy and the trail you leave,TR-23,6–8,Builder,Data Steward,"Children, elders and the ones you manage","Accounts you run for someone else: what protection looks like without surveillance, at every age. — at 6–8","For one account you manage for another person, write the rules you follow and review them with that person at their level."
CX-DIGITAL-0124,"Digital Life, Data & AI",Privacy and the trail you leave,TR-24,9–10,Practitioner,Data Steward,"Children, elders and the ones you manage","Accounts you run for someone else: what protection looks like without surveillance, at every age. — at 9–10","For one account you manage for another person, write the rules you follow and review them with that person at their level."
CX-DIGITAL-0125,"Digital Life, Data & AI",Privacy and the trail you leave,TR-25,11–12,Lead,Data Steward,"Children, elders and the ones you manage","Accounts you run for someone else: what protection looks like without surveillance, at every age. — at 11–12","For one account you manage for another person, write the rules you follow and review them with that person at their level."
CX-DIGITAL-0126,"Digital Life, Data & AI",Privacy and the trail you leave,TR-26,K–2,Explorer,Data Steward,What an employer or school may see,"Managed devices, monitored networks and the difference between your account and their account with your name on it. — at K–2","List which of your daily tools are managed by an institution and what each can log, then move one personal habit off them."
CX-DIGITAL-0127,"Digital Life, Data & AI",Privacy and the trail you leave,TR-27,3–5,Explorer,Data Steward,What an employer or school may see,"Managed devices, monitored networks and the difference between your account and their account with your name on it. — at 3–5","List which of your daily tools are managed by an institution and what each can log, then move one personal habit off them."
CX-DIGITAL-0128,"Digital Life, Data & AI",Privacy and the trail you leave,TR-28,6–8,Builder,Data Steward,What an employer or school may see,"Managed devices, monitored networks and the difference between your account and their account with your name on it. — at 6–8","List which of your daily tools are managed by an institution and what each can log, then move one personal habit off them."
CX-DIGITAL-0129,"Digital Life, Data & AI",Privacy and the trail you leave,TR-29,9–10,Practitioner,Data Steward,What an employer or school may see,"Managed devices, monitored networks and the difference between your account and their account with your name on it. — at 9–10","List which of your daily tools are managed by an institution and what each can log, then move one personal habit off them."
CX-DIGITAL-0130,"Digital Life, Data & AI",Privacy and the trail you leave,TR-30,11–12,Lead,Data Steward,What an employer or school may see,"Managed devices, monitored networks and the difference between your account and their account with your name on it. — at 11–12","List which of your daily tools are managed by an institution and what each can log, then move one personal habit off them."
CX-DIGITAL-0131,"Digital Life, Data & AI",Privacy and the trail you leave,TR-31,K–2,Explorer,Data Steward,Data breaches and what to do after,"Breach notices, credential stuffing and the reset-and-rotate routine that limits the damage. — at K–2",Check a real email address against a breach-notification service and complete the follow-up for anything found.
CX-DIGITAL-0132,"Digital Life, Data & AI",Privacy and the trail you leave,TR-32,3–5,Explorer,Data Steward,Data breaches and what to do after,"Breach notices, credential stuffing and the reset-and-rotate routine that limits the damage. — at 3–5",Check a real email address against a breach-notification service and complete the follow-up for anything found.
CX-DIGITAL-0133,"Digital Life, Data & AI",Privacy and the trail you leave,TR-33,6–8,Builder,Data Steward,Data breaches and what to do after,"Breach notices, credential stuffing and the reset-and-rotate routine that limits the damage. — at 6–8",Check a real email address against a breach-notification service and complete the follow-up for anything found.
CX-DIGITAL-0134,"Digital Life, Data & AI",Privacy and the trail you leave,TR-34,9–10,Practitioner,Data Steward,Data breaches and what to do after,"Breach notices, credential stuffing and the reset-and-rotate routine that limits the damage. — at 9–10",Check a real email address against a breach-notification service and complete the follow-up for anything found.
CX-DIGITAL-0135,"Digital Life, Data & AI",Privacy and the trail you leave,TR-35,11–12,Lead,Data Steward,Data breaches and what to do after,"Breach notices, credential stuffing and the reset-and-rotate routine that limits the damage. — at 11–12",Check a real email address against a breach-notification service and complete the follow-up for anything found.
CX-DIGITAL-0136,"Digital Life, Data & AI",Privacy and the trail you leave,TR-36,K–2,Explorer,Data Steward,Asking for your data back,"Access, export and deletion requests — the rights that exist where you live and the buttons that exercise them. — at K–2",Submit one real export or deletion request and report what came back and how long it took.
CX-DIGITAL-0137,"Digital Life, Data & AI",Privacy and the trail you leave,TR-37,3–5,Explorer,Data Steward,Asking for your data back,"Access, export and deletion requests — the rights that exist where you live and the buttons that exercise them. — at 3–5",Submit one real export or deletion request and report what came back and how long it took.
CX-DIGITAL-0138,"Digital Life, Data & AI",Privacy and the trail you leave,TR-38,6–8,Builder,Data Steward,Asking for your data back,"Access, export and deletion requests — the rights that exist where you live and the buttons that exercise them. — at 6–8",Submit one real export or deletion request and report what came back and how long it took.
CX-DIGITAL-0139,"Digital Life, Data & AI",Privacy and the trail you leave,TR-39,9–10,Practitioner,Data Steward,Asking for your data back,"Access, export and deletion requests — the rights that exist where you live and the buttons that exercise them. — at 9–10",Submit one real export or deletion request and report what came back and how long it took.
CX-DIGITAL-0140,"Digital Life, Data & AI",Privacy and the trail you leave,TR-40,11–12,Lead,Data Steward,Asking for your data back,"Access, export and deletion requests — the rights that exist where you live and the buttons that exercise them. — at 11–12",Submit one real export or deletion request and report what came back and how long it took.
CX-DIGITAL-0141,"Digital Life, Data & AI",Privacy and the trail you leave,TR-41,K–2,Explorer,Data Steward,"Faces, voices and biometrics","What is different about data you cannot change — face, voice, fingerprint — and where it is being collected. — at K–2","Identify two places your biometrics are held, and for one of them find the policy on how it is stored and removed."
CX-DIGITAL-0142,"Digital Life, Data & AI",Privacy and the trail you leave,TR-42,3–5,Explorer,Data Steward,"Faces, voices and biometrics","What is different about data you cannot change — face, voice, fingerprint — and where it is being collected. — at 3–5","Identify two places your biometrics are held, and for one of them find the policy on how it is stored and removed."
CX-DIGITAL-0143,"Digital Life, Data & AI",Privacy and the trail you leave,TR-43,6–8,Builder,Data Steward,"Faces, voices and biometrics","What is different about data you cannot change — face, voice, fingerprint — and where it is being collected. — at 6–8","Identify two places your biometrics are held, and for one of them find the policy on how it is stored and removed."
CX-DIGITAL-0144,"Digital Life, Data & AI",Privacy and the trail you leave,TR-44,9–10,Practitioner,Data Steward,"Faces, voices and biometrics","What is different about data you cannot change — face, voice, fingerprint — and where it is being collected. — at 9–10","Identify two places your biometrics are held, and for one of them find the policy on how it is stored and removed."
CX-DIGITAL-0145,"Digital Life, Data & AI",Privacy and the trail you leave,TR-45,11–12,Lead,Data Steward,"Faces, voices and biometrics","What is different about data you cannot change — face, voice, fingerprint — and where it is being collected. — at 11–12","Identify two places your biometrics are held, and for one of them find the policy on how it is stored and removed."
CX-DIGITAL-0146,"Digital Life, Data & AI",Privacy and the trail you leave,TR-46,K–2,Explorer,Data Steward,A smaller footprint on purpose,"Aliases, minimal sign-ups and deleting the account you no longer use — shrinking the trail without leaving modern life. — at K–2",Close one dormant account fully and document the steps so someone else could follow them.
CX-DIGITAL-0147,"Digital Life, Data & AI",Privacy and the trail you leave,TR-47,3–5,Explorer,Data Steward,A smaller footprint on purpose,"Aliases, minimal sign-ups and deleting the account you no longer use — shrinking the trail without leaving modern life. — at 3–5",Close one dormant account fully and document the steps so someone else could follow them.
CX-DIGITAL-0148,"Digital Life, Data & AI",Privacy and the trail you leave,TR-48,6–8,Builder,Data Steward,A smaller footprint on purpose,"Aliases, minimal sign-ups and deleting the account you no longer use — shrinking the trail without leaving modern life. — at 6–8",Close one dormant account fully and document the steps so someone else could follow them.
CX-DIGITAL-0149,"Digital Life, Data & AI",Privacy and the trail you leave,TR-49,9–10,Practitioner,Data Steward,A smaller footprint on purpose,"Aliases, minimal sign-ups and deleting the account you no longer use — shrinking the trail without leaving modern life. — at 9–10",Close one dormant account fully and document the steps so someone else could follow them.
CX-DIGITAL-0150,"Digital Life, Data & AI",Privacy and the trail you leave,TR-50,11–12,Lead,Data Steward,A smaller footprint on purpose,"Aliases, minimal sign-ups and deleting the account you no longer use — shrinking the trail without leaving modern life. — at 11–12",Close one dormant account fully and document the steps so someone else could follow them.
CX-DIGITAL-0151,"Digital Life, Data & AI","Working with AI: help, judgement and limits",AI-1,K–2,Explorer,AI Navigator,What the machine is actually doing,"Pattern, prediction and training data — a working model of how an AI system produces an answer, without the mathematics. — at K–2","Explain to someone else, with one concrete example, why an AI system can be fluent and wrong at the same time."
CX-DIGITAL-0152,"Digital Life, Data & AI","Working with AI: help, judgement and limits",AI-2,3–5,Explorer,AI Navigator,What the machine is actually doing,"Pattern, prediction and training data — a working model of how an AI system produces an answer, without the mathematics. — at 3–5","Explain to someone else, with one concrete example, why an AI system can be fluent and wrong at the same time."
CX-DIGITAL-0153,"Digital Life, Data & AI","Working with AI: help, judgement and limits",AI-3,6–8,Builder,AI Navigator,What the machine is actually doing,"Pattern, prediction and training data — a working model of how an AI system produces an answer, without the mathematics. — at 6–8","Explain to someone else, with one concrete example, why an AI system can be fluent and wrong at the same time."
CX-DIGITAL-0154,"Digital Life, Data & AI","Working with AI: help, judgement and limits",AI-4,9–10,Practitioner,AI Navigator,What the machine is actually doing,"Pattern, prediction and training data — a working model of how an AI system produces an answer, without the mathematics. — at 9–10","Explain to someone else, with one concrete example, why an AI system can be fluent and wrong at the same time."
CX-DIGITAL-0155,"Digital Life, Data & AI","Working with AI: help, judgement and limits",AI-5,11–12,Lead,AI Navigator,What the machine is actually doing,"Pattern, prediction and training data — a working model of how an AI system produces an answer, without the mathematics. — at 11–12","Explain to someone else, with one concrete example, why an AI system can be fluent and wrong at the same time."
CX-DIGITAL-0156,"Digital Life, Data & AI","Working with AI: help, judgement and limits",AI-6,K–2,Explorer,AI Navigator,The question shapes the answer,"Context, constraints and examples: asking in a way that gets useful work instead of confident filler. — at K–2","Take one real task, ask an AI twice — once vaguely, once well — and present both answers with the differences marked."
CX-DIGITAL-0157,"Digital Life, Data & AI","Working with AI: help, judgement and limits",AI-7,3–5,Explorer,AI Navigator,The question shapes the answer,"Context, constraints and examples: asking in a way that gets useful work instead of confident filler. — at 3–5","Take one real task, ask an AI twice — once vaguely, once well — and present both answers with the differences marked."
CX-DIGITAL-0158,"Digital Life, Data & AI","Working with AI: help, judgement and limits",AI-8,6–8,Builder,AI Navigator,The question shapes the answer,"Context, constraints and examples: asking in a way that gets useful work instead of confident filler. — at 6–8","Take one real task, ask an AI twice — once vaguely, once well — and present both answers with the differences marked."
CX-DIGITAL-0159,"Digital Life, Data & AI","Working with AI: help, judgement and limits",AI-9,9–10,Practitioner,AI Navigator,The question shapes the answer,"Context, constraints and examples: asking in a way that gets useful work instead of confident filler. — at 9–10","Take one real task, ask an AI twice — once vaguely, once well — and present both answers with the differences marked."
CX-DIGITAL-0160,"Digital Life, Data & AI","Working with AI: help, judgement and limits",AI-10,11–12,Lead,AI Navigator,The question shapes the answer,"Context, constraints and examples: asking in a way that gets useful work instead of confident filler. — at 11–12","Take one real task, ask an AI twice — once vaguely, once well — and present both answers with the differences marked."
CX-DIGITAL-0161,"Digital Life, Data & AI","Working with AI: help, judgement and limits",AI-11,K–2,Explorer,AI Navigator,Checking the machine's work,"Verification habits for facts, citations, code and arithmetic that come out of a model. — at K–2","Find and document one real error in an AI answer, and show the check that caught it."
CX-DIGITAL-0162,"Digital Life, Data & AI","Working with AI: help, judgement and limits",AI-12,3–5,Explorer,AI Navigator,Checking the machine's work,"Verification habits for facts, citations, code and arithmetic that come out of a model. — at 3–5","Find and document one real error in an AI answer, and show the check that caught it."
CX-DIGITAL-0163,"Digital Life, Data & AI","Working with AI: help, judgement and limits",AI-13,6–8,Builder,AI Navigator,Checking the machine's work,"Verification habits for facts, citations, code and arithmetic that come out of a model. — at 6–8","Find and document one real error in an AI answer, and show the check that caught it."
CX-DIGITAL-0164,"Digital Life, Data & AI","Working with AI: help, judgement and limits",AI-14,9–10,Practitioner,AI Navigator,Checking the machine's work,"Verification habits for facts, citations, code and arithmetic that come out of a model. — at 9–10","Find and document one real error in an AI answer, and show the check that caught it."
CX-DIGITAL-0165,"Digital Life, Data & AI","Working with AI: help, judgement and limits",AI-15,11–12,Lead,AI Navigator,Checking the machine's work,"Verification habits for facts, citations, code and arithmetic that come out of a model. — at 11–12","Find and document one real error in an AI answer, and show the check that caught it."
CX-DIGITAL-0166,"Digital Life, Data & AI","Working with AI: help, judgement and limits",AI-16,K–2,Explorer,AI Navigator,What not to paste into the box,"Secrets, other people's data and anything you could not stand to see again — what leaves your hands when you prompt. — at K–2",Write the do-not-paste list for your own life or workplace and apply it to three real prompts.
CX-DIGITAL-0167,"Digital Life, Data & AI","Working with AI: help, judgement and limits",AI-17,3–5,Explorer,AI Navigator,What not to paste into the box,"Secrets, other people's data and anything you could not stand to see again — what leaves your hands when you prompt. — at 3–5",Write the do-not-paste list for your own life or workplace and apply it to three real prompts.
CX-DIGITAL-0168,"Digital Life, Data & AI","Working with AI: help, judgement and limits",AI-18,6–8,Builder,AI Navigator,What not to paste into the box,"Secrets, other people's data and anything you could not stand to see again — what leaves your hands when you prompt. — at 6–8",Write the do-not-paste list for your own life or workplace and apply it to three real prompts.
CX-DIGITAL-0169,"Digital Life, Data & AI","Working with AI: help, judgement and limits",AI-19,9–10,Practitioner,AI Navigator,What not to paste into the box,"Secrets, other people's data and anything you could not stand to see again — what leaves your hands when you prompt. — at 9–10",Write the do-not-paste list for your own life or workplace and apply it to three real prompts.
CX-DIGITAL-0170,"Digital Life, Data & AI","Working with AI: help, judgement and limits",AI-20,11–12,Lead,AI Navigator,What not to paste into the box,"Secrets, other people's data and anything you could not stand to see again — what leaves your hands when you prompt. — at 11–12",Write the do-not-paste list for your own life or workplace and apply it to three real prompts.
CX-DIGITAL-0171,"Digital Life, Data & AI","Working with AI: help, judgement and limits",AI-21,K–2,Explorer,AI Navigator,Where AI already decides about you,"Feeds, prices, applications, moderation — the systems already scoring you, and which decisions you can appeal to a human. — at K–2",Identify two automated decisions that touched you this month and find the appeal or review path for one.
CX-DIGITAL-0172,"Digital Life, Data & AI","Working with AI: help, judgement and limits",AI-22,3–5,Explorer,AI Navigator,Where AI already decides about you,"Feeds, prices, applications, moderation — the systems already scoring you, and which decisions you can appeal to a human. — at 3–5",Identify two automated decisions that touched you this month and find the appeal or review path for one.
CX-DIGITAL-0173,"Digital Life, Data & AI","Working with AI: help, judgement and limits",AI-23,6–8,Builder,AI Navigator,Where AI already decides about you,"Feeds, prices, applications, moderation — the systems already scoring you, and which decisions you can appeal to a human. — at 6–8",Identify two automated decisions that touched you this month and find the appeal or review path for one.
CX-DIGITAL-0174,"Digital Life, Data & AI","Working with AI: help, judgement and limits",AI-24,9–10,Practitioner,AI Navigator,Where AI already decides about you,"Feeds, prices, applications, moderation — the systems already scoring you, and which decisions you can appeal to a human. — at 9–10",Identify two automated decisions that touched you this month and find the appeal or review path for one.
CX-DIGITAL-0175,"Digital Life, Data & AI","Working with AI: help, judgement and limits",AI-25,11–12,Lead,AI Navigator,Where AI already decides about you,"Feeds, prices, applications, moderation — the systems already scoring you, and which decisions you can appeal to a human. — at 11–12",Identify two automated decisions that touched you this month and find the appeal or review path for one.
CX-DIGITAL-0176,"Digital Life, Data & AI","Working with AI: help, judgement and limits",AI-26,K–2,Explorer,AI Navigator,Generated media and the shrinking proof,"Voices, faces and events that never happened — what deepfakes change about evidence, and the verification that still works. — at K–2","Given one suspect clip or image, run a provenance check and deliver a verdict with your reasoning."
CX-DIGITAL-0177,"Digital Life, Data & AI","Working with AI: help, judgement and limits",AI-27,3–5,Explorer,AI Navigator,Generated media and the shrinking proof,"Voices, faces and events that never happened — what deepfakes change about evidence, and the verification that still works. — at 3–5","Given one suspect clip or image, run a provenance check and deliver a verdict with your reasoning."
CX-DIGITAL-0178,"Digital Life, Data & AI","Working with AI: help, judgement and limits",AI-28,6–8,Builder,AI Navigator,Generated media and the shrinking proof,"Voices, faces and events that never happened — what deepfakes change about evidence, and the verification that still works. — at 6–8","Given one suspect clip or image, run a provenance check and deliver a verdict with your reasoning."
CX-DIGITAL-0179,"Digital Life, Data & AI","Working with AI: help, judgement and limits",AI-29,9–10,Practitioner,AI Navigator,Generated media and the shrinking proof,"Voices, faces and events that never happened — what deepfakes change about evidence, and the verification that still works. — at 9–10","Given one suspect clip or image, run a provenance check and deliver a verdict with your reasoning."
CX-DIGITAL-0180,"Digital Life, Data & AI","Working with AI: help, judgement and limits",AI-30,11–12,Lead,AI Navigator,Generated media and the shrinking proof,"Voices, faces and events that never happened — what deepfakes change about evidence, and the verification that still works. — at 11–12","Given one suspect clip or image, run a provenance check and deliver a verdict with your reasoning."
CX-DIGITAL-0181,"Digital Life, Data & AI","Working with AI: help, judgement and limits",AI-31,K–2,Explorer,AI Navigator,Doing your own work with the machine in the room,"The line between help and substitution in school and work, and how to use AI while still becoming good at the thing. — at K–2","For one real assignment or task, write the usage rule you followed and show what you did yourself and what the tool did."
CX-DIGITAL-0182,"Digital Life, Data & AI","Working with AI: help, judgement and limits",AI-32,3–5,Explorer,AI Navigator,Doing your own work with the machine in the room,"The line between help and substitution in school and work, and how to use AI while still becoming good at the thing. — at 3–5","For one real assignment or task, write the usage rule you followed and show what you did yourself and what the tool did."
CX-DIGITAL-0183,"Digital Life, Data & AI","Working with AI: help, judgement and limits",AI-33,6–8,Builder,AI Navigator,Doing your own work with the machine in the room,"The line between help and substitution in school and work, and how to use AI while still becoming good at the thing. — at 6–8","For one real assignment or task, write the usage rule you followed and show what you did yourself and what the tool did."
CX-DIGITAL-0184,"Digital Life, Data & AI","Working with AI: help, judgement and limits",AI-34,9–10,Practitioner,AI Navigator,Doing your own work with the machine in the room,"The line between help and substitution in school and work, and how to use AI while still becoming good at the thing. — at 9–10","For one real assignment or task, write the usage rule you followed and show what you did yourself and what the tool did."
CX-DIGITAL-0185,"Digital Life, Data & AI","Working with AI: help, judgement and limits",AI-35,11–12,Lead,AI Navigator,Doing your own work with the machine in the room,"The line between help and substitution in school and work, and how to use AI while still becoming good at the thing. — at 11–12","For one real assignment or task, write the usage rule you followed and show what you did yourself and what the tool did."
CX-DIGITAL-0186,"Digital Life, Data & AI","Working with AI: help, judgement and limits",AI-36,K–2,Explorer,AI Navigator,When the machine should not be alone,"Medical, legal, financial and safety calls: where AI output is a draft for a human, never the decision. — at K–2","Take one high-stakes question, get an AI answer, then show what a qualified human source added or corrected."
CX-DIGITAL-0187,"Digital Life, Data & AI","Working with AI: help, judgement and limits",AI-37,3–5,Explorer,AI Navigator,When the machine should not be alone,"Medical, legal, financial and safety calls: where AI output is a draft for a human, never the decision. — at 3–5","Take one high-stakes question, get an AI answer, then show what a qualified human source added or corrected."
CX-DIGITAL-0188,"Digital Life, Data & AI","Working with AI: help, judgement and limits",AI-38,6–8,Builder,AI Navigator,When the machine should not be alone,"Medical, legal, financial and safety calls: where AI output is a draft for a human, never the decision. — at 6–8","Take one high-stakes question, get an AI answer, then show what a qualified human source added or corrected."
CX-DIGITAL-0189,"Digital Life, Data & AI","Working with AI: help, judgement and limits",AI-39,9–10,Practitioner,AI Navigator,When the machine should not be alone,"Medical, legal, financial and safety calls: where AI output is a draft for a human, never the decision. — at 9–10","Take one high-stakes question, get an AI answer, then show what a qualified human source added or corrected."
CX-DIGITAL-0190,"Digital Life, Data & AI","Working with AI: help, judgement and limits",AI-40,11–12,Lead,AI Navigator,When the machine should not be alone,"Medical, legal, financial and safety calls: where AI output is a draft for a human, never the decision. — at 11–12","Take one high-stakes question, get an AI answer, then show what a qualified human source added or corrected."
CX-DIGITAL-0191,"Digital Life, Data & AI","Working with AI: help, judgement and limits",AI-41,K–2,Explorer,AI Navigator,The people inside the pipeline,"Data labellers, moderators, artists and authors — whose work trains a model and what fairness to them looks like. — at K–2","Trace one AI product to two kinds of human labour it depends on, with sources."
CX-DIGITAL-0192,"Digital Life, Data & AI","Working with AI: help, judgement and limits",AI-42,3–5,Explorer,AI Navigator,The people inside the pipeline,"Data labellers, moderators, artists and authors — whose work trains a model and what fairness to them looks like. — at 3–5","Trace one AI product to two kinds of human labour it depends on, with sources."
CX-DIGITAL-0193,"Digital Life, Data & AI","Working with AI: help, judgement and limits",AI-43,6–8,Builder,AI Navigator,The people inside the pipeline,"Data labellers, moderators, artists and authors — whose work trains a model and what fairness to them looks like. — at 6–8","Trace one AI product to two kinds of human labour it depends on, with sources."
CX-DIGITAL-0194,"Digital Life, Data & AI","Working with AI: help, judgement and limits",AI-44,9–10,Practitioner,AI Navigator,The people inside the pipeline,"Data labellers, moderators, artists and authors — whose work trains a model and what fairness to them looks like. — at 9–10","Trace one AI product to two kinds of human labour it depends on, with sources."
CX-DIGITAL-0195,"Digital Life, Data & AI","Working with AI: help, judgement and limits",AI-45,11–12,Lead,AI Navigator,The people inside the pipeline,"Data labellers, moderators, artists and authors — whose work trains a model and what fairness to them looks like. — at 11–12","Trace one AI product to two kinds of human labour it depends on, with sources."
CX-DIGITAL-0196,"Digital Life, Data & AI","Working with AI: help, judgement and limits",AI-46,K–2,Explorer,AI Navigator,Saying no to the tool,Tasks where the honest answer is not to automate — and how to decline well when the pressure is to use it anyway. — at K–2,"Name one real task you chose to do without AI, and defend the choice in a paragraph that convinces a sceptic."
CX-DIGITAL-0197,"Digital Life, Data & AI","Working with AI: help, judgement and limits",AI-47,3–5,Explorer,AI Navigator,Saying no to the tool,Tasks where the honest answer is not to automate — and how to decline well when the pressure is to use it anyway. — at 3–5,"Name one real task you chose to do without AI, and defend the choice in a paragraph that convinces a sceptic."
CX-DIGITAL-0198,"Digital Life, Data & AI","Working with AI: help, judgement and limits",AI-48,6–8,Builder,AI Navigator,Saying no to the tool,Tasks where the honest answer is not to automate — and how to decline well when the pressure is to use it anyway. — at 6–8,"Name one real task you chose to do without AI, and defend the choice in a paragraph that convinces a sceptic."
CX-DIGITAL-0199,"Digital Life, Data & AI","Working with AI: help, judgement and limits",AI-49,9–10,Practitioner,AI Navigator,Saying no to the tool,Tasks where the honest answer is not to automate — and how to decline well when the pressure is to use it anyway. — at 9–10,"Name one real task you chose to do without AI, and defend the choice in a paragraph that convinces a sceptic."
CX-DIGITAL-0200,"Digital Life, Data & AI","Working with AI: help, judgement and limits",AI-50,11–12,Lead,AI Navigator,Saying no to the tool,Tasks where the honest answer is not to automate — and how to decline well when the pressure is to use it anyway. — at 11–12,"Name one real task you chose to do without AI, and defend the choice in a paragraph that convinces a sceptic."
CX-DIGITAL-0201,"Digital Life, Data & AI","Being online together: conduct, harm and repair",CN-1,K–2,Explorer,Digital Neighbour,The person on the other end,"Why distance and screens loosen conduct, and the habits that keep a human in view when you type. — at K–2",Rewrite one real heated message — yours or a public one — so it could be said across a kitchen table.
CX-DIGITAL-0202,"Digital Life, Data & AI","Being online together: conduct, harm and repair",CN-2,3–5,Explorer,Digital Neighbour,The person on the other end,"Why distance and screens loosen conduct, and the habits that keep a human in view when you type. — at 3–5",Rewrite one real heated message — yours or a public one — so it could be said across a kitchen table.
CX-DIGITAL-0203,"Digital Life, Data & AI","Being online together: conduct, harm and repair",CN-3,6–8,Builder,Digital Neighbour,The person on the other end,"Why distance and screens loosen conduct, and the habits that keep a human in view when you type. — at 6–8",Rewrite one real heated message — yours or a public one — so it could be said across a kitchen table.
CX-DIGITAL-0204,"Digital Life, Data & AI","Being online together: conduct, harm and repair",CN-4,9–10,Practitioner,Digital Neighbour,The person on the other end,"Why distance and screens loosen conduct, and the habits that keep a human in view when you type. — at 9–10",Rewrite one real heated message — yours or a public one — so it could be said across a kitchen table.
CX-DIGITAL-0205,"Digital Life, Data & AI","Being online together: conduct, harm and repair",CN-5,11–12,Lead,Digital Neighbour,The person on the other end,"Why distance and screens loosen conduct, and the habits that keep a human in view when you type. — at 11–12",Rewrite one real heated message — yours or a public one — so it could be said across a kitchen table.
CX-DIGITAL-0206,"Digital Life, Data & AI","Being online together: conduct, harm and repair",CN-6,K–2,Explorer,Digital Neighbour,"Groups, chats and the rules nobody wrote","Norms in group chats, servers and comment sections: reading them fast and knowing which ones you can change. — at K–2","Write down the actual rules of one group you belong to, and confirm them against what happens there in practice."
CX-DIGITAL-0207,"Digital Life, Data & AI","Being online together: conduct, harm and repair",CN-7,3–5,Explorer,Digital Neighbour,"Groups, chats and the rules nobody wrote","Norms in group chats, servers and comment sections: reading them fast and knowing which ones you can change. — at 3–5","Write down the actual rules of one group you belong to, and confirm them against what happens there in practice."
CX-DIGITAL-0208,"Digital Life, Data & AI","Being online together: conduct, harm and repair",CN-8,6–8,Builder,Digital Neighbour,"Groups, chats and the rules nobody wrote","Norms in group chats, servers and comment sections: reading them fast and knowing which ones you can change. — at 6–8","Write down the actual rules of one group you belong to, and confirm them against what happens there in practice."
CX-DIGITAL-0209,"Digital Life, Data & AI","Being online together: conduct, harm and repair",CN-9,9–10,Practitioner,Digital Neighbour,"Groups, chats and the rules nobody wrote","Norms in group chats, servers and comment sections: reading them fast and knowing which ones you can change. — at 9–10","Write down the actual rules of one group you belong to, and confirm them against what happens there in practice."
CX-DIGITAL-0210,"Digital Life, Data & AI","Being online together: conduct, harm and repair",CN-10,11–12,Lead,Digital Neighbour,"Groups, chats and the rules nobody wrote","Norms in group chats, servers and comment sections: reading them fast and knowing which ones you can change. — at 11–12","Write down the actual rules of one group you belong to, and confirm them against what happens there in practice."
CX-DIGITAL-0211,"Digital Life, Data & AI","Being online together: conduct, harm and repair",CN-11,K–2,Explorer,Digital Neighbour,Harassment: naming it early,"The line between disagreement, pile-on and campaign, and why targets are told it is smaller than it is. — at K–2","Given one real or case-study thread, mark where it crossed the line and say what the first responder should have done."
CX-DIGITAL-0212,"Digital Life, Data & AI","Being online together: conduct, harm and repair",CN-12,3–5,Explorer,Digital Neighbour,Harassment: naming it early,"The line between disagreement, pile-on and campaign, and why targets are told it is smaller than it is. — at 3–5","Given one real or case-study thread, mark where it crossed the line and say what the first responder should have done."
CX-DIGITAL-0213,"Digital Life, Data & AI","Being online together: conduct, harm and repair",CN-13,6–8,Builder,Digital Neighbour,Harassment: naming it early,"The line between disagreement, pile-on and campaign, and why targets are told it is smaller than it is. — at 6–8","Given one real or case-study thread, mark where it crossed the line and say what the first responder should have done."
CX-DIGITAL-0214,"Digital Life, Data & AI","Being online together: conduct, harm and repair",CN-14,9–10,Practitioner,Digital Neighbour,Harassment: naming it early,"The line between disagreement, pile-on and campaign, and why targets are told it is smaller than it is. — at 9–10","Given one real or case-study thread, mark where it crossed the line and say what the first responder should have done."
CX-DIGITAL-0215,"Digital Life, Data & AI","Being online together: conduct, harm and repair",CN-15,11–12,Lead,Digital Neighbour,Harassment: naming it early,"The line between disagreement, pile-on and campaign, and why targets are told it is smaller than it is. — at 11–12","Given one real or case-study thread, mark where it crossed the line and say what the first responder should have done."
CX-DIGITAL-0216,"Digital Life, Data & AI","Being online together: conduct, harm and repair",CN-16,K–2,Explorer,Digital Neighbour,"Blocking, muting, reporting","The tools every platform hides in a different menu, what each one actually does, and when each is the right size. — at K–2","Demonstrate block, mute and report on a platform you use, and match each to a situation where it is the correct tool."
CX-DIGITAL-0217,"Digital Life, Data & AI","Being online together: conduct, harm and repair",CN-17,3–5,Explorer,Digital Neighbour,"Blocking, muting, reporting","The tools every platform hides in a different menu, what each one actually does, and when each is the right size. — at 3–5","Demonstrate block, mute and report on a platform you use, and match each to a situation where it is the correct tool."
CX-DIGITAL-0218,"Digital Life, Data & AI","Being online together: conduct, harm and repair",CN-18,6–8,Builder,Digital Neighbour,"Blocking, muting, reporting","The tools every platform hides in a different menu, what each one actually does, and when each is the right size. — at 6–8","Demonstrate block, mute and report on a platform you use, and match each to a situation where it is the correct tool."
CX-DIGITAL-0219,"Digital Life, Data & AI","Being online together: conduct, harm and repair",CN-19,9–10,Practitioner,Digital Neighbour,"Blocking, muting, reporting","The tools every platform hides in a different menu, what each one actually does, and when each is the right size. — at 9–10","Demonstrate block, mute and report on a platform you use, and match each to a situation where it is the correct tool."
CX-DIGITAL-0220,"Digital Life, Data & AI","Being online together: conduct, harm and repair",CN-20,11–12,Lead,Digital Neighbour,"Blocking, muting, reporting","The tools every platform hides in a different menu, what each one actually does, and when each is the right size. — at 11–12","Demonstrate block, mute and report on a platform you use, and match each to a situation where it is the correct tool."
CX-DIGITAL-0221,"Digital Life, Data & AI","Being online together: conduct, harm and repair",CN-21,K–2,Explorer,Digital Neighbour,Being the bystander who moves,"Documenting, checking on the target, refusing the amplification — what help looks like when the pile-on is happening. — at K–2","For one witnessed or case-study incident, carry out the bystander steps and record what you did and in what order."
CX-DIGITAL-0222,"Digital Life, Data & AI","Being online together: conduct, harm and repair",CN-22,3–5,Explorer,Digital Neighbour,Being the bystander who moves,"Documenting, checking on the target, refusing the amplification — what help looks like when the pile-on is happening. — at 3–5","For one witnessed or case-study incident, carry out the bystander steps and record what you did and in what order."
CX-DIGITAL-0223,"Digital Life, Data & AI","Being online together: conduct, harm and repair",CN-23,6–8,Builder,Digital Neighbour,Being the bystander who moves,"Documenting, checking on the target, refusing the amplification — what help looks like when the pile-on is happening. — at 6–8","For one witnessed or case-study incident, carry out the bystander steps and record what you did and in what order."
CX-DIGITAL-0224,"Digital Life, Data & AI","Being online together: conduct, harm and repair",CN-24,9–10,Practitioner,Digital Neighbour,Being the bystander who moves,"Documenting, checking on the target, refusing the amplification — what help looks like when the pile-on is happening. — at 9–10","For one witnessed or case-study incident, carry out the bystander steps and record what you did and in what order."
CX-DIGITAL-0225,"Digital Life, Data & AI","Being online together: conduct, harm and repair",CN-25,11–12,Lead,Digital Neighbour,Being the bystander who moves,"Documenting, checking on the target, refusing the amplification — what help looks like when the pile-on is happening. — at 11–12","For one witnessed or case-study incident, carry out the bystander steps and record what you did and in what order."
CX-DIGITAL-0226,"Digital Life, Data & AI","Being online together: conduct, harm and repair",CN-26,K–2,Explorer,Digital Neighbour,The mistake that is public forever,"Old posts, resurfaced jokes and the difference between accountability and permanent exile — for others and for your younger self. — at K–2","Audit your own oldest visible posts and decide, item by item, what stands, what goes, and what needs a public note."
CX-DIGITAL-0227,"Digital Life, Data & AI","Being online together: conduct, harm and repair",CN-27,3–5,Explorer,Digital Neighbour,The mistake that is public forever,"Old posts, resurfaced jokes and the difference between accountability and permanent exile — for others and for your younger self. — at 3–5","Audit your own oldest visible posts and decide, item by item, what stands, what goes, and what needs a public note."
CX-DIGITAL-0228,"Digital Life, Data & AI","Being online together: conduct, harm and repair",CN-28,6–8,Builder,Digital Neighbour,The mistake that is public forever,"Old posts, resurfaced jokes and the difference between accountability and permanent exile — for others and for your younger self. — at 6–8","Audit your own oldest visible posts and decide, item by item, what stands, what goes, and what needs a public note."
CX-DIGITAL-0229,"Digital Life, Data & AI","Being online together: conduct, harm and repair",CN-29,9–10,Practitioner,Digital Neighbour,The mistake that is public forever,"Old posts, resurfaced jokes and the difference between accountability and permanent exile — for others and for your younger self. — at 9–10","Audit your own oldest visible posts and decide, item by item, what stands, what goes, and what needs a public note."
CX-DIGITAL-0230,"Digital Life, Data & AI","Being online together: conduct, harm and repair",CN-30,11–12,Lead,Digital Neighbour,The mistake that is public forever,"Old posts, resurfaced jokes and the difference between accountability and permanent exile — for others and for your younger self. — at 11–12","Audit your own oldest visible posts and decide, item by item, what stands, what goes, and what needs a public note."
CX-DIGITAL-0231,"Digital Life, Data & AI","Being online together: conduct, harm and repair",CN-31,K–2,Explorer,Digital Neighbour,Arguing so it is worth it,"Steel-manning, asking one real question, and leaving a thread while it is still a conversation. — at K–2",Enter one genuine disagreement online and produce the exchange where you stated the other side to their satisfaction.
CX-DIGITAL-0232,"Digital Life, Data & AI","Being online together: conduct, harm and repair",CN-32,3–5,Explorer,Digital Neighbour,Arguing so it is worth it,"Steel-manning, asking one real question, and leaving a thread while it is still a conversation. — at 3–5",Enter one genuine disagreement online and produce the exchange where you stated the other side to their satisfaction.
CX-DIGITAL-0233,"Digital Life, Data & AI","Being online together: conduct, harm and repair",CN-33,6–8,Builder,Digital Neighbour,Arguing so it is worth it,"Steel-manning, asking one real question, and leaving a thread while it is still a conversation. — at 6–8",Enter one genuine disagreement online and produce the exchange where you stated the other side to their satisfaction.
CX-DIGITAL-0234,"Digital Life, Data & AI","Being online together: conduct, harm and repair",CN-34,9–10,Practitioner,Digital Neighbour,Arguing so it is worth it,"Steel-manning, asking one real question, and leaving a thread while it is still a conversation. — at 9–10",Enter one genuine disagreement online and produce the exchange where you stated the other side to their satisfaction.
CX-DIGITAL-0235,"Digital Life, Data & AI","Being online together: conduct, harm and repair",CN-35,11–12,Lead,Digital Neighbour,Arguing so it is worth it,"Steel-manning, asking one real question, and leaving a thread while it is still a conversation. — at 11–12",Enter one genuine disagreement online and produce the exchange where you stated the other side to their satisfaction.
CX-DIGITAL-0236,"Digital Life, Data & AI","Being online together: conduct, harm and repair",CN-36,K–2,Explorer,Digital Neighbour,"Money, strangers and the long con","Romance scams, fake marketplaces and investment 'friends' — the patience of online fraud and the tells across weeks. — at K–2",Map one documented long con onto a timeline and mark the three earliest moments it could have been caught.
CX-DIGITAL-0237,"Digital Life, Data & AI","Being online together: conduct, harm and repair",CN-37,3–5,Explorer,Digital Neighbour,"Money, strangers and the long con","Romance scams, fake marketplaces and investment 'friends' — the patience of online fraud and the tells across weeks. — at 3–5",Map one documented long con onto a timeline and mark the three earliest moments it could have been caught.
CX-DIGITAL-0238,"Digital Life, Data & AI","Being online together: conduct, harm and repair",CN-38,6–8,Builder,Digital Neighbour,"Money, strangers and the long con","Romance scams, fake marketplaces and investment 'friends' — the patience of online fraud and the tells across weeks. — at 6–8",Map one documented long con onto a timeline and mark the three earliest moments it could have been caught.
CX-DIGITAL-0239,"Digital Life, Data & AI","Being online together: conduct, harm and repair",CN-39,9–10,Practitioner,Digital Neighbour,"Money, strangers and the long con","Romance scams, fake marketplaces and investment 'friends' — the patience of online fraud and the tells across weeks. — at 9–10",Map one documented long con onto a timeline and mark the three earliest moments it could have been caught.
CX-DIGITAL-0240,"Digital Life, Data & AI","Being online together: conduct, harm and repair",CN-40,11–12,Lead,Digital Neighbour,"Money, strangers and the long con","Romance scams, fake marketplaces and investment 'friends' — the patience of online fraud and the tells across weeks. — at 11–12",Map one documented long con onto a timeline and mark the three earliest moments it could have been caught.
CX-DIGITAL-0241,"Digital Life, Data & AI","Being online together: conduct, harm and repair",CN-41,K–2,Explorer,Digital Neighbour,"Time, attention and the design against you","Streaks, autoplay and infinite scroll — mechanics built to keep you, and the counter-moves that give the hour back. — at K–2","Measure one week of your own use of one app, change one mechanic (off autoplay, no badges), and report the difference."
CX-DIGITAL-0242,"Digital Life, Data & AI","Being online together: conduct, harm and repair",CN-42,3–5,Explorer,Digital Neighbour,"Time, attention and the design against you","Streaks, autoplay and infinite scroll — mechanics built to keep you, and the counter-moves that give the hour back. — at 3–5","Measure one week of your own use of one app, change one mechanic (off autoplay, no badges), and report the difference."
CX-DIGITAL-0243,"Digital Life, Data & AI","Being online together: conduct, harm and repair",CN-43,6–8,Builder,Digital Neighbour,"Time, attention and the design against you","Streaks, autoplay and infinite scroll — mechanics built to keep you, and the counter-moves that give the hour back. — at 6–8","Measure one week of your own use of one app, change one mechanic (off autoplay, no badges), and report the difference."
CX-DIGITAL-0244,"Digital Life, Data & AI","Being online together: conduct, harm and repair",CN-44,9–10,Practitioner,Digital Neighbour,"Time, attention and the design against you","Streaks, autoplay and infinite scroll — mechanics built to keep you, and the counter-moves that give the hour back. — at 9–10","Measure one week of your own use of one app, change one mechanic (off autoplay, no badges), and report the difference."
CX-DIGITAL-0245,"Digital Life, Data & AI","Being online together: conduct, harm and repair",CN-45,11–12,Lead,Digital Neighbour,"Time, attention and the design against you","Streaks, autoplay and infinite scroll — mechanics built to keep you, and the counter-moves that give the hour back. — at 11–12","Measure one week of your own use of one app, change one mechanic (off autoplay, no badges), and report the difference."
CX-DIGITAL-0246,"Digital Life, Data & AI","Being online together: conduct, harm and repair",CN-46,K–2,Explorer,Digital Neighbour,Repairing harm you caused,"The apology that names the act, the correction that reaches the audience, and what repair looks like when deletion is not enough. — at K–2","For one real or rehearsed case where your post harmed someone, deliver the repair: named apology, correction to the same audience, and one changed habit."
CX-DIGITAL-0247,"Digital Life, Data & AI","Being online together: conduct, harm and repair",CN-47,3–5,Explorer,Digital Neighbour,Repairing harm you caused,"The apology that names the act, the correction that reaches the audience, and what repair looks like when deletion is not enough. — at 3–5","For one real or rehearsed case where your post harmed someone, deliver the repair: named apology, correction to the same audience, and one changed habit."
CX-DIGITAL-0248,"Digital Life, Data & AI","Being online together: conduct, harm and repair",CN-48,6–8,Builder,Digital Neighbour,Repairing harm you caused,"The apology that names the act, the correction that reaches the audience, and what repair looks like when deletion is not enough. — at 6–8","For one real or rehearsed case where your post harmed someone, deliver the repair: named apology, correction to the same audience, and one changed habit."
CX-DIGITAL-0249,"Digital Life, Data & AI","Being online together: conduct, harm and repair",CN-49,9–10,Practitioner,Digital Neighbour,Repairing harm you caused,"The apology that names the act, the correction that reaches the audience, and what repair looks like when deletion is not enough. — at 9–10","For one real or rehearsed case where your post harmed someone, deliver the repair: named apology, correction to the same audience, and one changed habit."
CX-DIGITAL-0250,"Digital Life, Data & AI","Being online together: conduct, harm and repair",CN-50,11–12,Lead,Digital Neighbour,Repairing harm you caused,"The apology that names the act, the correction that reaches the audience, and what repair looks like when deletion is not enough. — at 11–12","For one real or rehearsed case where your post harmed someone, deliver the repair: named apology, correction to the same audience, and one changed habit."
CX-EMERGENCY-0001,Emergency Preparedness & First Response,The household that is ready,HR-1,K–2,Explorer,Household Ready,The risks where you actually live,"Flood maps, fault lines, storm tracks and the industrial site up the road — replacing generic fear with your address's real risk list. — at K–2","Build the ranked hazard list for your own address from official maps and records, with the evidence for each entry."
CX-EMERGENCY-0002,Emergency Preparedness & First Response,The household that is ready,HR-2,3–5,Explorer,Household Ready,The risks where you actually live,"Flood maps, fault lines, storm tracks and the industrial site up the road — replacing generic fear with your address's real risk list. — at 3–5","Build the ranked hazard list for your own address from official maps and records, with the evidence for each entry."
CX-EMERGENCY-0003,Emergency Preparedness & First Response,The household that is ready,HR-3,6–8,Builder,Household Ready,The risks where you actually live,"Flood maps, fault lines, storm tracks and the industrial site up the road — replacing generic fear with your address's real risk list. — at 6–8","Build the ranked hazard list for your own address from official maps and records, with the evidence for each entry."
CX-EMERGENCY-0004,Emergency Preparedness & First Response,The household that is ready,HR-4,9–10,Practitioner,Household Ready,The risks where you actually live,"Flood maps, fault lines, storm tracks and the industrial site up the road — replacing generic fear with your address's real risk list. — at 9–10","Build the ranked hazard list for your own address from official maps and records, with the evidence for each entry."
CX-EMERGENCY-0005,Emergency Preparedness & First Response,The household that is ready,HR-5,11–12,Lead,Household Ready,The risks where you actually live,"Flood maps, fault lines, storm tracks and the industrial site up the road — replacing generic fear with your address's real risk list. — at 11–12","Build the ranked hazard list for your own address from official maps and records, with the evidence for each entry."
CX-EMERGENCY-0006,Emergency Preparedness & First Response,The household that is ready,HR-6,K–2,Explorer,Household Ready,Seventy-two hours on your own shelf,"Water, food, light, warmth, medication — the kit that keeps a household functional for three days, sized to the people actually in it. — at K–2","Assemble or audit a real 72-hour kit for your household's actual members, including the items lists always forget."
CX-EMERGENCY-0007,Emergency Preparedness & First Response,The household that is ready,HR-7,3–5,Explorer,Household Ready,Seventy-two hours on your own shelf,"Water, food, light, warmth, medication — the kit that keeps a household functional for three days, sized to the people actually in it. — at 3–5","Assemble or audit a real 72-hour kit for your household's actual members, including the items lists always forget."
CX-EMERGENCY-0008,Emergency Preparedness & First Response,The household that is ready,HR-8,6–8,Builder,Household Ready,Seventy-two hours on your own shelf,"Water, food, light, warmth, medication — the kit that keeps a household functional for three days, sized to the people actually in it. — at 6–8","Assemble or audit a real 72-hour kit for your household's actual members, including the items lists always forget."
CX-EMERGENCY-0009,Emergency Preparedness & First Response,The household that is ready,HR-9,9–10,Practitioner,Household Ready,Seventy-two hours on your own shelf,"Water, food, light, warmth, medication — the kit that keeps a household functional for three days, sized to the people actually in it. — at 9–10","Assemble or audit a real 72-hour kit for your household's actual members, including the items lists always forget."
CX-EMERGENCY-0010,Emergency Preparedness & First Response,The household that is ready,HR-10,11–12,Lead,Household Ready,Seventy-two hours on your own shelf,"Water, food, light, warmth, medication — the kit that keeps a household functional for three days, sized to the people actually in it. — at 11–12","Assemble or audit a real 72-hour kit for your household's actual members, including the items lists always forget."
CX-EMERGENCY-0011,Emergency Preparedness & First Response,The household that is ready,HR-11,K–2,Explorer,Household Ready,The grab bag and the ninety seconds,"Documents, medications, chargers, cash — what leaves the house with you when there is no time to choose. — at K–2","Pack a real grab bag, stage it, and run the ninety-second evacuation drill with it twice."
CX-EMERGENCY-0012,Emergency Preparedness & First Response,The household that is ready,HR-12,3–5,Explorer,Household Ready,The grab bag and the ninety seconds,"Documents, medications, chargers, cash — what leaves the house with you when there is no time to choose. — at 3–5","Pack a real grab bag, stage it, and run the ninety-second evacuation drill with it twice."
CX-EMERGENCY-0013,Emergency Preparedness & First Response,The household that is ready,HR-13,6–8,Builder,Household Ready,The grab bag and the ninety seconds,"Documents, medications, chargers, cash — what leaves the house with you when there is no time to choose. — at 6–8","Pack a real grab bag, stage it, and run the ninety-second evacuation drill with it twice."
CX-EMERGENCY-0014,Emergency Preparedness & First Response,The household that is ready,HR-14,9–10,Practitioner,Household Ready,The grab bag and the ninety seconds,"Documents, medications, chargers, cash — what leaves the house with you when there is no time to choose. — at 9–10","Pack a real grab bag, stage it, and run the ninety-second evacuation drill with it twice."
CX-EMERGENCY-0015,Emergency Preparedness & First Response,The household that is ready,HR-15,11–12,Lead,Household Ready,The grab bag and the ninety seconds,"Documents, medications, chargers, cash — what leaves the house with you when there is no time to choose. — at 11–12","Pack a real grab bag, stage it, and run the ninety-second evacuation drill with it twice."
CX-EMERGENCY-0016,Emergency Preparedness & First Response,The household that is ready,HR-16,K–2,Explorer,Household Ready,The family communication plan,"The out-of-area contact, the rally points, and how a separated household finds itself when networks are down or jammed. — at K–2",Write your household's communication plan on one card per person and test it with an unannounced check-in drill.
CX-EMERGENCY-0017,Emergency Preparedness & First Response,The household that is ready,HR-17,3–5,Explorer,Household Ready,The family communication plan,"The out-of-area contact, the rally points, and how a separated household finds itself when networks are down or jammed. — at 3–5",Write your household's communication plan on one card per person and test it with an unannounced check-in drill.
CX-EMERGENCY-0018,Emergency Preparedness & First Response,The household that is ready,HR-18,6–8,Builder,Household Ready,The family communication plan,"The out-of-area contact, the rally points, and how a separated household finds itself when networks are down or jammed. — at 6–8",Write your household's communication plan on one card per person and test it with an unannounced check-in drill.
CX-EMERGENCY-0019,Emergency Preparedness & First Response,The household that is ready,HR-19,9–10,Practitioner,Household Ready,The family communication plan,"The out-of-area contact, the rally points, and how a separated household finds itself when networks are down or jammed. — at 9–10",Write your household's communication plan on one card per person and test it with an unannounced check-in drill.
CX-EMERGENCY-0020,Emergency Preparedness & First Response,The household that is ready,HR-20,11–12,Lead,Household Ready,The family communication plan,"The out-of-area contact, the rally points, and how a separated household finds itself when networks are down or jammed. — at 11–12",Write your household's communication plan on one card per person and test it with an unannounced check-in drill.
CX-EMERGENCY-0021,Emergency Preparedness & First Response,The household that is ready,HR-21,K–2,Explorer,Household Ready,Water when the taps stop,"Storage amounts per person, the sources hiding in a home, and making questionable water drinkable. — at K–2","Locate and quantify every emergency water source in a real dwelling, and demonstrate one purification method correctly."
CX-EMERGENCY-0022,Emergency Preparedness & First Response,The household that is ready,HR-22,3–5,Explorer,Household Ready,Water when the taps stop,"Storage amounts per person, the sources hiding in a home, and making questionable water drinkable. — at 3–5","Locate and quantify every emergency water source in a real dwelling, and demonstrate one purification method correctly."
CX-EMERGENCY-0023,Emergency Preparedness & First Response,The household that is ready,HR-23,6–8,Builder,Household Ready,Water when the taps stop,"Storage amounts per person, the sources hiding in a home, and making questionable water drinkable. — at 6–8","Locate and quantify every emergency water source in a real dwelling, and demonstrate one purification method correctly."
CX-EMERGENCY-0024,Emergency Preparedness & First Response,The household that is ready,HR-24,9–10,Practitioner,Household Ready,Water when the taps stop,"Storage amounts per person, the sources hiding in a home, and making questionable water drinkable. — at 9–10","Locate and quantify every emergency water source in a real dwelling, and demonstrate one purification method correctly."
CX-EMERGENCY-0025,Emergency Preparedness & First Response,The household that is ready,HR-25,11–12,Lead,Household Ready,Water when the taps stop,"Storage amounts per person, the sources hiding in a home, and making questionable water drinkable. — at 11–12","Locate and quantify every emergency water source in a real dwelling, and demonstrate one purification method correctly."
CX-EMERGENCY-0026,Emergency Preparedness & First Response,The household that is ready,HR-26,K–2,Explorer,Household Ready,"Power down, house still working","Light, heat, cooking and phones through an outage — running the essentials safely without the grid, and the CO line never crossed. — at K–2","Run a two-hour household blackout drill covering light, one hot meal and phone charging, with every method used safely."
CX-EMERGENCY-0027,Emergency Preparedness & First Response,The household that is ready,HR-27,3–5,Explorer,Household Ready,"Power down, house still working","Light, heat, cooking and phones through an outage — running the essentials safely without the grid, and the CO line never crossed. — at 3–5","Run a two-hour household blackout drill covering light, one hot meal and phone charging, with every method used safely."
CX-EMERGENCY-0028,Emergency Preparedness & First Response,The household that is ready,HR-28,6–8,Builder,Household Ready,"Power down, house still working","Light, heat, cooking and phones through an outage — running the essentials safely without the grid, and the CO line never crossed. — at 6–8","Run a two-hour household blackout drill covering light, one hot meal and phone charging, with every method used safely."
CX-EMERGENCY-0029,Emergency Preparedness & First Response,The household that is ready,HR-29,9–10,Practitioner,Household Ready,"Power down, house still working","Light, heat, cooking and phones through an outage — running the essentials safely without the grid, and the CO line never crossed. — at 9–10","Run a two-hour household blackout drill covering light, one hot meal and phone charging, with every method used safely."
CX-EMERGENCY-0030,Emergency Preparedness & First Response,The household that is ready,HR-30,11–12,Lead,Household Ready,"Power down, house still working","Light, heat, cooking and phones through an outage — running the essentials safely without the grid, and the CO line never crossed. — at 11–12","Run a two-hour household blackout drill covering light, one hot meal and phone charging, with every method used safely."
CX-EMERGENCY-0031,Emergency Preparedness & First Response,The household that is ready,HR-31,K–2,Explorer,Household Ready,Documents that survive the disaster,"IDs, deeds, policies, prescriptions — the copies, the cloud, the sealed pouch, and proving who you are when the originals burned. — at K–2","Create the full document backup for a real household — physical copies staged, digital copies encrypted and reachable."
CX-EMERGENCY-0032,Emergency Preparedness & First Response,The household that is ready,HR-32,3–5,Explorer,Household Ready,Documents that survive the disaster,"IDs, deeds, policies, prescriptions — the copies, the cloud, the sealed pouch, and proving who you are when the originals burned. — at 3–5","Create the full document backup for a real household — physical copies staged, digital copies encrypted and reachable."
CX-EMERGENCY-0033,Emergency Preparedness & First Response,The household that is ready,HR-33,6–8,Builder,Household Ready,Documents that survive the disaster,"IDs, deeds, policies, prescriptions — the copies, the cloud, the sealed pouch, and proving who you are when the originals burned. — at 6–8","Create the full document backup for a real household — physical copies staged, digital copies encrypted and reachable."
CX-EMERGENCY-0034,Emergency Preparedness & First Response,The household that is ready,HR-34,9–10,Practitioner,Household Ready,Documents that survive the disaster,"IDs, deeds, policies, prescriptions — the copies, the cloud, the sealed pouch, and proving who you are when the originals burned. — at 9–10","Create the full document backup for a real household — physical copies staged, digital copies encrypted and reachable."
CX-EMERGENCY-0035,Emergency Preparedness & First Response,The household that is ready,HR-35,11–12,Lead,Household Ready,Documents that survive the disaster,"IDs, deeds, policies, prescriptions — the copies, the cloud, the sealed pouch, and proving who you are when the originals burned. — at 11–12","Create the full document backup for a real household — physical copies staged, digital copies encrypted and reachable."
CX-EMERGENCY-0036,Emergency Preparedness & First Response,The household that is ready,HR-36,K–2,Explorer,Household Ready,Pets and the beings who cannot pack,"Animals in evacuation: carriers, records, the shelters that take them and the ones that will not. — at K–2","Build the evacuation plan and kit for a real animal, and complete a timed load-and-go drill with it."
CX-EMERGENCY-0037,Emergency Preparedness & First Response,The household that is ready,HR-37,3–5,Explorer,Household Ready,Pets and the beings who cannot pack,"Animals in evacuation: carriers, records, the shelters that take them and the ones that will not. — at 3–5","Build the evacuation plan and kit for a real animal, and complete a timed load-and-go drill with it."
CX-EMERGENCY-0038,Emergency Preparedness & First Response,The household that is ready,HR-38,6–8,Builder,Household Ready,Pets and the beings who cannot pack,"Animals in evacuation: carriers, records, the shelters that take them and the ones that will not. — at 6–8","Build the evacuation plan and kit for a real animal, and complete a timed load-and-go drill with it."
CX-EMERGENCY-0039,Emergency Preparedness & First Response,The household that is ready,HR-39,9–10,Practitioner,Household Ready,Pets and the beings who cannot pack,"Animals in evacuation: carriers, records, the shelters that take them and the ones that will not. — at 9–10","Build the evacuation plan and kit for a real animal, and complete a timed load-and-go drill with it."
CX-EMERGENCY-0040,Emergency Preparedness & First Response,The household that is ready,HR-40,11–12,Lead,Household Ready,Pets and the beings who cannot pack,"Animals in evacuation: carriers, records, the shelters that take them and the ones that will not. — at 11–12","Build the evacuation plan and kit for a real animal, and complete a timed load-and-go drill with it."
CX-EMERGENCY-0041,Emergency Preparedness & First Response,The household that is ready,HR-41,K–2,Explorer,Household Ready,The neighbours in your plan,"The street-level map of who has skills, tools and needs — preparedness as a shared asset rather than a private bunker. — at K–2","Map your immediate neighbours' relevant skills, equipment and vulnerabilities (with consent), and agree one mutual commitment."
CX-EMERGENCY-0042,Emergency Preparedness & First Response,The household that is ready,HR-42,3–5,Explorer,Household Ready,The neighbours in your plan,"The street-level map of who has skills, tools and needs — preparedness as a shared asset rather than a private bunker. — at 3–5","Map your immediate neighbours' relevant skills, equipment and vulnerabilities (with consent), and agree one mutual commitment."
CX-EMERGENCY-0043,Emergency Preparedness & First Response,The household that is ready,HR-43,6–8,Builder,Household Ready,The neighbours in your plan,"The street-level map of who has skills, tools and needs — preparedness as a shared asset rather than a private bunker. — at 6–8","Map your immediate neighbours' relevant skills, equipment and vulnerabilities (with consent), and agree one mutual commitment."
CX-EMERGENCY-0044,Emergency Preparedness & First Response,The household that is ready,HR-44,9–10,Practitioner,Household Ready,The neighbours in your plan,"The street-level map of who has skills, tools and needs — preparedness as a shared asset rather than a private bunker. — at 9–10","Map your immediate neighbours' relevant skills, equipment and vulnerabilities (with consent), and agree one mutual commitment."
CX-EMERGENCY-0045,Emergency Preparedness & First Response,The household that is ready,HR-45,11–12,Lead,Household Ready,The neighbours in your plan,"The street-level map of who has skills, tools and needs — preparedness as a shared asset rather than a private bunker. — at 11–12","Map your immediate neighbours' relevant skills, equipment and vulnerabilities (with consent), and agree one mutual commitment."
CX-EMERGENCY-0046,Emergency Preparedness & First Response,The household that is ready,HR-46,K–2,Explorer,Household Ready,The drill calendar,"Why untested plans fail, rotating supplies before they expire, and the twice-yearly hour that keeps readiness real. — at K–2","Run a full household drill against your written plan, log every failure found, and fix the worst one the same week."
CX-EMERGENCY-0047,Emergency Preparedness & First Response,The household that is ready,HR-47,3–5,Explorer,Household Ready,The drill calendar,"Why untested plans fail, rotating supplies before they expire, and the twice-yearly hour that keeps readiness real. — at 3–5","Run a full household drill against your written plan, log every failure found, and fix the worst one the same week."
CX-EMERGENCY-0048,Emergency Preparedness & First Response,The household that is ready,HR-48,6–8,Builder,Household Ready,The drill calendar,"Why untested plans fail, rotating supplies before they expire, and the twice-yearly hour that keeps readiness real. — at 6–8","Run a full household drill against your written plan, log every failure found, and fix the worst one the same week."
CX-EMERGENCY-0049,Emergency Preparedness & First Response,The household that is ready,HR-49,9–10,Practitioner,Household Ready,The drill calendar,"Why untested plans fail, rotating supplies before they expire, and the twice-yearly hour that keeps readiness real. — at 9–10","Run a full household drill against your written plan, log every failure found, and fix the worst one the same week."
CX-EMERGENCY-0050,Emergency Preparedness & First Response,The household that is ready,HR-50,11–12,Lead,Household Ready,The drill calendar,"Why untested plans fail, rotating supplies before they expire, and the twice-yearly hour that keeps readiness real. — at 11–12","Run a full household drill against your written plan, log every failure found, and fix the worst one the same week."
CX-EMERGENCY-0051,Emergency Preparedness & First Response,First aid: the first ten minutes,FA-1,K–2,Explorer,First Responder (Lay),The scene before the patient,"Danger, response, airway — why rescuers become casualties, and the look-around that comes before the kneel-down. — at K–2","Approach three staged casualty scenes, verbalising the hazard check and the decision to proceed, stage, or wait for each."
CX-EMERGENCY-0052,Emergency Preparedness & First Response,First aid: the first ten minutes,FA-2,3–5,Explorer,First Responder (Lay),The scene before the patient,"Danger, response, airway — why rescuers become casualties, and the look-around that comes before the kneel-down. — at 3–5","Approach three staged casualty scenes, verbalising the hazard check and the decision to proceed, stage, or wait for each."
CX-EMERGENCY-0053,Emergency Preparedness & First Response,First aid: the first ten minutes,FA-3,6–8,Builder,First Responder (Lay),The scene before the patient,"Danger, response, airway — why rescuers become casualties, and the look-around that comes before the kneel-down. — at 6–8","Approach three staged casualty scenes, verbalising the hazard check and the decision to proceed, stage, or wait for each."
CX-EMERGENCY-0054,Emergency Preparedness & First Response,First aid: the first ten minutes,FA-4,9–10,Practitioner,First Responder (Lay),The scene before the patient,"Danger, response, airway — why rescuers become casualties, and the look-around that comes before the kneel-down. — at 9–10","Approach three staged casualty scenes, verbalising the hazard check and the decision to proceed, stage, or wait for each."
CX-EMERGENCY-0055,Emergency Preparedness & First Response,First aid: the first ten minutes,FA-5,11–12,Lead,First Responder (Lay),The scene before the patient,"Danger, response, airway — why rescuers become casualties, and the look-around that comes before the kneel-down. — at 11–12","Approach three staged casualty scenes, verbalising the hazard check and the decision to proceed, stage, or wait for each."
CX-EMERGENCY-0056,Emergency Preparedness & First Response,First aid: the first ten minutes,FA-6,K–2,Explorer,First Responder (Lay),The emergency call that works,"What the call-taker needs, in what order, and the location skills (addresses, apps, landmarks) that cut minutes off arrival. — at K–2","Complete a realistic mock emergency call scored against dispatch criteria, including conveying a precise location two ways."
CX-EMERGENCY-0057,Emergency Preparedness & First Response,First aid: the first ten minutes,FA-7,3–5,Explorer,First Responder (Lay),The emergency call that works,"What the call-taker needs, in what order, and the location skills (addresses, apps, landmarks) that cut minutes off arrival. — at 3–5","Complete a realistic mock emergency call scored against dispatch criteria, including conveying a precise location two ways."
CX-EMERGENCY-0058,Emergency Preparedness & First Response,First aid: the first ten minutes,FA-8,6–8,Builder,First Responder (Lay),The emergency call that works,"What the call-taker needs, in what order, and the location skills (addresses, apps, landmarks) that cut minutes off arrival. — at 6–8","Complete a realistic mock emergency call scored against dispatch criteria, including conveying a precise location two ways."
CX-EMERGENCY-0059,Emergency Preparedness & First Response,First aid: the first ten minutes,FA-9,9–10,Practitioner,First Responder (Lay),The emergency call that works,"What the call-taker needs, in what order, and the location skills (addresses, apps, landmarks) that cut minutes off arrival. — at 9–10","Complete a realistic mock emergency call scored against dispatch criteria, including conveying a precise location two ways."
CX-EMERGENCY-0060,Emergency Preparedness & First Response,First aid: the first ten minutes,FA-10,11–12,Lead,First Responder (Lay),The emergency call that works,"What the call-taker needs, in what order, and the location skills (addresses, apps, landmarks) that cut minutes off arrival. — at 11–12","Complete a realistic mock emergency call scored against dispatch criteria, including conveying a precise location two ways."
CX-EMERGENCY-0061,Emergency Preparedness & First Response,First aid: the first ten minutes,FA-11,K–2,Explorer,First Responder (Lay),The unconscious person who is breathing,"Checking response and breathing, the recovery position, and staying until handover. — at K–2","Demonstrate the full assessment and recovery position on a live volunteer, including the monitoring you keep doing."
CX-EMERGENCY-0062,Emergency Preparedness & First Response,First aid: the first ten minutes,FA-12,3–5,Explorer,First Responder (Lay),The unconscious person who is breathing,"Checking response and breathing, the recovery position, and staying until handover. — at 3–5","Demonstrate the full assessment and recovery position on a live volunteer, including the monitoring you keep doing."
CX-EMERGENCY-0063,Emergency Preparedness & First Response,First aid: the first ten minutes,FA-13,6–8,Builder,First Responder (Lay),The unconscious person who is breathing,"Checking response and breathing, the recovery position, and staying until handover. — at 6–8","Demonstrate the full assessment and recovery position on a live volunteer, including the monitoring you keep doing."
CX-EMERGENCY-0064,Emergency Preparedness & First Response,First aid: the first ten minutes,FA-14,9–10,Practitioner,First Responder (Lay),The unconscious person who is breathing,"Checking response and breathing, the recovery position, and staying until handover. — at 9–10","Demonstrate the full assessment and recovery position on a live volunteer, including the monitoring you keep doing."
CX-EMERGENCY-0065,Emergency Preparedness & First Response,First aid: the first ten minutes,FA-15,11–12,Lead,First Responder (Lay),The unconscious person who is breathing,"Checking response and breathing, the recovery position, and staying until handover. — at 11–12","Demonstrate the full assessment and recovery position on a live volunteer, including the monitoring you keep doing."
CX-EMERGENCY-0066,Emergency Preparedness & First Response,First aid: the first ten minutes,FA-16,K–2,Explorer,First Responder (Lay),CPR and the machine on the wall,"Compressions that are hard and fast enough, rescue breaths where trained, and using an AED with its voice as your guide. — at K–2","Perform two minutes of adequate-rate, adequate-depth compressions on a manikin and run a full AED sequence to shock/no-shock."
CX-EMERGENCY-0067,Emergency Preparedness & First Response,First aid: the first ten minutes,FA-17,3–5,Explorer,First Responder (Lay),CPR and the machine on the wall,"Compressions that are hard and fast enough, rescue breaths where trained, and using an AED with its voice as your guide. — at 3–5","Perform two minutes of adequate-rate, adequate-depth compressions on a manikin and run a full AED sequence to shock/no-shock."
CX-EMERGENCY-0068,Emergency Preparedness & First Response,First aid: the first ten minutes,FA-18,6–8,Builder,First Responder (Lay),CPR and the machine on the wall,"Compressions that are hard and fast enough, rescue breaths where trained, and using an AED with its voice as your guide. — at 6–8","Perform two minutes of adequate-rate, adequate-depth compressions on a manikin and run a full AED sequence to shock/no-shock."
CX-EMERGENCY-0069,Emergency Preparedness & First Response,First aid: the first ten minutes,FA-19,9–10,Practitioner,First Responder (Lay),CPR and the machine on the wall,"Compressions that are hard and fast enough, rescue breaths where trained, and using an AED with its voice as your guide. — at 9–10","Perform two minutes of adequate-rate, adequate-depth compressions on a manikin and run a full AED sequence to shock/no-shock."
CX-EMERGENCY-0070,Emergency Preparedness & First Response,First aid: the first ten minutes,FA-20,11–12,Lead,First Responder (Lay),CPR and the machine on the wall,"Compressions that are hard and fast enough, rescue breaths where trained, and using an AED with its voice as your guide. — at 11–12","Perform two minutes of adequate-rate, adequate-depth compressions on a manikin and run a full AED sequence to shock/no-shock."
CX-EMERGENCY-0071,Emergency Preparedness & First Response,First aid: the first ten minutes,FA-21,K–2,Explorer,First Responder (Lay),Choking,"The universal sign, back blows and abdominal thrusts, and the differences for infants and the pregnant. — at K–2","Demonstrate the complete choking protocol on adult and infant manikins, adapting correctly for each."
CX-EMERGENCY-0072,Emergency Preparedness & First Response,First aid: the first ten minutes,FA-22,3–5,Explorer,First Responder (Lay),Choking,"The universal sign, back blows and abdominal thrusts, and the differences for infants and the pregnant. — at 3–5","Demonstrate the complete choking protocol on adult and infant manikins, adapting correctly for each."
CX-EMERGENCY-0073,Emergency Preparedness & First Response,First aid: the first ten minutes,FA-23,6–8,Builder,First Responder (Lay),Choking,"The universal sign, back blows and abdominal thrusts, and the differences for infants and the pregnant. — at 6–8","Demonstrate the complete choking protocol on adult and infant manikins, adapting correctly for each."
CX-EMERGENCY-0074,Emergency Preparedness & First Response,First aid: the first ten minutes,FA-24,9–10,Practitioner,First Responder (Lay),Choking,"The universal sign, back blows and abdominal thrusts, and the differences for infants and the pregnant. — at 9–10","Demonstrate the complete choking protocol on adult and infant manikins, adapting correctly for each."
CX-EMERGENCY-0075,Emergency Preparedness & First Response,First aid: the first ten minutes,FA-25,11–12,Lead,First Responder (Lay),Choking,"The universal sign, back blows and abdominal thrusts, and the differences for infants and the pregnant. — at 11–12","Demonstrate the complete choking protocol on adult and infant manikins, adapting correctly for each."
CX-EMERGENCY-0076,Emergency Preparedness & First Response,First aid: the first ten minutes,FA-26,K–2,Explorer,First Responder (Lay),Bleeding you can see,"Pressure, elevation, packing and the tourniquet's honest place — stopping blood loss with what is in reach. — at K–2","Control three staged bleeds — minor, severe limb, junctional — choosing and applying the right technique for each."
CX-EMERGENCY-0077,Emergency Preparedness & First Response,First aid: the first ten minutes,FA-27,3–5,Explorer,First Responder (Lay),Bleeding you can see,"Pressure, elevation, packing and the tourniquet's honest place — stopping blood loss with what is in reach. — at 3–5","Control three staged bleeds — minor, severe limb, junctional — choosing and applying the right technique for each."
CX-EMERGENCY-0078,Emergency Preparedness & First Response,First aid: the first ten minutes,FA-28,6–8,Builder,First Responder (Lay),Bleeding you can see,"Pressure, elevation, packing and the tourniquet's honest place — stopping blood loss with what is in reach. — at 6–8","Control three staged bleeds — minor, severe limb, junctional — choosing and applying the right technique for each."
CX-EMERGENCY-0079,Emergency Preparedness & First Response,First aid: the first ten minutes,FA-29,9–10,Practitioner,First Responder (Lay),Bleeding you can see,"Pressure, elevation, packing and the tourniquet's honest place — stopping blood loss with what is in reach. — at 9–10","Control three staged bleeds — minor, severe limb, junctional — choosing and applying the right technique for each."
CX-EMERGENCY-0080,Emergency Preparedness & First Response,First aid: the first ten minutes,FA-30,11–12,Lead,First Responder (Lay),Bleeding you can see,"Pressure, elevation, packing and the tourniquet's honest place — stopping blood loss with what is in reach. — at 11–12","Control three staged bleeds — minor, severe limb, junctional — choosing and applying the right technique for each."
CX-EMERGENCY-0081,Emergency Preparedness & First Response,First aid: the first ten minutes,FA-31,K–2,Explorer,First Responder (Lay),"Burns, breaks and the injuries that wait badly","Cooling burns properly, immobilising suspected fractures, and the do-nots that make each worse. — at K–2","Manage one staged burn and one staged fracture end to end, stating what you will not do and why."
CX-EMERGENCY-0082,Emergency Preparedness & First Response,First aid: the first ten minutes,FA-32,3–5,Explorer,First Responder (Lay),"Burns, breaks and the injuries that wait badly","Cooling burns properly, immobilising suspected fractures, and the do-nots that make each worse. — at 3–5","Manage one staged burn and one staged fracture end to end, stating what you will not do and why."
CX-EMERGENCY-0083,Emergency Preparedness & First Response,First aid: the first ten minutes,FA-33,6–8,Builder,First Responder (Lay),"Burns, breaks and the injuries that wait badly","Cooling burns properly, immobilising suspected fractures, and the do-nots that make each worse. — at 6–8","Manage one staged burn and one staged fracture end to end, stating what you will not do and why."
CX-EMERGENCY-0084,Emergency Preparedness & First Response,First aid: the first ten minutes,FA-34,9–10,Practitioner,First Responder (Lay),"Burns, breaks and the injuries that wait badly","Cooling burns properly, immobilising suspected fractures, and the do-nots that make each worse. — at 9–10","Manage one staged burn and one staged fracture end to end, stating what you will not do and why."
CX-EMERGENCY-0085,Emergency Preparedness & First Response,First aid: the first ten minutes,FA-35,11–12,Lead,First Responder (Lay),"Burns, breaks and the injuries that wait badly","Cooling burns properly, immobilising suspected fractures, and the do-nots that make each worse. — at 11–12","Manage one staged burn and one staged fracture end to end, stating what you will not do and why."
CX-EMERGENCY-0086,Emergency Preparedness & First Response,First aid: the first ten minutes,FA-36,K–2,Explorer,First Responder (Lay),The medical emergencies,"Heart attack, stroke, seizure, severe allergy, diabetic collapse — recognising each fast and the one right action for each. — at K–2","From five scripted casualty presentations, identify each condition and perform or state its correct first response, including auto-injector use."
CX-EMERGENCY-0087,Emergency Preparedness & First Response,First aid: the first ten minutes,FA-37,3–5,Explorer,First Responder (Lay),The medical emergencies,"Heart attack, stroke, seizure, severe allergy, diabetic collapse — recognising each fast and the one right action for each. — at 3–5","From five scripted casualty presentations, identify each condition and perform or state its correct first response, including auto-injector use."
CX-EMERGENCY-0088,Emergency Preparedness & First Response,First aid: the first ten minutes,FA-38,6–8,Builder,First Responder (Lay),The medical emergencies,"Heart attack, stroke, seizure, severe allergy, diabetic collapse — recognising each fast and the one right action for each. — at 6–8","From five scripted casualty presentations, identify each condition and perform or state its correct first response, including auto-injector use."
CX-EMERGENCY-0089,Emergency Preparedness & First Response,First aid: the first ten minutes,FA-39,9–10,Practitioner,First Responder (Lay),The medical emergencies,"Heart attack, stroke, seizure, severe allergy, diabetic collapse — recognising each fast and the one right action for each. — at 9–10","From five scripted casualty presentations, identify each condition and perform or state its correct first response, including auto-injector use."
CX-EMERGENCY-0090,Emergency Preparedness & First Response,First aid: the first ten minutes,FA-40,11–12,Lead,First Responder (Lay),The medical emergencies,"Heart attack, stroke, seizure, severe allergy, diabetic collapse — recognising each fast and the one right action for each. — at 11–12","From five scripted casualty presentations, identify each condition and perform or state its correct first response, including auto-injector use."
CX-EMERGENCY-0091,Emergency Preparedness & First Response,First aid: the first ten minutes,FA-41,K–2,Explorer,First Responder (Lay),Little patients,"Children and infants: the doses, ratios and signs that differ, and keeping a frightened child workable. — at K–2","Adapt three adult protocols correctly to a child or infant manikin, and demonstrate one calming approach while treating."
CX-EMERGENCY-0092,Emergency Preparedness & First Response,First aid: the first ten minutes,FA-42,3–5,Explorer,First Responder (Lay),Little patients,"Children and infants: the doses, ratios and signs that differ, and keeping a frightened child workable. — at 3–5","Adapt three adult protocols correctly to a child or infant manikin, and demonstrate one calming approach while treating."
CX-EMERGENCY-0093,Emergency Preparedness & First Response,First aid: the first ten minutes,FA-43,6–8,Builder,First Responder (Lay),Little patients,"Children and infants: the doses, ratios and signs that differ, and keeping a frightened child workable. — at 6–8","Adapt three adult protocols correctly to a child or infant manikin, and demonstrate one calming approach while treating."
CX-EMERGENCY-0094,Emergency Preparedness & First Response,First aid: the first ten minutes,FA-44,9–10,Practitioner,First Responder (Lay),Little patients,"Children and infants: the doses, ratios and signs that differ, and keeping a frightened child workable. — at 9–10","Adapt three adult protocols correctly to a child or infant manikin, and demonstrate one calming approach while treating."
CX-EMERGENCY-0095,Emergency Preparedness & First Response,First aid: the first ten minutes,FA-45,11–12,Lead,First Responder (Lay),Little patients,"Children and infants: the doses, ratios and signs that differ, and keeping a frightened child workable. — at 11–12","Adapt three adult protocols correctly to a child or infant manikin, and demonstrate one calming approach while treating."
CX-EMERGENCY-0096,Emergency Preparedness & First Response,First aid: the first ten minutes,FA-46,K–2,Explorer,First Responder (Lay),The kit and the kit in your head,"Building a first-aid kit that matches your life, improvising when there is none, and the refresher rhythm that keeps skills alive. — at K–2","Assemble a first-aid kit for a named context (home, car, hike), justify every item, and treat one staged injury using improvised materials only."
CX-EMERGENCY-0097,Emergency Preparedness & First Response,First aid: the first ten minutes,FA-47,3–5,Explorer,First Responder (Lay),The kit and the kit in your head,"Building a first-aid kit that matches your life, improvising when there is none, and the refresher rhythm that keeps skills alive. — at 3–5","Assemble a first-aid kit for a named context (home, car, hike), justify every item, and treat one staged injury using improvised materials only."
CX-EMERGENCY-0098,Emergency Preparedness & First Response,First aid: the first ten minutes,FA-48,6–8,Builder,First Responder (Lay),The kit and the kit in your head,"Building a first-aid kit that matches your life, improvising when there is none, and the refresher rhythm that keeps skills alive. — at 6–8","Assemble a first-aid kit for a named context (home, car, hike), justify every item, and treat one staged injury using improvised materials only."
CX-EMERGENCY-0099,Emergency Preparedness & First Response,First aid: the first ten minutes,FA-49,9–10,Practitioner,First Responder (Lay),The kit and the kit in your head,"Building a first-aid kit that matches your life, improvising when there is none, and the refresher rhythm that keeps skills alive. — at 9–10","Assemble a first-aid kit for a named context (home, car, hike), justify every item, and treat one staged injury using improvised materials only."
CX-EMERGENCY-0100,Emergency Preparedness & First Response,First aid: the first ten minutes,FA-50,11–12,Lead,First Responder (Lay),The kit and the kit in your head,"Building a first-aid kit that matches your life, improvising when there is none, and the refresher rhythm that keeps skills alive. — at 11–12","Assemble a first-aid kit for a named context (home, car, hike), justify every item, and treat one staged injury using improvised materials only."
CX-EMERGENCY-0101,Emergency Preparedness & First Response,"Fire: prevention, escape, fighting small",FE-1,K–2,Explorer,Fire Warden (Home),How fires actually start at home,"Cooking, smoking, chargers, candles, heaters — the ignition league table and the habits behind each entry. — at K–2","Audit a real dwelling against the top ignition causes and eliminate or mitigate every finding, with photos."
CX-EMERGENCY-0102,Emergency Preparedness & First Response,"Fire: prevention, escape, fighting small",FE-2,3–5,Explorer,Fire Warden (Home),How fires actually start at home,"Cooking, smoking, chargers, candles, heaters — the ignition league table and the habits behind each entry. — at 3–5","Audit a real dwelling against the top ignition causes and eliminate or mitigate every finding, with photos."
CX-EMERGENCY-0103,Emergency Preparedness & First Response,"Fire: prevention, escape, fighting small",FE-3,6–8,Builder,Fire Warden (Home),How fires actually start at home,"Cooking, smoking, chargers, candles, heaters — the ignition league table and the habits behind each entry. — at 6–8","Audit a real dwelling against the top ignition causes and eliminate or mitigate every finding, with photos."
CX-EMERGENCY-0104,Emergency Preparedness & First Response,"Fire: prevention, escape, fighting small",FE-4,9–10,Practitioner,Fire Warden (Home),How fires actually start at home,"Cooking, smoking, chargers, candles, heaters — the ignition league table and the habits behind each entry. — at 9–10","Audit a real dwelling against the top ignition causes and eliminate or mitigate every finding, with photos."
CX-EMERGENCY-0105,Emergency Preparedness & First Response,"Fire: prevention, escape, fighting small",FE-5,11–12,Lead,Fire Warden (Home),How fires actually start at home,"Cooking, smoking, chargers, candles, heaters — the ignition league table and the habits behind each entry. — at 11–12","Audit a real dwelling against the top ignition causes and eliminate or mitigate every finding, with photos."
CX-EMERGENCY-0106,Emergency Preparedness & First Response,"Fire: prevention, escape, fighting small",FE-6,K–2,Explorer,Fire Warden (Home),The alarms that buy the minutes,"Smoke and heat detector types, where each belongs, and the dead battery that undoes it all. — at K–2","Verify correct type, placement and function of every alarm in a real dwelling, and fix or specify what is missing."
CX-EMERGENCY-0107,Emergency Preparedness & First Response,"Fire: prevention, escape, fighting small",FE-7,3–5,Explorer,Fire Warden (Home),The alarms that buy the minutes,"Smoke and heat detector types, where each belongs, and the dead battery that undoes it all. — at 3–5","Verify correct type, placement and function of every alarm in a real dwelling, and fix or specify what is missing."
CX-EMERGENCY-0108,Emergency Preparedness & First Response,"Fire: prevention, escape, fighting small",FE-8,6–8,Builder,Fire Warden (Home),The alarms that buy the minutes,"Smoke and heat detector types, where each belongs, and the dead battery that undoes it all. — at 6–8","Verify correct type, placement and function of every alarm in a real dwelling, and fix or specify what is missing."
CX-EMERGENCY-0109,Emergency Preparedness & First Response,"Fire: prevention, escape, fighting small",FE-9,9–10,Practitioner,Fire Warden (Home),The alarms that buy the minutes,"Smoke and heat detector types, where each belongs, and the dead battery that undoes it all. — at 9–10","Verify correct type, placement and function of every alarm in a real dwelling, and fix or specify what is missing."
CX-EMERGENCY-0110,Emergency Preparedness & First Response,"Fire: prevention, escape, fighting small",FE-10,11–12,Lead,Fire Warden (Home),The alarms that buy the minutes,"Smoke and heat detector types, where each belongs, and the dead battery that undoes it all. — at 11–12","Verify correct type, placement and function of every alarm in a real dwelling, and fix or specify what is missing."
CX-EMERGENCY-0111,Emergency Preparedness & First Response,"Fire: prevention, escape, fighting small",FE-11,K–2,Explorer,Fire Warden (Home),The escape plan with two ways out,"Routes, the smoke-low crawl, the closed-door discipline and the meeting point nobody re-enters from. — at K–2","Draw the two-route escape plan for a real dwelling and run the drill with its actual occupants, timed, including the meeting point."
CX-EMERGENCY-0112,Emergency Preparedness & First Response,"Fire: prevention, escape, fighting small",FE-12,3–5,Explorer,Fire Warden (Home),The escape plan with two ways out,"Routes, the smoke-low crawl, the closed-door discipline and the meeting point nobody re-enters from. — at 3–5","Draw the two-route escape plan for a real dwelling and run the drill with its actual occupants, timed, including the meeting point."
CX-EMERGENCY-0113,Emergency Preparedness & First Response,"Fire: prevention, escape, fighting small",FE-13,6–8,Builder,Fire Warden (Home),The escape plan with two ways out,"Routes, the smoke-low crawl, the closed-door discipline and the meeting point nobody re-enters from. — at 6–8","Draw the two-route escape plan for a real dwelling and run the drill with its actual occupants, timed, including the meeting point."
CX-EMERGENCY-0114,Emergency Preparedness & First Response,"Fire: prevention, escape, fighting small",FE-14,9–10,Practitioner,Fire Warden (Home),The escape plan with two ways out,"Routes, the smoke-low crawl, the closed-door discipline and the meeting point nobody re-enters from. — at 9–10","Draw the two-route escape plan for a real dwelling and run the drill with its actual occupants, timed, including the meeting point."
CX-EMERGENCY-0115,Emergency Preparedness & First Response,"Fire: prevention, escape, fighting small",FE-15,11–12,Lead,Fire Warden (Home),The escape plan with two ways out,"Routes, the smoke-low crawl, the closed-door discipline and the meeting point nobody re-enters from. — at 11–12","Draw the two-route escape plan for a real dwelling and run the drill with its actual occupants, timed, including the meeting point."
CX-EMERGENCY-0116,Emergency Preparedness & First Response,"Fire: prevention, escape, fighting small",FE-16,K–2,Explorer,Fire Warden (Home),"Fighting the small fire, fleeing the rest","Extinguisher classes, the pan fire and the fire blanket, and the honest size limit where fighting stops and leaving starts. — at K–2","Match extinguisher types to five fire scenarios, demonstrate the technique (live or simulated), and state your personal stop-and-go line."
CX-EMERGENCY-0117,Emergency Preparedness & First Response,"Fire: prevention, escape, fighting small",FE-17,3–5,Explorer,Fire Warden (Home),"Fighting the small fire, fleeing the rest","Extinguisher classes, the pan fire and the fire blanket, and the honest size limit where fighting stops and leaving starts. — at 3–5","Match extinguisher types to five fire scenarios, demonstrate the technique (live or simulated), and state your personal stop-and-go line."
CX-EMERGENCY-0118,Emergency Preparedness & First Response,"Fire: prevention, escape, fighting small",FE-18,6–8,Builder,Fire Warden (Home),"Fighting the small fire, fleeing the rest","Extinguisher classes, the pan fire and the fire blanket, and the honest size limit where fighting stops and leaving starts. — at 6–8","Match extinguisher types to five fire scenarios, demonstrate the technique (live or simulated), and state your personal stop-and-go line."
CX-EMERGENCY-0119,Emergency Preparedness & First Response,"Fire: prevention, escape, fighting small",FE-19,9–10,Practitioner,Fire Warden (Home),"Fighting the small fire, fleeing the rest","Extinguisher classes, the pan fire and the fire blanket, and the honest size limit where fighting stops and leaving starts. — at 9–10","Match extinguisher types to five fire scenarios, demonstrate the technique (live or simulated), and state your personal stop-and-go line."
CX-EMERGENCY-0120,Emergency Preparedness & First Response,"Fire: prevention, escape, fighting small",FE-20,11–12,Lead,Fire Warden (Home),"Fighting the small fire, fleeing the rest","Extinguisher classes, the pan fire and the fire blanket, and the honest size limit where fighting stops and leaving starts. — at 11–12","Match extinguisher types to five fire scenarios, demonstrate the technique (live or simulated), and state your personal stop-and-go line."
CX-EMERGENCY-0121,Emergency Preparedness & First Response,"Fire: prevention, escape, fighting small",FE-21,K–2,Explorer,Fire Warden (Home),Smoke: the actual killer,"What smoke does in minutes, why closed doors matter for hours, and surviving in a room you cannot leave. — at K–2","Demonstrate the trapped-in-room protocol — door checks, sealing, the window signal, the call — in a staged scenario."
CX-EMERGENCY-0122,Emergency Preparedness & First Response,"Fire: prevention, escape, fighting small",FE-22,3–5,Explorer,Fire Warden (Home),Smoke: the actual killer,"What smoke does in minutes, why closed doors matter for hours, and surviving in a room you cannot leave. — at 3–5","Demonstrate the trapped-in-room protocol — door checks, sealing, the window signal, the call — in a staged scenario."
CX-EMERGENCY-0123,Emergency Preparedness & First Response,"Fire: prevention, escape, fighting small",FE-23,6–8,Builder,Fire Warden (Home),Smoke: the actual killer,"What smoke does in minutes, why closed doors matter for hours, and surviving in a room you cannot leave. — at 6–8","Demonstrate the trapped-in-room protocol — door checks, sealing, the window signal, the call — in a staged scenario."
CX-EMERGENCY-0124,Emergency Preparedness & First Response,"Fire: prevention, escape, fighting small",FE-24,9–10,Practitioner,Fire Warden (Home),Smoke: the actual killer,"What smoke does in minutes, why closed doors matter for hours, and surviving in a room you cannot leave. — at 9–10","Demonstrate the trapped-in-room protocol — door checks, sealing, the window signal, the call — in a staged scenario."
CX-EMERGENCY-0125,Emergency Preparedness & First Response,"Fire: prevention, escape, fighting small",FE-25,11–12,Lead,Fire Warden (Home),Smoke: the actual killer,"What smoke does in minutes, why closed doors matter for hours, and surviving in a room you cannot leave. — at 11–12","Demonstrate the trapped-in-room protocol — door checks, sealing, the window signal, the call — in a staged scenario."
CX-EMERGENCY-0126,Emergency Preparedness & First Response,"Fire: prevention, escape, fighting small",FE-26,K–2,Explorer,Fire Warden (Home),The building bigger than your door,"Apartment blocks: stay-put versus evacuate policies, alarm systems, dry risers and why the policy differs by construction. — at K–2","Find and explain your own building's fire strategy, and state exactly what you would do for an alarm at 3 a.m. under it."
CX-EMERGENCY-0127,Emergency Preparedness & First Response,"Fire: prevention, escape, fighting small",FE-27,3–5,Explorer,Fire Warden (Home),The building bigger than your door,"Apartment blocks: stay-put versus evacuate policies, alarm systems, dry risers and why the policy differs by construction. — at 3–5","Find and explain your own building's fire strategy, and state exactly what you would do for an alarm at 3 a.m. under it."
CX-EMERGENCY-0128,Emergency Preparedness & First Response,"Fire: prevention, escape, fighting small",FE-28,6–8,Builder,Fire Warden (Home),The building bigger than your door,"Apartment blocks: stay-put versus evacuate policies, alarm systems, dry risers and why the policy differs by construction. — at 6–8","Find and explain your own building's fire strategy, and state exactly what you would do for an alarm at 3 a.m. under it."
CX-EMERGENCY-0129,Emergency Preparedness & First Response,"Fire: prevention, escape, fighting small",FE-29,9–10,Practitioner,Fire Warden (Home),The building bigger than your door,"Apartment blocks: stay-put versus evacuate policies, alarm systems, dry risers and why the policy differs by construction. — at 9–10","Find and explain your own building's fire strategy, and state exactly what you would do for an alarm at 3 a.m. under it."
CX-EMERGENCY-0130,Emergency Preparedness & First Response,"Fire: prevention, escape, fighting small",FE-30,11–12,Lead,Fire Warden (Home),The building bigger than your door,"Apartment blocks: stay-put versus evacuate policies, alarm systems, dry risers and why the policy differs by construction. — at 11–12","Find and explain your own building's fire strategy, and state exactly what you would do for an alarm at 3 a.m. under it."
CX-EMERGENCY-0131,Emergency Preparedness & First Response,"Fire: prevention, escape, fighting small",FE-31,K–2,Explorer,Fire Warden (Home),Wildfire at the edge of town,"Ember attack, defensible space, the leave-early principle and the go/no-go decision made before smoke is visible. — at K–2","Assess a real or case-study property's wildfire exposure, specify its defensible-space actions, and write its trigger-based leave plan."
CX-EMERGENCY-0132,Emergency Preparedness & First Response,"Fire: prevention, escape, fighting small",FE-32,3–5,Explorer,Fire Warden (Home),Wildfire at the edge of town,"Ember attack, defensible space, the leave-early principle and the go/no-go decision made before smoke is visible. — at 3–5","Assess a real or case-study property's wildfire exposure, specify its defensible-space actions, and write its trigger-based leave plan."
CX-EMERGENCY-0133,Emergency Preparedness & First Response,"Fire: prevention, escape, fighting small",FE-33,6–8,Builder,Fire Warden (Home),Wildfire at the edge of town,"Ember attack, defensible space, the leave-early principle and the go/no-go decision made before smoke is visible. — at 6–8","Assess a real or case-study property's wildfire exposure, specify its defensible-space actions, and write its trigger-based leave plan."
CX-EMERGENCY-0134,Emergency Preparedness & First Response,"Fire: prevention, escape, fighting small",FE-34,9–10,Practitioner,Fire Warden (Home),Wildfire at the edge of town,"Ember attack, defensible space, the leave-early principle and the go/no-go decision made before smoke is visible. — at 9–10","Assess a real or case-study property's wildfire exposure, specify its defensible-space actions, and write its trigger-based leave plan."
CX-EMERGENCY-0135,Emergency Preparedness & First Response,"Fire: prevention, escape, fighting small",FE-35,11–12,Lead,Fire Warden (Home),Wildfire at the edge of town,"Ember attack, defensible space, the leave-early principle and the go/no-go decision made before smoke is visible. — at 11–12","Assess a real or case-study property's wildfire exposure, specify its defensible-space actions, and write its trigger-based leave plan."
CX-EMERGENCY-0136,Emergency Preparedness & First Response,"Fire: prevention, escape, fighting small",FE-36,K–2,Explorer,Fire Warden (Home),After the fire,"Re-entry dangers, insurance documentation, and the recovery sequence for a household that just lost its rooms. — at K–2","Produce the first-72-hours checklist for a post-fire household — safety, claims evidence, shelter, records — from a case study."
CX-EMERGENCY-0137,Emergency Preparedness & First Response,"Fire: prevention, escape, fighting small",FE-37,3–5,Explorer,Fire Warden (Home),After the fire,"Re-entry dangers, insurance documentation, and the recovery sequence for a household that just lost its rooms. — at 3–5","Produce the first-72-hours checklist for a post-fire household — safety, claims evidence, shelter, records — from a case study."
CX-EMERGENCY-0138,Emergency Preparedness & First Response,"Fire: prevention, escape, fighting small",FE-38,6–8,Builder,Fire Warden (Home),After the fire,"Re-entry dangers, insurance documentation, and the recovery sequence for a household that just lost its rooms. — at 6–8","Produce the first-72-hours checklist for a post-fire household — safety, claims evidence, shelter, records — from a case study."
CX-EMERGENCY-0139,Emergency Preparedness & First Response,"Fire: prevention, escape, fighting small",FE-39,9–10,Practitioner,Fire Warden (Home),After the fire,"Re-entry dangers, insurance documentation, and the recovery sequence for a household that just lost its rooms. — at 9–10","Produce the first-72-hours checklist for a post-fire household — safety, claims evidence, shelter, records — from a case study."
CX-EMERGENCY-0140,Emergency Preparedness & First Response,"Fire: prevention, escape, fighting small",FE-40,11–12,Lead,Fire Warden (Home),After the fire,"Re-entry dangers, insurance documentation, and the recovery sequence for a household that just lost its rooms. — at 11–12","Produce the first-72-hours checklist for a post-fire household — safety, claims evidence, shelter, records — from a case study."
CX-EMERGENCY-0141,Emergency Preparedness & First Response,"Fire: prevention, escape, fighting small",FE-41,K–2,Explorer,Fire Warden (Home),Fire and the very young and very old,"Who dies in home fires and why — mobility, hearing, medication sleep — and adapting alarms, plans and drills to real occupants. — at K–2","Adapt a real dwelling's fire plan for a named occupant with impaired mobility, hearing or cognition, and test the adaptation."
CX-EMERGENCY-0142,Emergency Preparedness & First Response,"Fire: prevention, escape, fighting small",FE-42,3–5,Explorer,Fire Warden (Home),Fire and the very young and very old,"Who dies in home fires and why — mobility, hearing, medication sleep — and adapting alarms, plans and drills to real occupants. — at 3–5","Adapt a real dwelling's fire plan for a named occupant with impaired mobility, hearing or cognition, and test the adaptation."
CX-EMERGENCY-0143,Emergency Preparedness & First Response,"Fire: prevention, escape, fighting small",FE-43,6–8,Builder,Fire Warden (Home),Fire and the very young and very old,"Who dies in home fires and why — mobility, hearing, medication sleep — and adapting alarms, plans and drills to real occupants. — at 6–8","Adapt a real dwelling's fire plan for a named occupant with impaired mobility, hearing or cognition, and test the adaptation."
CX-EMERGENCY-0144,Emergency Preparedness & First Response,"Fire: prevention, escape, fighting small",FE-44,9–10,Practitioner,Fire Warden (Home),Fire and the very young and very old,"Who dies in home fires and why — mobility, hearing, medication sleep — and adapting alarms, plans and drills to real occupants. — at 9–10","Adapt a real dwelling's fire plan for a named occupant with impaired mobility, hearing or cognition, and test the adaptation."
CX-EMERGENCY-0145,Emergency Preparedness & First Response,"Fire: prevention, escape, fighting small",FE-45,11–12,Lead,Fire Warden (Home),Fire and the very young and very old,"Who dies in home fires and why — mobility, hearing, medication sleep — and adapting alarms, plans and drills to real occupants. — at 11–12","Adapt a real dwelling's fire plan for a named occupant with impaired mobility, hearing or cognition, and test the adaptation."
CX-EMERGENCY-0146,Emergency Preparedness & First Response,"Fire: prevention, escape, fighting small",FE-46,K–2,Explorer,Fire Warden (Home),Being the workplace or venue warden,"Sweep duties, refuge points, roll calls and the authority a high-vis vest carries when everyone else is deciding to finish their coffee. — at K–2","Act as warden in a real or staged evacuation: complete the sweep, manage the reluctant, and deliver the roll-call report."
CX-EMERGENCY-0147,Emergency Preparedness & First Response,"Fire: prevention, escape, fighting small",FE-47,3–5,Explorer,Fire Warden (Home),Being the workplace or venue warden,"Sweep duties, refuge points, roll calls and the authority a high-vis vest carries when everyone else is deciding to finish their coffee. — at 3–5","Act as warden in a real or staged evacuation: complete the sweep, manage the reluctant, and deliver the roll-call report."
CX-EMERGENCY-0148,Emergency Preparedness & First Response,"Fire: prevention, escape, fighting small",FE-48,6–8,Builder,Fire Warden (Home),Being the workplace or venue warden,"Sweep duties, refuge points, roll calls and the authority a high-vis vest carries when everyone else is deciding to finish their coffee. — at 6–8","Act as warden in a real or staged evacuation: complete the sweep, manage the reluctant, and deliver the roll-call report."
CX-EMERGENCY-0149,Emergency Preparedness & First Response,"Fire: prevention, escape, fighting small",FE-49,9–10,Practitioner,Fire Warden (Home),Being the workplace or venue warden,"Sweep duties, refuge points, roll calls and the authority a high-vis vest carries when everyone else is deciding to finish their coffee. — at 9–10","Act as warden in a real or staged evacuation: complete the sweep, manage the reluctant, and deliver the roll-call report."
CX-EMERGENCY-0150,Emergency Preparedness & First Response,"Fire: prevention, escape, fighting small",FE-50,11–12,Lead,Fire Warden (Home),Being the workplace or venue warden,"Sweep duties, refuge points, roll calls and the authority a high-vis vest carries when everyone else is deciding to finish their coffee. — at 11–12","Act as warden in a real or staged evacuation: complete the sweep, manage the reluctant, and deliver the roll-call report."
CX-EMERGENCY-0151,Emergency Preparedness & First Response,"When the ground, water or sky turns",NH-1,K–2,Explorer,Hazard Responder,Flood: the water that wins,"Flash versus river flood, the depths that move cars and people, and the property-level defences that actually help. — at K–2","Read your address's flood risk from official maps, and state the action sequence for a warning at each of three lead times."
CX-EMERGENCY-0152,Emergency Preparedness & First Response,"When the ground, water or sky turns",NH-2,3–5,Explorer,Hazard Responder,Flood: the water that wins,"Flash versus river flood, the depths that move cars and people, and the property-level defences that actually help. — at 3–5","Read your address's flood risk from official maps, and state the action sequence for a warning at each of three lead times."
CX-EMERGENCY-0153,Emergency Preparedness & First Response,"When the ground, water or sky turns",NH-3,6–8,Builder,Hazard Responder,Flood: the water that wins,"Flash versus river flood, the depths that move cars and people, and the property-level defences that actually help. — at 6–8","Read your address's flood risk from official maps, and state the action sequence for a warning at each of three lead times."
CX-EMERGENCY-0154,Emergency Preparedness & First Response,"When the ground, water or sky turns",NH-4,9–10,Practitioner,Hazard Responder,Flood: the water that wins,"Flash versus river flood, the depths that move cars and people, and the property-level defences that actually help. — at 9–10","Read your address's flood risk from official maps, and state the action sequence for a warning at each of three lead times."
CX-EMERGENCY-0155,Emergency Preparedness & First Response,"When the ground, water or sky turns",NH-5,11–12,Lead,Hazard Responder,Flood: the water that wins,"Flash versus river flood, the depths that move cars and people, and the property-level defences that actually help. — at 11–12","Read your address's flood risk from official maps, and state the action sequence for a warning at each of three lead times."
CX-EMERGENCY-0156,Emergency Preparedness & First Response,"When the ground, water or sky turns",NH-6,K–2,Explorer,Hazard Responder,Storm and wind,"What wind speeds do to roofs, trees and driving, the pre-storm hour list, and the shelter spots inside a home. — at K–2","Complete a real pre-storm property walk-around — securing, clearing, charging — and identify the safest internal refuge with reasons."
CX-EMERGENCY-0157,Emergency Preparedness & First Response,"When the ground, water or sky turns",NH-7,3–5,Explorer,Hazard Responder,Storm and wind,"What wind speeds do to roofs, trees and driving, the pre-storm hour list, and the shelter spots inside a home. — at 3–5","Complete a real pre-storm property walk-around — securing, clearing, charging — and identify the safest internal refuge with reasons."
CX-EMERGENCY-0158,Emergency Preparedness & First Response,"When the ground, water or sky turns",NH-8,6–8,Builder,Hazard Responder,Storm and wind,"What wind speeds do to roofs, trees and driving, the pre-storm hour list, and the shelter spots inside a home. — at 6–8","Complete a real pre-storm property walk-around — securing, clearing, charging — and identify the safest internal refuge with reasons."
CX-EMERGENCY-0159,Emergency Preparedness & First Response,"When the ground, water or sky turns",NH-9,9–10,Practitioner,Hazard Responder,Storm and wind,"What wind speeds do to roofs, trees and driving, the pre-storm hour list, and the shelter spots inside a home. — at 9–10","Complete a real pre-storm property walk-around — securing, clearing, charging — and identify the safest internal refuge with reasons."
CX-EMERGENCY-0160,Emergency Preparedness & First Response,"When the ground, water or sky turns",NH-10,11–12,Lead,Hazard Responder,Storm and wind,"What wind speeds do to roofs, trees and driving, the pre-storm hour list, and the shelter spots inside a home. — at 11–12","Complete a real pre-storm property walk-around — securing, clearing, charging — and identify the safest internal refuge with reasons."
CX-EMERGENCY-0161,Emergency Preparedness & First Response,"When the ground, water or sky turns",NH-11,K–2,Explorer,Hazard Responder,"Earthquake: drop, cover, hold on","What buildings do in shaking, the myths (doorways, running out), and the aftershock rules. — at K–2","Run the full drop-cover-hold drill in two different rooms, then perform the post-shake checks — gas, structure, exits — in order."
CX-EMERGENCY-0162,Emergency Preparedness & First Response,"When the ground, water or sky turns",NH-12,3–5,Explorer,Hazard Responder,"Earthquake: drop, cover, hold on","What buildings do in shaking, the myths (doorways, running out), and the aftershock rules. — at 3–5","Run the full drop-cover-hold drill in two different rooms, then perform the post-shake checks — gas, structure, exits — in order."
CX-EMERGENCY-0163,Emergency Preparedness & First Response,"When the ground, water or sky turns",NH-13,6–8,Builder,Hazard Responder,"Earthquake: drop, cover, hold on","What buildings do in shaking, the myths (doorways, running out), and the aftershock rules. — at 6–8","Run the full drop-cover-hold drill in two different rooms, then perform the post-shake checks — gas, structure, exits — in order."
CX-EMERGENCY-0164,Emergency Preparedness & First Response,"When the ground, water or sky turns",NH-14,9–10,Practitioner,Hazard Responder,"Earthquake: drop, cover, hold on","What buildings do in shaking, the myths (doorways, running out), and the aftershock rules. — at 9–10","Run the full drop-cover-hold drill in two different rooms, then perform the post-shake checks — gas, structure, exits — in order."
CX-EMERGENCY-0165,Emergency Preparedness & First Response,"When the ground, water or sky turns",NH-15,11–12,Lead,Hazard Responder,"Earthquake: drop, cover, hold on","What buildings do in shaking, the myths (doorways, running out), and the aftershock rules. — at 11–12","Run the full drop-cover-hold drill in two different rooms, then perform the post-shake checks — gas, structure, exits — in order."
CX-EMERGENCY-0166,Emergency Preparedness & First Response,"When the ground, water or sky turns",NH-16,K–2,Explorer,Hazard Responder,Heat that kills quietly,"Heatwave physiology, the rooms and hours that matter, and the neighbours on the checking list. — at K–2",Write and rehearse a heatwave plan for a real household including one vulnerable person's specific arrangements.
CX-EMERGENCY-0167,Emergency Preparedness & First Response,"When the ground, water or sky turns",NH-17,3–5,Explorer,Hazard Responder,Heat that kills quietly,"Heatwave physiology, the rooms and hours that matter, and the neighbours on the checking list. — at 3–5",Write and rehearse a heatwave plan for a real household including one vulnerable person's specific arrangements.
CX-EMERGENCY-0168,Emergency Preparedness & First Response,"When the ground, water or sky turns",NH-18,6–8,Builder,Hazard Responder,Heat that kills quietly,"Heatwave physiology, the rooms and hours that matter, and the neighbours on the checking list. — at 6–8",Write and rehearse a heatwave plan for a real household including one vulnerable person's specific arrangements.
CX-EMERGENCY-0169,Emergency Preparedness & First Response,"When the ground, water or sky turns",NH-19,9–10,Practitioner,Hazard Responder,Heat that kills quietly,"Heatwave physiology, the rooms and hours that matter, and the neighbours on the checking list. — at 9–10",Write and rehearse a heatwave plan for a real household including one vulnerable person's specific arrangements.
CX-EMERGENCY-0170,Emergency Preparedness & First Response,"When the ground, water or sky turns",NH-20,11–12,Lead,Hazard Responder,Heat that kills quietly,"Heatwave physiology, the rooms and hours that matter, and the neighbours on the checking list. — at 11–12",Write and rehearse a heatwave plan for a real household including one vulnerable person's specific arrangements.
CX-EMERGENCY-0171,Emergency Preparedness & First Response,"When the ground, water or sky turns",NH-21,K–2,Explorer,Hazard Responder,"Cold, snow and the iced-in week","Freezing pipes, stranded cars, carbon monoxide from improvised heating — the winter emergency's specific traps. — at K–2","Prepare a real car and home for a cold snap against a checklist, including the in-car survival kit demonstrated."
CX-EMERGENCY-0172,Emergency Preparedness & First Response,"When the ground, water or sky turns",NH-22,3–5,Explorer,Hazard Responder,"Cold, snow and the iced-in week","Freezing pipes, stranded cars, carbon monoxide from improvised heating — the winter emergency's specific traps. — at 3–5","Prepare a real car and home for a cold snap against a checklist, including the in-car survival kit demonstrated."
CX-EMERGENCY-0173,Emergency Preparedness & First Response,"When the ground, water or sky turns",NH-23,6–8,Builder,Hazard Responder,"Cold, snow and the iced-in week","Freezing pipes, stranded cars, carbon monoxide from improvised heating — the winter emergency's specific traps. — at 6–8","Prepare a real car and home for a cold snap against a checklist, including the in-car survival kit demonstrated."
CX-EMERGENCY-0174,Emergency Preparedness & First Response,"When the ground, water or sky turns",NH-24,9–10,Practitioner,Hazard Responder,"Cold, snow and the iced-in week","Freezing pipes, stranded cars, carbon monoxide from improvised heating — the winter emergency's specific traps. — at 9–10","Prepare a real car and home for a cold snap against a checklist, including the in-car survival kit demonstrated."
CX-EMERGENCY-0175,Emergency Preparedness & First Response,"When the ground, water or sky turns",NH-25,11–12,Lead,Hazard Responder,"Cold, snow and the iced-in week","Freezing pipes, stranded cars, carbon monoxide from improvised heating — the winter emergency's specific traps. — at 11–12","Prepare a real car and home for a cold snap against a checklist, including the in-car survival kit demonstrated."
CX-EMERGENCY-0176,Emergency Preparedness & First Response,"When the ground, water or sky turns",NH-26,K–2,Explorer,Hazard Responder,Lightning and the thirty-thirty rule,"Where lightning actually strikes people, the timing rules, and the safe and unsafe shelters. — at K–2","Given three outdoor scenarios with a building storm, state and justify the correct action and shelter for each."
CX-EMERGENCY-0177,Emergency Preparedness & First Response,"When the ground, water or sky turns",NH-27,3–5,Explorer,Hazard Responder,Lightning and the thirty-thirty rule,"Where lightning actually strikes people, the timing rules, and the safe and unsafe shelters. — at 3–5","Given three outdoor scenarios with a building storm, state and justify the correct action and shelter for each."
CX-EMERGENCY-0178,Emergency Preparedness & First Response,"When the ground, water or sky turns",NH-28,6–8,Builder,Hazard Responder,Lightning and the thirty-thirty rule,"Where lightning actually strikes people, the timing rules, and the safe and unsafe shelters. — at 6–8","Given three outdoor scenarios with a building storm, state and justify the correct action and shelter for each."
CX-EMERGENCY-0179,Emergency Preparedness & First Response,"When the ground, water or sky turns",NH-29,9–10,Practitioner,Hazard Responder,Lightning and the thirty-thirty rule,"Where lightning actually strikes people, the timing rules, and the safe and unsafe shelters. — at 9–10","Given three outdoor scenarios with a building storm, state and justify the correct action and shelter for each."
CX-EMERGENCY-0180,Emergency Preparedness & First Response,"When the ground, water or sky turns",NH-30,11–12,Lead,Hazard Responder,Lightning and the thirty-thirty rule,"Where lightning actually strikes people, the timing rules, and the safe and unsafe shelters. — at 11–12","Given three outdoor scenarios with a building storm, state and justify the correct action and shelter for each."
CX-EMERGENCY-0181,Emergency Preparedness & First Response,"When the ground, water or sky turns",NH-31,K–2,Explorer,Hazard Responder,"Landslip, sinkhole and the moving ground","Reading slopes and warning signs — cracks, leaning trees, sudden springs — and who to call before the road drops. — at K–2",Survey one real slope or cutting for instability indicators and file or draft the report to the responsible authority.
CX-EMERGENCY-0182,Emergency Preparedness & First Response,"When the ground, water or sky turns",NH-32,3–5,Explorer,Hazard Responder,"Landslip, sinkhole and the moving ground","Reading slopes and warning signs — cracks, leaning trees, sudden springs — and who to call before the road drops. — at 3–5",Survey one real slope or cutting for instability indicators and file or draft the report to the responsible authority.
CX-EMERGENCY-0183,Emergency Preparedness & First Response,"When the ground, water or sky turns",NH-33,6–8,Builder,Hazard Responder,"Landslip, sinkhole and the moving ground","Reading slopes and warning signs — cracks, leaning trees, sudden springs — and who to call before the road drops. — at 6–8",Survey one real slope or cutting for instability indicators and file or draft the report to the responsible authority.
CX-EMERGENCY-0184,Emergency Preparedness & First Response,"When the ground, water or sky turns",NH-34,9–10,Practitioner,Hazard Responder,"Landslip, sinkhole and the moving ground","Reading slopes and warning signs — cracks, leaning trees, sudden springs — and who to call before the road drops. — at 9–10",Survey one real slope or cutting for instability indicators and file or draft the report to the responsible authority.
CX-EMERGENCY-0185,Emergency Preparedness & First Response,"When the ground, water or sky turns",NH-35,11–12,Lead,Hazard Responder,"Landslip, sinkhole and the moving ground","Reading slopes and warning signs — cracks, leaning trees, sudden springs — and who to call before the road drops. — at 11–12",Survey one real slope or cutting for instability indicators and file or draft the report to the responsible authority.
CX-EMERGENCY-0186,Emergency Preparedness & First Response,"When the ground, water or sky turns",NH-36,K–2,Explorer,Hazard Responder,The hazardous release,"The overturned tanker, the chemical smell, the plume — shelter-in-place done properly versus the instinct to drive through it. — at K–2","Demonstrate full shelter-in-place for a staged airborne release — sealing, ventilation off, information channel on — in your own home."
CX-EMERGENCY-0187,Emergency Preparedness & First Response,"When the ground, water or sky turns",NH-37,3–5,Explorer,Hazard Responder,The hazardous release,"The overturned tanker, the chemical smell, the plume — shelter-in-place done properly versus the instinct to drive through it. — at 3–5","Demonstrate full shelter-in-place for a staged airborne release — sealing, ventilation off, information channel on — in your own home."
CX-EMERGENCY-0188,Emergency Preparedness & First Response,"When the ground, water or sky turns",NH-38,6–8,Builder,Hazard Responder,The hazardous release,"The overturned tanker, the chemical smell, the plume — shelter-in-place done properly versus the instinct to drive through it. — at 6–8","Demonstrate full shelter-in-place for a staged airborne release — sealing, ventilation off, information channel on — in your own home."
CX-EMERGENCY-0189,Emergency Preparedness & First Response,"When the ground, water or sky turns",NH-39,9–10,Practitioner,Hazard Responder,The hazardous release,"The overturned tanker, the chemical smell, the plume — shelter-in-place done properly versus the instinct to drive through it. — at 9–10","Demonstrate full shelter-in-place for a staged airborne release — sealing, ventilation off, information channel on — in your own home."
CX-EMERGENCY-0190,Emergency Preparedness & First Response,"When the ground, water or sky turns",NH-40,11–12,Lead,Hazard Responder,The hazardous release,"The overturned tanker, the chemical smell, the plume — shelter-in-place done properly versus the instinct to drive through it. — at 11–12","Demonstrate full shelter-in-place for a staged airborne release — sealing, ventilation off, information channel on — in your own home."
CX-EMERGENCY-0191,Emergency Preparedness & First Response,"When the ground, water or sky turns",NH-41,K–2,Explorer,Hazard Responder,Warnings and the words they use,"Watch versus warning, amber versus red, sirens and cell alerts — the official vocabulary and the action each word demands. — at K–2","Match your region's actual alert levels to required actions, and show where the warnings arrive on your own devices, tested."
CX-EMERGENCY-0192,Emergency Preparedness & First Response,"When the ground, water or sky turns",NH-42,3–5,Explorer,Hazard Responder,Warnings and the words they use,"Watch versus warning, amber versus red, sirens and cell alerts — the official vocabulary and the action each word demands. — at 3–5","Match your region's actual alert levels to required actions, and show where the warnings arrive on your own devices, tested."
CX-EMERGENCY-0193,Emergency Preparedness & First Response,"When the ground, water or sky turns",NH-43,6–8,Builder,Hazard Responder,Warnings and the words they use,"Watch versus warning, amber versus red, sirens and cell alerts — the official vocabulary and the action each word demands. — at 6–8","Match your region's actual alert levels to required actions, and show where the warnings arrive on your own devices, tested."
CX-EMERGENCY-0194,Emergency Preparedness & First Response,"When the ground, water or sky turns",NH-44,9–10,Practitioner,Hazard Responder,Warnings and the words they use,"Watch versus warning, amber versus red, sirens and cell alerts — the official vocabulary and the action each word demands. — at 9–10","Match your region's actual alert levels to required actions, and show where the warnings arrive on your own devices, tested."
CX-EMERGENCY-0195,Emergency Preparedness & First Response,"When the ground, water or sky turns",NH-45,11–12,Lead,Hazard Responder,Warnings and the words they use,"Watch versus warning, amber versus red, sirens and cell alerts — the official vocabulary and the action each word demands. — at 11–12","Match your region's actual alert levels to required actions, and show where the warnings arrive on your own devices, tested."
CX-EMERGENCY-0196,Emergency Preparedness & First Response,"When the ground, water or sky turns",NH-46,K–2,Explorer,Hazard Responder,Evacuation: leaving well,"Routes, timing, the full tank rule, and the decision discipline that leaves before the road jams. — at K–2","Plan two evacuation routes from your home to defined refuges, drive or trace both, and state your pre-committed leave triggers."
CX-EMERGENCY-0197,Emergency Preparedness & First Response,"When the ground, water or sky turns",NH-47,3–5,Explorer,Hazard Responder,Evacuation: leaving well,"Routes, timing, the full tank rule, and the decision discipline that leaves before the road jams. — at 3–5","Plan two evacuation routes from your home to defined refuges, drive or trace both, and state your pre-committed leave triggers."
CX-EMERGENCY-0198,Emergency Preparedness & First Response,"When the ground, water or sky turns",NH-48,6–8,Builder,Hazard Responder,Evacuation: leaving well,"Routes, timing, the full tank rule, and the decision discipline that leaves before the road jams. — at 6–8","Plan two evacuation routes from your home to defined refuges, drive or trace both, and state your pre-committed leave triggers."
CX-EMERGENCY-0199,Emergency Preparedness & First Response,"When the ground, water or sky turns",NH-49,9–10,Practitioner,Hazard Responder,Evacuation: leaving well,"Routes, timing, the full tank rule, and the decision discipline that leaves before the road jams. — at 9–10","Plan two evacuation routes from your home to defined refuges, drive or trace both, and state your pre-committed leave triggers."
CX-EMERGENCY-0200,Emergency Preparedness & First Response,"When the ground, water or sky turns",NH-50,11–12,Lead,Hazard Responder,Evacuation: leaving well,"Routes, timing, the full tank rule, and the decision discipline that leaves before the road jams. — at 11–12","Plan two evacuation routes from your home to defined refuges, drive or trace both, and state your pre-committed leave triggers."
CX-EMERGENCY-0201,Emergency Preparedness & First Response,Community response and recovery,CR-1,K–2,Explorer,Community Responder,Who responds: the system revealed,"Emergency services, civil protection, utilities, charities — who does what in a disaster and where the citizen fits. — at K–2","Map the actual response structure for your area — agencies, roles, activation — and identify the citizen-facing entry point of each."
CX-EMERGENCY-0202,Emergency Preparedness & First Response,Community response and recovery,CR-2,3–5,Explorer,Community Responder,Who responds: the system revealed,"Emergency services, civil protection, utilities, charities — who does what in a disaster and where the citizen fits. — at 3–5","Map the actual response structure for your area — agencies, roles, activation — and identify the citizen-facing entry point of each."
CX-EMERGENCY-0203,Emergency Preparedness & First Response,Community response and recovery,CR-3,6–8,Builder,Community Responder,Who responds: the system revealed,"Emergency services, civil protection, utilities, charities — who does what in a disaster and where the citizen fits. — at 6–8","Map the actual response structure for your area — agencies, roles, activation — and identify the citizen-facing entry point of each."
CX-EMERGENCY-0204,Emergency Preparedness & First Response,Community response and recovery,CR-4,9–10,Practitioner,Community Responder,Who responds: the system revealed,"Emergency services, civil protection, utilities, charities — who does what in a disaster and where the citizen fits. — at 9–10","Map the actual response structure for your area — agencies, roles, activation — and identify the citizen-facing entry point of each."
CX-EMERGENCY-0205,Emergency Preparedness & First Response,Community response and recovery,CR-5,11–12,Lead,Community Responder,Who responds: the system revealed,"Emergency services, civil protection, utilities, charities — who does what in a disaster and where the citizen fits. — at 11–12","Map the actual response structure for your area — agencies, roles, activation — and identify the citizen-facing entry point of each."
CX-EMERGENCY-0206,Emergency Preparedness & First Response,Community response and recovery,CR-6,K–2,Explorer,Community Responder,The spontaneous volunteer problem,"Why untasked helpers clog disasters, and the registered, trained routes by which help actually helps. — at K–2",Identify and complete registration (or its full application) with one recognised local response or resilience group.
CX-EMERGENCY-0207,Emergency Preparedness & First Response,Community response and recovery,CR-7,3–5,Explorer,Community Responder,The spontaneous volunteer problem,"Why untasked helpers clog disasters, and the registered, trained routes by which help actually helps. — at 3–5",Identify and complete registration (or its full application) with one recognised local response or resilience group.
CX-EMERGENCY-0208,Emergency Preparedness & First Response,Community response and recovery,CR-8,6–8,Builder,Community Responder,The spontaneous volunteer problem,"Why untasked helpers clog disasters, and the registered, trained routes by which help actually helps. — at 6–8",Identify and complete registration (or its full application) with one recognised local response or resilience group.
CX-EMERGENCY-0209,Emergency Preparedness & First Response,Community response and recovery,CR-9,9–10,Practitioner,Community Responder,The spontaneous volunteer problem,"Why untasked helpers clog disasters, and the registered, trained routes by which help actually helps. — at 9–10",Identify and complete registration (or its full application) with one recognised local response or resilience group.
CX-EMERGENCY-0210,Emergency Preparedness & First Response,Community response and recovery,CR-10,11–12,Lead,Community Responder,The spontaneous volunteer problem,"Why untasked helpers clog disasters, and the registered, trained routes by which help actually helps. — at 11–12",Identify and complete registration (or its full application) with one recognised local response or resilience group.
CX-EMERGENCY-0211,Emergency Preparedness & First Response,Community response and recovery,CR-11,K–2,Explorer,Community Responder,Psychological first aid,"Look, listen, link — steadying frightened people without therapy or platitudes, and the referrals beyond your role. — at K–2","Demonstrate psychological first aid in three role-played encounters — the panicked, the numb, the searching — with correct referral for each."
CX-EMERGENCY-0212,Emergency Preparedness & First Response,Community response and recovery,CR-12,3–5,Explorer,Community Responder,Psychological first aid,"Look, listen, link — steadying frightened people without therapy or platitudes, and the referrals beyond your role. — at 3–5","Demonstrate psychological first aid in three role-played encounters — the panicked, the numb, the searching — with correct referral for each."
CX-EMERGENCY-0213,Emergency Preparedness & First Response,Community response and recovery,CR-13,6–8,Builder,Community Responder,Psychological first aid,"Look, listen, link — steadying frightened people without therapy or platitudes, and the referrals beyond your role. — at 6–8","Demonstrate psychological first aid in three role-played encounters — the panicked, the numb, the searching — with correct referral for each."
CX-EMERGENCY-0214,Emergency Preparedness & First Response,Community response and recovery,CR-14,9–10,Practitioner,Community Responder,Psychological first aid,"Look, listen, link — steadying frightened people without therapy or platitudes, and the referrals beyond your role. — at 9–10","Demonstrate psychological first aid in three role-played encounters — the panicked, the numb, the searching — with correct referral for each."
CX-EMERGENCY-0215,Emergency Preparedness & First Response,Community response and recovery,CR-15,11–12,Lead,Community Responder,Psychological first aid,"Look, listen, link — steadying frightened people without therapy or platitudes, and the referrals beyond your role. — at 11–12","Demonstrate psychological first aid in three role-played encounters — the panicked, the numb, the searching — with correct referral for each."
CX-EMERGENCY-0216,Emergency Preparedness & First Response,Community response and recovery,CR-16,K–2,Explorer,Community Responder,The rest centre,"Running the hall where evacuees arrive: registration, needs triage, families kept together, and the quiet corner that matters. — at K–2","Set up and run (or fully exercise) a rest-centre reception for a staged intake of ten, with registration and needs triage completed."
CX-EMERGENCY-0217,Emergency Preparedness & First Response,Community response and recovery,CR-17,3–5,Explorer,Community Responder,The rest centre,"Running the hall where evacuees arrive: registration, needs triage, families kept together, and the quiet corner that matters. — at 3–5","Set up and run (or fully exercise) a rest-centre reception for a staged intake of ten, with registration and needs triage completed."
CX-EMERGENCY-0218,Emergency Preparedness & First Response,Community response and recovery,CR-18,6–8,Builder,Community Responder,The rest centre,"Running the hall where evacuees arrive: registration, needs triage, families kept together, and the quiet corner that matters. — at 6–8","Set up and run (or fully exercise) a rest-centre reception for a staged intake of ten, with registration and needs triage completed."
CX-EMERGENCY-0219,Emergency Preparedness & First Response,Community response and recovery,CR-19,9–10,Practitioner,Community Responder,The rest centre,"Running the hall where evacuees arrive: registration, needs triage, families kept together, and the quiet corner that matters. — at 9–10","Set up and run (or fully exercise) a rest-centre reception for a staged intake of ten, with registration and needs triage completed."
CX-EMERGENCY-0220,Emergency Preparedness & First Response,Community response and recovery,CR-20,11–12,Lead,Community Responder,The rest centre,"Running the hall where evacuees arrive: registration, needs triage, families kept together, and the quiet corner that matters. — at 11–12","Set up and run (or fully exercise) a rest-centre reception for a staged intake of ten, with registration and needs triage completed."
CX-EMERGENCY-0221,Emergency Preparedness & First Response,Community response and recovery,CR-21,K–2,Explorer,Community Responder,Information in the chaos,"Rumour dynamics in disasters, official channels, and being the neighbour who relays what is true rather than what is loud. — at K–2","During an exercise or case study, verify three circulating claims against official sources and publish the corrected summary."
CX-EMERGENCY-0222,Emergency Preparedness & First Response,Community response and recovery,CR-22,3–5,Explorer,Community Responder,Information in the chaos,"Rumour dynamics in disasters, official channels, and being the neighbour who relays what is true rather than what is loud. — at 3–5","During an exercise or case study, verify three circulating claims against official sources and publish the corrected summary."
CX-EMERGENCY-0223,Emergency Preparedness & First Response,Community response and recovery,CR-23,6–8,Builder,Community Responder,Information in the chaos,"Rumour dynamics in disasters, official channels, and being the neighbour who relays what is true rather than what is loud. — at 6–8","During an exercise or case study, verify three circulating claims against official sources and publish the corrected summary."
CX-EMERGENCY-0224,Emergency Preparedness & First Response,Community response and recovery,CR-24,9–10,Practitioner,Community Responder,Information in the chaos,"Rumour dynamics in disasters, official channels, and being the neighbour who relays what is true rather than what is loud. — at 9–10","During an exercise or case study, verify three circulating claims against official sources and publish the corrected summary."
CX-EMERGENCY-0225,Emergency Preparedness & First Response,Community response and recovery,CR-25,11–12,Lead,Community Responder,Information in the chaos,"Rumour dynamics in disasters, official channels, and being the neighbour who relays what is true rather than what is loud. — at 11–12","During an exercise or case study, verify three circulating claims against official sources and publish the corrected summary."
CX-EMERGENCY-0226,Emergency Preparedness & First Response,Community response and recovery,CR-26,K–2,Explorer,Community Responder,The damage assessment walk,"Recording what happened — structures, utilities, needs — in the form responders and insurers can actually use. — at K–2","Complete a structured damage assessment of a staged or historical scene, producing the standard-format report."
CX-EMERGENCY-0227,Emergency Preparedness & First Response,Community response and recovery,CR-27,3–5,Explorer,Community Responder,The damage assessment walk,"Recording what happened — structures, utilities, needs — in the form responders and insurers can actually use. — at 3–5","Complete a structured damage assessment of a staged or historical scene, producing the standard-format report."
CX-EMERGENCY-0228,Emergency Preparedness & First Response,Community response and recovery,CR-28,6–8,Builder,Community Responder,The damage assessment walk,"Recording what happened — structures, utilities, needs — in the form responders and insurers can actually use. — at 6–8","Complete a structured damage assessment of a staged or historical scene, producing the standard-format report."
CX-EMERGENCY-0229,Emergency Preparedness & First Response,Community response and recovery,CR-29,9–10,Practitioner,Community Responder,The damage assessment walk,"Recording what happened — structures, utilities, needs — in the form responders and insurers can actually use. — at 9–10","Complete a structured damage assessment of a staged or historical scene, producing the standard-format report."
CX-EMERGENCY-0230,Emergency Preparedness & First Response,Community response and recovery,CR-30,11–12,Lead,Community Responder,The damage assessment walk,"Recording what happened — structures, utilities, needs — in the form responders and insurers can actually use. — at 11–12","Complete a structured damage assessment of a staged or historical scene, producing the standard-format report."
CX-EMERGENCY-0231,Emergency Preparedness & First Response,Community response and recovery,CR-31,K–2,Explorer,Community Responder,Vulnerable people in the emergency,"The registers, the door-knock lists and the housebound — how communities make sure the flood does not sort by mobility. — at K–2",Build the (consented) support map for one street's vulnerable residents and the check-in protocol that activates in an event.
CX-EMERGENCY-0232,Emergency Preparedness & First Response,Community response and recovery,CR-32,3–5,Explorer,Community Responder,Vulnerable people in the emergency,"The registers, the door-knock lists and the housebound — how communities make sure the flood does not sort by mobility. — at 3–5",Build the (consented) support map for one street's vulnerable residents and the check-in protocol that activates in an event.
CX-EMERGENCY-0233,Emergency Preparedness & First Response,Community response and recovery,CR-33,6–8,Builder,Community Responder,Vulnerable people in the emergency,"The registers, the door-knock lists and the housebound — how communities make sure the flood does not sort by mobility. — at 6–8",Build the (consented) support map for one street's vulnerable residents and the check-in protocol that activates in an event.
CX-EMERGENCY-0234,Emergency Preparedness & First Response,Community response and recovery,CR-34,9–10,Practitioner,Community Responder,Vulnerable people in the emergency,"The registers, the door-knock lists and the housebound — how communities make sure the flood does not sort by mobility. — at 9–10",Build the (consented) support map for one street's vulnerable residents and the check-in protocol that activates in an event.
CX-EMERGENCY-0235,Emergency Preparedness & First Response,Community response and recovery,CR-35,11–12,Lead,Community Responder,Vulnerable people in the emergency,"The registers, the door-knock lists and the housebound — how communities make sure the flood does not sort by mobility. — at 11–12",Build the (consented) support map for one street's vulnerable residents and the check-in protocol that activates in an event.
CX-EMERGENCY-0236,Emergency Preparedness & First Response,Community response and recovery,CR-36,K–2,Explorer,Community Responder,The recovery marathon,"After the cameras leave: claims, rebuilding, the long tail of displacement, and pacing a community's return. — at K–2","From one documented disaster, chart its recovery timeline against needs, and identify the two support gaps that appeared at month three."
CX-EMERGENCY-0237,Emergency Preparedness & First Response,Community response and recovery,CR-37,3–5,Explorer,Community Responder,The recovery marathon,"After the cameras leave: claims, rebuilding, the long tail of displacement, and pacing a community's return. — at 3–5","From one documented disaster, chart its recovery timeline against needs, and identify the two support gaps that appeared at month three."
CX-EMERGENCY-0238,Emergency Preparedness & First Response,Community response and recovery,CR-38,6–8,Builder,Community Responder,The recovery marathon,"After the cameras leave: claims, rebuilding, the long tail of displacement, and pacing a community's return. — at 6–8","From one documented disaster, chart its recovery timeline against needs, and identify the two support gaps that appeared at month three."
CX-EMERGENCY-0239,Emergency Preparedness & First Response,Community response and recovery,CR-39,9–10,Practitioner,Community Responder,The recovery marathon,"After the cameras leave: claims, rebuilding, the long tail of displacement, and pacing a community's return. — at 9–10","From one documented disaster, chart its recovery timeline against needs, and identify the two support gaps that appeared at month three."
CX-EMERGENCY-0240,Emergency Preparedness & First Response,Community response and recovery,CR-40,11–12,Lead,Community Responder,The recovery marathon,"After the cameras leave: claims, rebuilding, the long tail of displacement, and pacing a community's return. — at 11–12","From one documented disaster, chart its recovery timeline against needs, and identify the two support gaps that appeared at month three."
CX-EMERGENCY-0241,Emergency Preparedness & First Response,Community response and recovery,CR-41,K–2,Explorer,Community Responder,Learning from the event,"Debriefs without blame, the report that changes procedure, and the drill updated because of what actually happened. — at K–2","Run a structured debrief of a real drill or event, extract three actionable lessons, and change one written plan accordingly."
CX-EMERGENCY-0242,Emergency Preparedness & First Response,Community response and recovery,CR-42,3–5,Explorer,Community Responder,Learning from the event,"Debriefs without blame, the report that changes procedure, and the drill updated because of what actually happened. — at 3–5","Run a structured debrief of a real drill or event, extract three actionable lessons, and change one written plan accordingly."
CX-EMERGENCY-0243,Emergency Preparedness & First Response,Community response and recovery,CR-43,6–8,Builder,Community Responder,Learning from the event,"Debriefs without blame, the report that changes procedure, and the drill updated because of what actually happened. — at 6–8","Run a structured debrief of a real drill or event, extract three actionable lessons, and change one written plan accordingly."
CX-EMERGENCY-0244,Emergency Preparedness & First Response,Community response and recovery,CR-44,9–10,Practitioner,Community Responder,Learning from the event,"Debriefs without blame, the report that changes procedure, and the drill updated because of what actually happened. — at 9–10","Run a structured debrief of a real drill or event, extract three actionable lessons, and change one written plan accordingly."
CX-EMERGENCY-0245,Emergency Preparedness & First Response,Community response and recovery,CR-45,11–12,Lead,Community Responder,Learning from the event,"Debriefs without blame, the report that changes procedure, and the drill updated because of what actually happened. — at 11–12","Run a structured debrief of a real drill or event, extract three actionable lessons, and change one written plan accordingly."
CX-EMERGENCY-0246,Emergency Preparedness & First Response,Community response and recovery,CR-46,K–2,Explorer,Community Responder,Building the resilient community,From prepared households to a prepared street to a town with a plan — the organising work between emergencies. — at K–2,"Organise or advance one concrete community resilience action — a street meeting, a shared equipment list, a plan adopted — with evidence."
CX-EMERGENCY-0247,Emergency Preparedness & First Response,Community response and recovery,CR-47,3–5,Explorer,Community Responder,Building the resilient community,From prepared households to a prepared street to a town with a plan — the organising work between emergencies. — at 3–5,"Organise or advance one concrete community resilience action — a street meeting, a shared equipment list, a plan adopted — with evidence."
CX-EMERGENCY-0248,Emergency Preparedness & First Response,Community response and recovery,CR-48,6–8,Builder,Community Responder,Building the resilient community,From prepared households to a prepared street to a town with a plan — the organising work between emergencies. — at 6–8,"Organise or advance one concrete community resilience action — a street meeting, a shared equipment list, a plan adopted — with evidence."
CX-EMERGENCY-0249,Emergency Preparedness & First Response,Community response and recovery,CR-49,9–10,Practitioner,Community Responder,Building the resilient community,From prepared households to a prepared street to a town with a plan — the organising work between emergencies. — at 9–10,"Organise or advance one concrete community resilience action — a street meeting, a shared equipment list, a plan adopted — with evidence."
CX-EMERGENCY-0250,Emergency Preparedness & First Response,Community response and recovery,CR-50,11–12,Lead,Community Responder,Building the resilient community,From prepared households to a prepared street to a town with a plan — the organising work between emergencies. — at 11–12,"Organise or advance one concrete community resilience action — a street meeting, a shared equipment list, a plan adopted — with evidence."
CX-ENERGY-0001,"Energy, Grid & the Home",Electricity and the house that carries it,EL-1,K–2,Explorer,Home Circuit Reader,The path from pole to plug,"Service line, meter, panel, circuit, outlet — the one-way street electricity takes into a home. — at K–2","Trace and sketch the actual path from your building's meter to one outlet, naming each stage you can safely observe."
CX-ENERGY-0002,"Energy, Grid & the Home",Electricity and the house that carries it,EL-2,3–5,Explorer,Home Circuit Reader,The path from pole to plug,"Service line, meter, panel, circuit, outlet — the one-way street electricity takes into a home. — at 3–5","Trace and sketch the actual path from your building's meter to one outlet, naming each stage you can safely observe."
CX-ENERGY-0003,"Energy, Grid & the Home",Electricity and the house that carries it,EL-3,6–8,Builder,Home Circuit Reader,The path from pole to plug,"Service line, meter, panel, circuit, outlet — the one-way street electricity takes into a home. — at 6–8","Trace and sketch the actual path from your building's meter to one outlet, naming each stage you can safely observe."
CX-ENERGY-0004,"Energy, Grid & the Home",Electricity and the house that carries it,EL-4,9–10,Practitioner,Home Circuit Reader,The path from pole to plug,"Service line, meter, panel, circuit, outlet — the one-way street electricity takes into a home. — at 9–10","Trace and sketch the actual path from your building's meter to one outlet, naming each stage you can safely observe."
CX-ENERGY-0005,"Energy, Grid & the Home",Electricity and the house that carries it,EL-5,11–12,Lead,Home Circuit Reader,The path from pole to plug,"Service line, meter, panel, circuit, outlet — the one-way street electricity takes into a home. — at 11–12","Trace and sketch the actual path from your building's meter to one outlet, naming each stage you can safely observe."
CX-ENERGY-0006,"Energy, Grid & the Home",Electricity and the house that carries it,EL-6,K–2,Explorer,Home Circuit Reader,The breaker panel is a map,"What a breaker does, why it trips, and labelling the panel so 3 a.m. problems take one minute. — at K–2","Test and correctly label every breaker in a real panel, and demonstrate finding the right one for a named outlet."
CX-ENERGY-0007,"Energy, Grid & the Home",Electricity and the house that carries it,EL-7,3–5,Explorer,Home Circuit Reader,The breaker panel is a map,"What a breaker does, why it trips, and labelling the panel so 3 a.m. problems take one minute. — at 3–5","Test and correctly label every breaker in a real panel, and demonstrate finding the right one for a named outlet."
CX-ENERGY-0008,"Energy, Grid & the Home",Electricity and the house that carries it,EL-8,6–8,Builder,Home Circuit Reader,The breaker panel is a map,"What a breaker does, why it trips, and labelling the panel so 3 a.m. problems take one minute. — at 6–8","Test and correctly label every breaker in a real panel, and demonstrate finding the right one for a named outlet."
CX-ENERGY-0009,"Energy, Grid & the Home",Electricity and the house that carries it,EL-9,9–10,Practitioner,Home Circuit Reader,The breaker panel is a map,"What a breaker does, why it trips, and labelling the panel so 3 a.m. problems take one minute. — at 9–10","Test and correctly label every breaker in a real panel, and demonstrate finding the right one for a named outlet."
CX-ENERGY-0010,"Energy, Grid & the Home",Electricity and the house that carries it,EL-10,11–12,Lead,Home Circuit Reader,The breaker panel is a map,"What a breaker does, why it trips, and labelling the panel so 3 a.m. problems take one minute. — at 11–12","Test and correctly label every breaker in a real panel, and demonstrate finding the right one for a named outlet."
CX-ENERGY-0011,"Energy, Grid & the Home",Electricity and the house that carries it,EL-11,K–2,Explorer,Home Circuit Reader,"Watts, volts and the kettle that dims the lights","Power as a rate, why some appliances are heavy loads, and what an overloaded circuit feels like before it fails. — at K–2","Rank five real household appliances by wattage from their plates, and identify which two must not share one circuit."
CX-ENERGY-0012,"Energy, Grid & the Home",Electricity and the house that carries it,EL-12,3–5,Explorer,Home Circuit Reader,"Watts, volts and the kettle that dims the lights","Power as a rate, why some appliances are heavy loads, and what an overloaded circuit feels like before it fails. — at 3–5","Rank five real household appliances by wattage from their plates, and identify which two must not share one circuit."
CX-ENERGY-0013,"Energy, Grid & the Home",Electricity and the house that carries it,EL-13,6–8,Builder,Home Circuit Reader,"Watts, volts and the kettle that dims the lights","Power as a rate, why some appliances are heavy loads, and what an overloaded circuit feels like before it fails. — at 6–8","Rank five real household appliances by wattage from their plates, and identify which two must not share one circuit."
CX-ENERGY-0014,"Energy, Grid & the Home",Electricity and the house that carries it,EL-14,9–10,Practitioner,Home Circuit Reader,"Watts, volts and the kettle that dims the lights","Power as a rate, why some appliances are heavy loads, and what an overloaded circuit feels like before it fails. — at 9–10","Rank five real household appliances by wattage from their plates, and identify which two must not share one circuit."
CX-ENERGY-0015,"Energy, Grid & the Home",Electricity and the house that carries it,EL-15,11–12,Lead,Home Circuit Reader,"Watts, volts and the kettle that dims the lights","Power as a rate, why some appliances are heavy loads, and what an overloaded circuit feels like before it fails. — at 11–12","Rank five real household appliances by wattage from their plates, and identify which two must not share one circuit."
CX-ENERGY-0016,"Energy, Grid & the Home",Electricity and the house that carries it,EL-16,K–2,Explorer,Home Circuit Reader,"Cords, plugs and the sockets that scorch","Damaged leads, loose sockets, daisy-chained extension strips — the household electrical fires that announce themselves first. — at K–2","Inspect one real room's cords, plugs and strips against a checklist and remove or report every fault found."
CX-ENERGY-0017,"Energy, Grid & the Home",Electricity and the house that carries it,EL-17,3–5,Explorer,Home Circuit Reader,"Cords, plugs and the sockets that scorch","Damaged leads, loose sockets, daisy-chained extension strips — the household electrical fires that announce themselves first. — at 3–5","Inspect one real room's cords, plugs and strips against a checklist and remove or report every fault found."
CX-ENERGY-0018,"Energy, Grid & the Home",Electricity and the house that carries it,EL-18,6–8,Builder,Home Circuit Reader,"Cords, plugs and the sockets that scorch","Damaged leads, loose sockets, daisy-chained extension strips — the household electrical fires that announce themselves first. — at 6–8","Inspect one real room's cords, plugs and strips against a checklist and remove or report every fault found."
CX-ENERGY-0019,"Energy, Grid & the Home",Electricity and the house that carries it,EL-19,9–10,Practitioner,Home Circuit Reader,"Cords, plugs and the sockets that scorch","Damaged leads, loose sockets, daisy-chained extension strips — the household electrical fires that announce themselves first. — at 9–10","Inspect one real room's cords, plugs and strips against a checklist and remove or report every fault found."
CX-ENERGY-0020,"Energy, Grid & the Home",Electricity and the house that carries it,EL-20,11–12,Lead,Home Circuit Reader,"Cords, plugs and the sockets that scorch","Damaged leads, loose sockets, daisy-chained extension strips — the household electrical fires that announce themselves first. — at 11–12","Inspect one real room's cords, plugs and strips against a checklist and remove or report every fault found."
CX-ENERGY-0021,"Energy, Grid & the Home",Electricity and the house that carries it,EL-21,K–2,Explorer,Home Circuit Reader,Water and electricity in the same room,"Why bathrooms and kitchens have special rules, and what a GFCI/RCD actually detects. — at K–2","Locate and test every GFCI/RCD protecting wet areas in a real home using its test button, and log the result."
CX-ENERGY-0022,"Energy, Grid & the Home",Electricity and the house that carries it,EL-22,3–5,Explorer,Home Circuit Reader,Water and electricity in the same room,"Why bathrooms and kitchens have special rules, and what a GFCI/RCD actually detects. — at 3–5","Locate and test every GFCI/RCD protecting wet areas in a real home using its test button, and log the result."
CX-ENERGY-0023,"Energy, Grid & the Home",Electricity and the house that carries it,EL-23,6–8,Builder,Home Circuit Reader,Water and electricity in the same room,"Why bathrooms and kitchens have special rules, and what a GFCI/RCD actually detects. — at 6–8","Locate and test every GFCI/RCD protecting wet areas in a real home using its test button, and log the result."
CX-ENERGY-0024,"Energy, Grid & the Home",Electricity and the house that carries it,EL-24,9–10,Practitioner,Home Circuit Reader,Water and electricity in the same room,"Why bathrooms and kitchens have special rules, and what a GFCI/RCD actually detects. — at 9–10","Locate and test every GFCI/RCD protecting wet areas in a real home using its test button, and log the result."
CX-ENERGY-0025,"Energy, Grid & the Home",Electricity and the house that carries it,EL-25,11–12,Lead,Home Circuit Reader,Water and electricity in the same room,"Why bathrooms and kitchens have special rules, and what a GFCI/RCD actually detects. — at 11–12","Locate and test every GFCI/RCD protecting wet areas in a real home using its test button, and log the result."
CX-ENERGY-0026,"Energy, Grid & the Home",Electricity and the house that carries it,EL-26,K–2,Explorer,Home Circuit Reader,When the power goes out,"Reading whether it is your breaker, your building or your street, and the safe order of checks. — at K–2","Given a staged or real outage, run the diagnostic order — panel, neighbours, provider's outage map — and state the correct next call."
CX-ENERGY-0027,"Energy, Grid & the Home",Electricity and the house that carries it,EL-27,3–5,Explorer,Home Circuit Reader,When the power goes out,"Reading whether it is your breaker, your building or your street, and the safe order of checks. — at 3–5","Given a staged or real outage, run the diagnostic order — panel, neighbours, provider's outage map — and state the correct next call."
CX-ENERGY-0028,"Energy, Grid & the Home",Electricity and the house that carries it,EL-28,6–8,Builder,Home Circuit Reader,When the power goes out,"Reading whether it is your breaker, your building or your street, and the safe order of checks. — at 6–8","Given a staged or real outage, run the diagnostic order — panel, neighbours, provider's outage map — and state the correct next call."
CX-ENERGY-0029,"Energy, Grid & the Home",Electricity and the house that carries it,EL-29,9–10,Practitioner,Home Circuit Reader,When the power goes out,"Reading whether it is your breaker, your building or your street, and the safe order of checks. — at 9–10","Given a staged or real outage, run the diagnostic order — panel, neighbours, provider's outage map — and state the correct next call."
CX-ENERGY-0030,"Energy, Grid & the Home",Electricity and the house that carries it,EL-30,11–12,Lead,Home Circuit Reader,When the power goes out,"Reading whether it is your breaker, your building or your street, and the safe order of checks. — at 11–12","Given a staged or real outage, run the diagnostic order — panel, neighbours, provider's outage map — and state the correct next call."
CX-ENERGY-0031,"Energy, Grid & the Home",Electricity and the house that carries it,EL-31,K–2,Explorer,Home Circuit Reader,The meter and the bill it writes,"Reading your own meter, kWh as the unit you are billed in, and matching a month's bill to a month's life. — at K–2","Read a real meter on two dates, compute the kWh used, and reconcile it against the bill for the same period."
CX-ENERGY-0032,"Energy, Grid & the Home",Electricity and the house that carries it,EL-32,3–5,Explorer,Home Circuit Reader,The meter and the bill it writes,"Reading your own meter, kWh as the unit you are billed in, and matching a month's bill to a month's life. — at 3–5","Read a real meter on two dates, compute the kWh used, and reconcile it against the bill for the same period."
CX-ENERGY-0033,"Energy, Grid & the Home",Electricity and the house that carries it,EL-33,6–8,Builder,Home Circuit Reader,The meter and the bill it writes,"Reading your own meter, kWh as the unit you are billed in, and matching a month's bill to a month's life. — at 6–8","Read a real meter on two dates, compute the kWh used, and reconcile it against the bill for the same period."
CX-ENERGY-0034,"Energy, Grid & the Home",Electricity and the house that carries it,EL-34,9–10,Practitioner,Home Circuit Reader,The meter and the bill it writes,"Reading your own meter, kWh as the unit you are billed in, and matching a month's bill to a month's life. — at 9–10","Read a real meter on two dates, compute the kWh used, and reconcile it against the bill for the same period."
CX-ENERGY-0035,"Energy, Grid & the Home",Electricity and the house that carries it,EL-35,11–12,Lead,Home Circuit Reader,The meter and the bill it writes,"Reading your own meter, kWh as the unit you are billed in, and matching a month's bill to a month's life. — at 11–12","Read a real meter on two dates, compute the kWh used, and reconcile it against the bill for the same period."
CX-ENERGY-0036,"Energy, Grid & the Home",Electricity and the house that carries it,EL-36,K–2,Explorer,Home Circuit Reader,"Batteries: small, large and dangerous","From AA to power bank to e-bike pack — charging habits, swelling cells, and why some batteries must never meet the bin. — at K–2","Audit the batteries in one household, flag any damaged or swollen cell, and take one to a genuine recycling point."
CX-ENERGY-0037,"Energy, Grid & the Home",Electricity and the house that carries it,EL-37,3–5,Explorer,Home Circuit Reader,"Batteries: small, large and dangerous","From AA to power bank to e-bike pack — charging habits, swelling cells, and why some batteries must never meet the bin. — at 3–5","Audit the batteries in one household, flag any damaged or swollen cell, and take one to a genuine recycling point."
CX-ENERGY-0038,"Energy, Grid & the Home",Electricity and the house that carries it,EL-38,6–8,Builder,Home Circuit Reader,"Batteries: small, large and dangerous","From AA to power bank to e-bike pack — charging habits, swelling cells, and why some batteries must never meet the bin. — at 6–8","Audit the batteries in one household, flag any damaged or swollen cell, and take one to a genuine recycling point."
CX-ENERGY-0039,"Energy, Grid & the Home",Electricity and the house that carries it,EL-39,9–10,Practitioner,Home Circuit Reader,"Batteries: small, large and dangerous","From AA to power bank to e-bike pack — charging habits, swelling cells, and why some batteries must never meet the bin. — at 9–10","Audit the batteries in one household, flag any damaged or swollen cell, and take one to a genuine recycling point."
CX-ENERGY-0040,"Energy, Grid & the Home",Electricity and the house that carries it,EL-40,11–12,Lead,Home Circuit Reader,"Batteries: small, large and dangerous","From AA to power bank to e-bike pack — charging habits, swelling cells, and why some batteries must never meet the bin. — at 11–12","Audit the batteries in one household, flag any damaged or swollen cell, and take one to a genuine recycling point."
CX-ENERGY-0041,"Energy, Grid & the Home",Electricity and the house that carries it,EL-41,K–2,Explorer,Home Circuit Reader,"Generators, inverters and backup power","What can run a fridge overnight, carbon monoxide and the generator that must stay outside, and sizing a backup honestly. — at K–2","Size a backup source for three named essentials in your home, from their real wattages, and state where it would safely run."
CX-ENERGY-0042,"Energy, Grid & the Home",Electricity and the house that carries it,EL-42,3–5,Explorer,Home Circuit Reader,"Generators, inverters and backup power","What can run a fridge overnight, carbon monoxide and the generator that must stay outside, and sizing a backup honestly. — at 3–5","Size a backup source for three named essentials in your home, from their real wattages, and state where it would safely run."
CX-ENERGY-0043,"Energy, Grid & the Home",Electricity and the house that carries it,EL-43,6–8,Builder,Home Circuit Reader,"Generators, inverters and backup power","What can run a fridge overnight, carbon monoxide and the generator that must stay outside, and sizing a backup honestly. — at 6–8","Size a backup source for three named essentials in your home, from their real wattages, and state where it would safely run."
CX-ENERGY-0044,"Energy, Grid & the Home",Electricity and the house that carries it,EL-44,9–10,Practitioner,Home Circuit Reader,"Generators, inverters and backup power","What can run a fridge overnight, carbon monoxide and the generator that must stay outside, and sizing a backup honestly. — at 9–10","Size a backup source for three named essentials in your home, from their real wattages, and state where it would safely run."
CX-ENERGY-0045,"Energy, Grid & the Home",Electricity and the house that carries it,EL-45,11–12,Lead,Home Circuit Reader,"Generators, inverters and backup power","What can run a fridge overnight, carbon monoxide and the generator that must stay outside, and sizing a backup honestly. — at 11–12","Size a backup source for three named essentials in your home, from their real wattages, and state where it would safely run."
CX-ENERGY-0046,"Energy, Grid & the Home",Electricity and the house that carries it,EL-46,K–2,Explorer,Home Circuit Reader,Calling the professional,"The line between owner-safe work and licensed work, and describing an electrical problem so the electrician arrives prepared. — at K–2","Write the call-out description for one real or staged electrical fault — symptoms, location, panel photo — that a stranger could act on."
CX-ENERGY-0047,"Energy, Grid & the Home",Electricity and the house that carries it,EL-47,3–5,Explorer,Home Circuit Reader,Calling the professional,"The line between owner-safe work and licensed work, and describing an electrical problem so the electrician arrives prepared. — at 3–5","Write the call-out description for one real or staged electrical fault — symptoms, location, panel photo — that a stranger could act on."
CX-ENERGY-0048,"Energy, Grid & the Home",Electricity and the house that carries it,EL-48,6–8,Builder,Home Circuit Reader,Calling the professional,"The line between owner-safe work and licensed work, and describing an electrical problem so the electrician arrives prepared. — at 6–8","Write the call-out description for one real or staged electrical fault — symptoms, location, panel photo — that a stranger could act on."
CX-ENERGY-0049,"Energy, Grid & the Home",Electricity and the house that carries it,EL-49,9–10,Practitioner,Home Circuit Reader,Calling the professional,"The line between owner-safe work and licensed work, and describing an electrical problem so the electrician arrives prepared. — at 9–10","Write the call-out description for one real or staged electrical fault — symptoms, location, panel photo — that a stranger could act on."
CX-ENERGY-0050,"Energy, Grid & the Home",Electricity and the house that carries it,EL-50,11–12,Lead,Home Circuit Reader,Calling the professional,"The line between owner-safe work and licensed work, and describing an electrical problem so the electrician arrives prepared. — at 11–12","Write the call-out description for one real or staged electrical fault — symptoms, location, panel photo — that a stranger could act on."
CX-ENERGY-0051,"Energy, Grid & the Home","Heat, cold and the cost of comfort",HC-1,K–2,Explorer,Comfort Keeper,Where the heat leaks out,"Draughts, glazing, loft and wall — the order in which a home loses heat and the cheap fixes that come first. — at K–2","Survey one real home for heat loss with hands, candle or camera, and rank the three worst leaks with a fix for each."
CX-ENERGY-0052,"Energy, Grid & the Home","Heat, cold and the cost of comfort",HC-2,3–5,Explorer,Comfort Keeper,Where the heat leaks out,"Draughts, glazing, loft and wall — the order in which a home loses heat and the cheap fixes that come first. — at 3–5","Survey one real home for heat loss with hands, candle or camera, and rank the three worst leaks with a fix for each."
CX-ENERGY-0053,"Energy, Grid & the Home","Heat, cold and the cost of comfort",HC-3,6–8,Builder,Comfort Keeper,Where the heat leaks out,"Draughts, glazing, loft and wall — the order in which a home loses heat and the cheap fixes that come first. — at 6–8","Survey one real home for heat loss with hands, candle or camera, and rank the three worst leaks with a fix for each."
CX-ENERGY-0054,"Energy, Grid & the Home","Heat, cold and the cost of comfort",HC-4,9–10,Practitioner,Comfort Keeper,Where the heat leaks out,"Draughts, glazing, loft and wall — the order in which a home loses heat and the cheap fixes that come first. — at 9–10","Survey one real home for heat loss with hands, candle or camera, and rank the three worst leaks with a fix for each."
CX-ENERGY-0055,"Energy, Grid & the Home","Heat, cold and the cost of comfort",HC-5,11–12,Lead,Comfort Keeper,Where the heat leaks out,"Draughts, glazing, loft and wall — the order in which a home loses heat and the cheap fixes that come first. — at 11–12","Survey one real home for heat loss with hands, candle or camera, and rank the three worst leaks with a fix for each."
CX-ENERGY-0056,"Energy, Grid & the Home","Heat, cold and the cost of comfort",HC-6,K–2,Explorer,Comfort Keeper,The heating system you actually have,"Furnace, boiler, heat pump, resistive — identifying the system, its fuel and its one owner-serviceable part. — at K–2","Identify a real home's heating type, locate its filter or service point, and perform or schedule the due maintenance."
CX-ENERGY-0057,"Energy, Grid & the Home","Heat, cold and the cost of comfort",HC-7,3–5,Explorer,Comfort Keeper,The heating system you actually have,"Furnace, boiler, heat pump, resistive — identifying the system, its fuel and its one owner-serviceable part. — at 3–5","Identify a real home's heating type, locate its filter or service point, and perform or schedule the due maintenance."
CX-ENERGY-0058,"Energy, Grid & the Home","Heat, cold and the cost of comfort",HC-8,6–8,Builder,Comfort Keeper,The heating system you actually have,"Furnace, boiler, heat pump, resistive — identifying the system, its fuel and its one owner-serviceable part. — at 6–8","Identify a real home's heating type, locate its filter or service point, and perform or schedule the due maintenance."
CX-ENERGY-0059,"Energy, Grid & the Home","Heat, cold and the cost of comfort",HC-9,9–10,Practitioner,Comfort Keeper,The heating system you actually have,"Furnace, boiler, heat pump, resistive — identifying the system, its fuel and its one owner-serviceable part. — at 9–10","Identify a real home's heating type, locate its filter or service point, and perform or schedule the due maintenance."
CX-ENERGY-0060,"Energy, Grid & the Home","Heat, cold and the cost of comfort",HC-10,11–12,Lead,Comfort Keeper,The heating system you actually have,"Furnace, boiler, heat pump, resistive — identifying the system, its fuel and its one owner-serviceable part. — at 11–12","Identify a real home's heating type, locate its filter or service point, and perform or schedule the due maintenance."
CX-ENERGY-0061,"Energy, Grid & the Home","Heat, cold and the cost of comfort",HC-11,K–2,Explorer,Comfort Keeper,Thermostats and the schedule that saves,"Setbacks, schedules and why heating an empty house is the quietest money leak in the home. — at K–2",Program a real thermostat with a weekly schedule matched to actual occupancy and estimate the saving from the setback.
CX-ENERGY-0062,"Energy, Grid & the Home","Heat, cold and the cost of comfort",HC-12,3–5,Explorer,Comfort Keeper,Thermostats and the schedule that saves,"Setbacks, schedules and why heating an empty house is the quietest money leak in the home. — at 3–5",Program a real thermostat with a weekly schedule matched to actual occupancy and estimate the saving from the setback.
CX-ENERGY-0063,"Energy, Grid & the Home","Heat, cold and the cost of comfort",HC-13,6–8,Builder,Comfort Keeper,Thermostats and the schedule that saves,"Setbacks, schedules and why heating an empty house is the quietest money leak in the home. — at 6–8",Program a real thermostat with a weekly schedule matched to actual occupancy and estimate the saving from the setback.
CX-ENERGY-0064,"Energy, Grid & the Home","Heat, cold and the cost of comfort",HC-14,9–10,Practitioner,Comfort Keeper,Thermostats and the schedule that saves,"Setbacks, schedules and why heating an empty house is the quietest money leak in the home. — at 9–10",Program a real thermostat with a weekly schedule matched to actual occupancy and estimate the saving from the setback.
CX-ENERGY-0065,"Energy, Grid & the Home","Heat, cold and the cost of comfort",HC-15,11–12,Lead,Comfort Keeper,Thermostats and the schedule that saves,"Setbacks, schedules and why heating an empty house is the quietest money leak in the home. — at 11–12",Program a real thermostat with a weekly schedule matched to actual occupancy and estimate the saving from the setback.
CX-ENERGY-0066,"Energy, Grid & the Home","Heat, cold and the cost of comfort",HC-16,K–2,Explorer,Comfort Keeper,Hot water: the second-biggest bill,"Tank versus on-demand, the temperature that scalds versus the temperature that breeds legionella, and the shower's share. — at K–2","Measure a real tap's hot water temperature, compare it to the safe band, and adjust or report accordingly."
CX-ENERGY-0067,"Energy, Grid & the Home","Heat, cold and the cost of comfort",HC-17,3–5,Explorer,Comfort Keeper,Hot water: the second-biggest bill,"Tank versus on-demand, the temperature that scalds versus the temperature that breeds legionella, and the shower's share. — at 3–5","Measure a real tap's hot water temperature, compare it to the safe band, and adjust or report accordingly."
CX-ENERGY-0068,"Energy, Grid & the Home","Heat, cold and the cost of comfort",HC-18,6–8,Builder,Comfort Keeper,Hot water: the second-biggest bill,"Tank versus on-demand, the temperature that scalds versus the temperature that breeds legionella, and the shower's share. — at 6–8","Measure a real tap's hot water temperature, compare it to the safe band, and adjust or report accordingly."
CX-ENERGY-0069,"Energy, Grid & the Home","Heat, cold and the cost of comfort",HC-19,9–10,Practitioner,Comfort Keeper,Hot water: the second-biggest bill,"Tank versus on-demand, the temperature that scalds versus the temperature that breeds legionella, and the shower's share. — at 9–10","Measure a real tap's hot water temperature, compare it to the safe band, and adjust or report accordingly."
CX-ENERGY-0070,"Energy, Grid & the Home","Heat, cold and the cost of comfort",HC-20,11–12,Lead,Comfort Keeper,Hot water: the second-biggest bill,"Tank versus on-demand, the temperature that scalds versus the temperature that breeds legionella, and the shower's share. — at 11–12","Measure a real tap's hot water temperature, compare it to the safe band, and adjust or report accordingly."
CX-ENERGY-0071,"Energy, Grid & the Home","Heat, cold and the cost of comfort",HC-21,K–2,Explorer,Comfort Keeper,"Damp, mould and the air a home breathes","Condensation versus penetration, extraction fans, and why sealing a home tight without ventilating it grows mould. — at K–2","Find and diagnose one real damp or condensation site, and apply or specify the ventilation-first remedy."
CX-ENERGY-0072,"Energy, Grid & the Home","Heat, cold and the cost of comfort",HC-22,3–5,Explorer,Comfort Keeper,"Damp, mould and the air a home breathes","Condensation versus penetration, extraction fans, and why sealing a home tight without ventilating it grows mould. — at 3–5","Find and diagnose one real damp or condensation site, and apply or specify the ventilation-first remedy."
CX-ENERGY-0073,"Energy, Grid & the Home","Heat, cold and the cost of comfort",HC-23,6–8,Builder,Comfort Keeper,"Damp, mould and the air a home breathes","Condensation versus penetration, extraction fans, and why sealing a home tight without ventilating it grows mould. — at 6–8","Find and diagnose one real damp or condensation site, and apply or specify the ventilation-first remedy."
CX-ENERGY-0074,"Energy, Grid & the Home","Heat, cold and the cost of comfort",HC-24,9–10,Practitioner,Comfort Keeper,"Damp, mould and the air a home breathes","Condensation versus penetration, extraction fans, and why sealing a home tight without ventilating it grows mould. — at 9–10","Find and diagnose one real damp or condensation site, and apply or specify the ventilation-first remedy."
CX-ENERGY-0075,"Energy, Grid & the Home","Heat, cold and the cost of comfort",HC-25,11–12,Lead,Comfort Keeper,"Damp, mould and the air a home breathes","Condensation versus penetration, extraction fans, and why sealing a home tight without ventilating it grows mould. — at 11–12","Find and diagnose one real damp or condensation site, and apply or specify the ventilation-first remedy."
CX-ENERGY-0076,"Energy, Grid & the Home","Heat, cold and the cost of comfort",HC-26,K–2,Explorer,Comfort Keeper,Keeping cool without drowning the bill,"Shade, cross-ventilation, fans and when air conditioning earns its cost — heat management as a sequence, not a switch. — at K–2","Cool one real room through a hot day using a written non-AC sequence first, logging temperatures at each step."
CX-ENERGY-0077,"Energy, Grid & the Home","Heat, cold and the cost of comfort",HC-27,3–5,Explorer,Comfort Keeper,Keeping cool without drowning the bill,"Shade, cross-ventilation, fans and when air conditioning earns its cost — heat management as a sequence, not a switch. — at 3–5","Cool one real room through a hot day using a written non-AC sequence first, logging temperatures at each step."
CX-ENERGY-0078,"Energy, Grid & the Home","Heat, cold and the cost of comfort",HC-28,6–8,Builder,Comfort Keeper,Keeping cool without drowning the bill,"Shade, cross-ventilation, fans and when air conditioning earns its cost — heat management as a sequence, not a switch. — at 6–8","Cool one real room through a hot day using a written non-AC sequence first, logging temperatures at each step."
CX-ENERGY-0079,"Energy, Grid & the Home","Heat, cold and the cost of comfort",HC-29,9–10,Practitioner,Comfort Keeper,Keeping cool without drowning the bill,"Shade, cross-ventilation, fans and when air conditioning earns its cost — heat management as a sequence, not a switch. — at 9–10","Cool one real room through a hot day using a written non-AC sequence first, logging temperatures at each step."
CX-ENERGY-0080,"Energy, Grid & the Home","Heat, cold and the cost of comfort",HC-30,11–12,Lead,Comfort Keeper,Keeping cool without drowning the bill,"Shade, cross-ventilation, fans and when air conditioning earns its cost — heat management as a sequence, not a switch. — at 11–12","Cool one real room through a hot day using a written non-AC sequence first, logging temperatures at each step."
CX-ENERGY-0081,"Energy, Grid & the Home","Heat, cold and the cost of comfort",HC-31,K–2,Explorer,Comfort Keeper,The cold snap and the heat wave,"Frozen pipes, overwhelmed grids and the people most at risk two doors away — extremes as household and neighbourhood events. — at K–2","Write your household's extreme-temperature plan — pipes, power, and the two neighbours you will check — and rehearse one part."
CX-ENERGY-0082,"Energy, Grid & the Home","Heat, cold and the cost of comfort",HC-32,3–5,Explorer,Comfort Keeper,The cold snap and the heat wave,"Frozen pipes, overwhelmed grids and the people most at risk two doors away — extremes as household and neighbourhood events. — at 3–5","Write your household's extreme-temperature plan — pipes, power, and the two neighbours you will check — and rehearse one part."
CX-ENERGY-0083,"Energy, Grid & the Home","Heat, cold and the cost of comfort",HC-33,6–8,Builder,Comfort Keeper,The cold snap and the heat wave,"Frozen pipes, overwhelmed grids and the people most at risk two doors away — extremes as household and neighbourhood events. — at 6–8","Write your household's extreme-temperature plan — pipes, power, and the two neighbours you will check — and rehearse one part."
CX-ENERGY-0084,"Energy, Grid & the Home","Heat, cold and the cost of comfort",HC-34,9–10,Practitioner,Comfort Keeper,The cold snap and the heat wave,"Frozen pipes, overwhelmed grids and the people most at risk two doors away — extremes as household and neighbourhood events. — at 9–10","Write your household's extreme-temperature plan — pipes, power, and the two neighbours you will check — and rehearse one part."
CX-ENERGY-0085,"Energy, Grid & the Home","Heat, cold and the cost of comfort",HC-35,11–12,Lead,Comfort Keeper,The cold snap and the heat wave,"Frozen pipes, overwhelmed grids and the people most at risk two doors away — extremes as household and neighbourhood events. — at 11–12","Write your household's extreme-temperature plan — pipes, power, and the two neighbours you will check — and rehearse one part."
CX-ENERGY-0086,"Energy, Grid & the Home","Heat, cold and the cost of comfort",HC-36,K–2,Explorer,Comfort Keeper,Fuel poverty and the help that exists,"When heat competes with food: tariffs, grants, insulation schemes and the entitlements that go unclaimed. — at K–2","Map the energy-cost support available at your own address — programs, eligibility, application route — into a half-page guide."
CX-ENERGY-0087,"Energy, Grid & the Home","Heat, cold and the cost of comfort",HC-37,3–5,Explorer,Comfort Keeper,Fuel poverty and the help that exists,"When heat competes with food: tariffs, grants, insulation schemes and the entitlements that go unclaimed. — at 3–5","Map the energy-cost support available at your own address — programs, eligibility, application route — into a half-page guide."
CX-ENERGY-0088,"Energy, Grid & the Home","Heat, cold and the cost of comfort",HC-38,6–8,Builder,Comfort Keeper,Fuel poverty and the help that exists,"When heat competes with food: tariffs, grants, insulation schemes and the entitlements that go unclaimed. — at 6–8","Map the energy-cost support available at your own address — programs, eligibility, application route — into a half-page guide."
CX-ENERGY-0089,"Energy, Grid & the Home","Heat, cold and the cost of comfort",HC-39,9–10,Practitioner,Comfort Keeper,Fuel poverty and the help that exists,"When heat competes with food: tariffs, grants, insulation schemes and the entitlements that go unclaimed. — at 9–10","Map the energy-cost support available at your own address — programs, eligibility, application route — into a half-page guide."
CX-ENERGY-0090,"Energy, Grid & the Home","Heat, cold and the cost of comfort",HC-40,11–12,Lead,Comfort Keeper,Fuel poverty and the help that exists,"When heat competes with food: tariffs, grants, insulation schemes and the entitlements that go unclaimed. — at 11–12","Map the energy-cost support available at your own address — programs, eligibility, application route — into a half-page guide."
CX-ENERGY-0091,"Energy, Grid & the Home","Heat, cold and the cost of comfort",HC-41,K–2,Explorer,Comfort Keeper,Reading an efficiency label,"Energy ratings on appliances and homes: what the letters measure, and lifetime cost versus sticker price. — at K–2",Compare two real appliances by projected lifetime energy cost and defend a purchase choice with the arithmetic shown.
CX-ENERGY-0092,"Energy, Grid & the Home","Heat, cold and the cost of comfort",HC-42,3–5,Explorer,Comfort Keeper,Reading an efficiency label,"Energy ratings on appliances and homes: what the letters measure, and lifetime cost versus sticker price. — at 3–5",Compare two real appliances by projected lifetime energy cost and defend a purchase choice with the arithmetic shown.
CX-ENERGY-0093,"Energy, Grid & the Home","Heat, cold and the cost of comfort",HC-43,6–8,Builder,Comfort Keeper,Reading an efficiency label,"Energy ratings on appliances and homes: what the letters measure, and lifetime cost versus sticker price. — at 6–8",Compare two real appliances by projected lifetime energy cost and defend a purchase choice with the arithmetic shown.
CX-ENERGY-0094,"Energy, Grid & the Home","Heat, cold and the cost of comfort",HC-44,9–10,Practitioner,Comfort Keeper,Reading an efficiency label,"Energy ratings on appliances and homes: what the letters measure, and lifetime cost versus sticker price. — at 9–10",Compare two real appliances by projected lifetime energy cost and defend a purchase choice with the arithmetic shown.
CX-ENERGY-0095,"Energy, Grid & the Home","Heat, cold and the cost of comfort",HC-45,11–12,Lead,Comfort Keeper,Reading an efficiency label,"Energy ratings on appliances and homes: what the letters measure, and lifetime cost versus sticker price. — at 11–12",Compare two real appliances by projected lifetime energy cost and defend a purchase choice with the arithmetic shown.
CX-ENERGY-0096,"Energy, Grid & the Home","Heat, cold and the cost of comfort",HC-46,K–2,Explorer,Comfort Keeper,"The retrofit, in the right order","Insulate, seal, ventilate, then upgrade the heat source — why the order matters and what each step costs and saves. — at K–2","Draft a sequenced retrofit plan for a real dwelling with rough costs, and justify why your step one comes first."
CX-ENERGY-0097,"Energy, Grid & the Home","Heat, cold and the cost of comfort",HC-47,3–5,Explorer,Comfort Keeper,"The retrofit, in the right order","Insulate, seal, ventilate, then upgrade the heat source — why the order matters and what each step costs and saves. — at 3–5","Draft a sequenced retrofit plan for a real dwelling with rough costs, and justify why your step one comes first."
CX-ENERGY-0098,"Energy, Grid & the Home","Heat, cold and the cost of comfort",HC-48,6–8,Builder,Comfort Keeper,"The retrofit, in the right order","Insulate, seal, ventilate, then upgrade the heat source — why the order matters and what each step costs and saves. — at 6–8","Draft a sequenced retrofit plan for a real dwelling with rough costs, and justify why your step one comes first."
CX-ENERGY-0099,"Energy, Grid & the Home","Heat, cold and the cost of comfort",HC-49,9–10,Practitioner,Comfort Keeper,"The retrofit, in the right order","Insulate, seal, ventilate, then upgrade the heat source — why the order matters and what each step costs and saves. — at 9–10","Draft a sequenced retrofit plan for a real dwelling with rough costs, and justify why your step one comes first."
CX-ENERGY-0100,"Energy, Grid & the Home","Heat, cold and the cost of comfort",HC-50,11–12,Lead,Comfort Keeper,"The retrofit, in the right order","Insulate, seal, ventilate, then upgrade the heat source — why the order matters and what each step costs and saves. — at 11–12","Draft a sequenced retrofit plan for a real dwelling with rough costs, and justify why your step one comes first."
CX-ENERGY-0101,"Energy, Grid & the Home",The grid: where power comes from,GR-1,K–2,Explorer,Grid Literate,The machine the size of a country,"Generation, transmission, distribution — the grid as one synchronised machine that must balance every second. — at K–2","Explain to someone else, with a drawing, why the grid must match supply to demand instantly and what happens when it cannot."
CX-ENERGY-0102,"Energy, Grid & the Home",The grid: where power comes from,GR-2,3–5,Explorer,Grid Literate,The machine the size of a country,"Generation, transmission, distribution — the grid as one synchronised machine that must balance every second. — at 3–5","Explain to someone else, with a drawing, why the grid must match supply to demand instantly and what happens when it cannot."
CX-ENERGY-0103,"Energy, Grid & the Home",The grid: where power comes from,GR-3,6–8,Builder,Grid Literate,The machine the size of a country,"Generation, transmission, distribution — the grid as one synchronised machine that must balance every second. — at 6–8","Explain to someone else, with a drawing, why the grid must match supply to demand instantly and what happens when it cannot."
CX-ENERGY-0104,"Energy, Grid & the Home",The grid: where power comes from,GR-4,9–10,Practitioner,Grid Literate,The machine the size of a country,"Generation, transmission, distribution — the grid as one synchronised machine that must balance every second. — at 9–10","Explain to someone else, with a drawing, why the grid must match supply to demand instantly and what happens when it cannot."
CX-ENERGY-0105,"Energy, Grid & the Home",The grid: where power comes from,GR-5,11–12,Lead,Grid Literate,The machine the size of a country,"Generation, transmission, distribution — the grid as one synchronised machine that must balance every second. — at 11–12","Explain to someone else, with a drawing, why the grid must match supply to demand instantly and what happens when it cannot."
CX-ENERGY-0106,"Energy, Grid & the Home",The grid: where power comes from,GR-6,K–2,Explorer,Grid Literate,The sources and their trade-offs,"Coal, gas, nuclear, hydro, wind, solar — what each costs, emits, and does when the wind drops or the river runs low. — at K–2",Build an honest one-page comparison of three generation sources using published capacity and emissions data.
CX-ENERGY-0107,"Energy, Grid & the Home",The grid: where power comes from,GR-7,3–5,Explorer,Grid Literate,The sources and their trade-offs,"Coal, gas, nuclear, hydro, wind, solar — what each costs, emits, and does when the wind drops or the river runs low. — at 3–5",Build an honest one-page comparison of three generation sources using published capacity and emissions data.
CX-ENERGY-0108,"Energy, Grid & the Home",The grid: where power comes from,GR-8,6–8,Builder,Grid Literate,The sources and their trade-offs,"Coal, gas, nuclear, hydro, wind, solar — what each costs, emits, and does when the wind drops or the river runs low. — at 6–8",Build an honest one-page comparison of three generation sources using published capacity and emissions data.
CX-ENERGY-0109,"Energy, Grid & the Home",The grid: where power comes from,GR-9,9–10,Practitioner,Grid Literate,The sources and their trade-offs,"Coal, gas, nuclear, hydro, wind, solar — what each costs, emits, and does when the wind drops or the river runs low. — at 9–10",Build an honest one-page comparison of three generation sources using published capacity and emissions data.
CX-ENERGY-0110,"Energy, Grid & the Home",The grid: where power comes from,GR-10,11–12,Lead,Grid Literate,The sources and their trade-offs,"Coal, gas, nuclear, hydro, wind, solar — what each costs, emits, and does when the wind drops or the river runs low. — at 11–12",Build an honest one-page comparison of three generation sources using published capacity and emissions data.
CX-ENERGY-0111,"Energy, Grid & the Home",The grid: where power comes from,GR-11,K–2,Explorer,Grid Literate,Your region's actual mix,"Finding the real-time generation mix where you live, and how it shifts by hour and season. — at K–2",Pull your region's live or published generation mix on two different days and explain one difference between them.
CX-ENERGY-0112,"Energy, Grid & the Home",The grid: where power comes from,GR-12,3–5,Explorer,Grid Literate,Your region's actual mix,"Finding the real-time generation mix where you live, and how it shifts by hour and season. — at 3–5",Pull your region's live or published generation mix on two different days and explain one difference between them.
CX-ENERGY-0113,"Energy, Grid & the Home",The grid: where power comes from,GR-13,6–8,Builder,Grid Literate,Your region's actual mix,"Finding the real-time generation mix where you live, and how it shifts by hour and season. — at 6–8",Pull your region's live or published generation mix on two different days and explain one difference between them.
CX-ENERGY-0114,"Energy, Grid & the Home",The grid: where power comes from,GR-14,9–10,Practitioner,Grid Literate,Your region's actual mix,"Finding the real-time generation mix where you live, and how it shifts by hour and season. — at 9–10",Pull your region's live or published generation mix on two different days and explain one difference between them.
CX-ENERGY-0115,"Energy, Grid & the Home",The grid: where power comes from,GR-15,11–12,Lead,Grid Literate,Your region's actual mix,"Finding the real-time generation mix where you live, and how it shifts by hour and season. — at 11–12",Pull your region's live or published generation mix on two different days and explain one difference between them.
CX-ENERGY-0116,"Energy, Grid & the Home",The grid: where power comes from,GR-16,K–2,Explorer,Grid Literate,Peak hours and the duck curve,"Why evening demand is expensive, what solar does to the daytime curve, and when a kWh is cheapest to use. — at K–2","Shift two real household loads off peak hours for a week and show the timing change (and saving, where tariffs allow)."
CX-ENERGY-0117,"Energy, Grid & the Home",The grid: where power comes from,GR-17,3–5,Explorer,Grid Literate,Peak hours and the duck curve,"Why evening demand is expensive, what solar does to the daytime curve, and when a kWh is cheapest to use. — at 3–5","Shift two real household loads off peak hours for a week and show the timing change (and saving, where tariffs allow)."
CX-ENERGY-0118,"Energy, Grid & the Home",The grid: where power comes from,GR-18,6–8,Builder,Grid Literate,Peak hours and the duck curve,"Why evening demand is expensive, what solar does to the daytime curve, and when a kWh is cheapest to use. — at 6–8","Shift two real household loads off peak hours for a week and show the timing change (and saving, where tariffs allow)."
CX-ENERGY-0119,"Energy, Grid & the Home",The grid: where power comes from,GR-19,9–10,Practitioner,Grid Literate,Peak hours and the duck curve,"Why evening demand is expensive, what solar does to the daytime curve, and when a kWh is cheapest to use. — at 9–10","Shift two real household loads off peak hours for a week and show the timing change (and saving, where tariffs allow)."
CX-ENERGY-0120,"Energy, Grid & the Home",The grid: where power comes from,GR-20,11–12,Lead,Grid Literate,Peak hours and the duck curve,"Why evening demand is expensive, what solar does to the daytime curve, and when a kWh is cheapest to use. — at 11–12","Shift two real household loads off peak hours for a week and show the timing change (and saving, where tariffs allow)."
CX-ENERGY-0121,"Energy, Grid & the Home",The grid: where power comes from,GR-21,K–2,Explorer,Grid Literate,Storage: the missing piece,"Batteries, pumped hydro and why storing electricity at scale is the grid's hardest problem. — at K–2","Calculate how long a named home battery could run your fridge and lights from their real wattages, and compare to a real outage duration."
CX-ENERGY-0122,"Energy, Grid & the Home",The grid: where power comes from,GR-22,3–5,Explorer,Grid Literate,Storage: the missing piece,"Batteries, pumped hydro and why storing electricity at scale is the grid's hardest problem. — at 3–5","Calculate how long a named home battery could run your fridge and lights from their real wattages, and compare to a real outage duration."
CX-ENERGY-0123,"Energy, Grid & the Home",The grid: where power comes from,GR-23,6–8,Builder,Grid Literate,Storage: the missing piece,"Batteries, pumped hydro and why storing electricity at scale is the grid's hardest problem. — at 6–8","Calculate how long a named home battery could run your fridge and lights from their real wattages, and compare to a real outage duration."
CX-ENERGY-0124,"Energy, Grid & the Home",The grid: where power comes from,GR-24,9–10,Practitioner,Grid Literate,Storage: the missing piece,"Batteries, pumped hydro and why storing electricity at scale is the grid's hardest problem. — at 9–10","Calculate how long a named home battery could run your fridge and lights from their real wattages, and compare to a real outage duration."
CX-ENERGY-0125,"Energy, Grid & the Home",The grid: where power comes from,GR-25,11–12,Lead,Grid Literate,Storage: the missing piece,"Batteries, pumped hydro and why storing electricity at scale is the grid's hardest problem. — at 11–12","Calculate how long a named home battery could run your fridge and lights from their real wattages, and compare to a real outage duration."
CX-ENERGY-0126,"Energy, Grid & the Home",The grid: where power comes from,GR-26,K–2,Explorer,Grid Literate,"Blackouts, brownouts and how grids fail","Cascading failure, load shedding and the famous outages — what actually went wrong and what changed after. — at K–2","Take one documented major blackout, map its failure chain, and identify the step where intervention could have stopped it."
CX-ENERGY-0127,"Energy, Grid & the Home",The grid: where power comes from,GR-27,3–5,Explorer,Grid Literate,"Blackouts, brownouts and how grids fail","Cascading failure, load shedding and the famous outages — what actually went wrong and what changed after. — at 3–5","Take one documented major blackout, map its failure chain, and identify the step where intervention could have stopped it."
CX-ENERGY-0128,"Energy, Grid & the Home",The grid: where power comes from,GR-28,6–8,Builder,Grid Literate,"Blackouts, brownouts and how grids fail","Cascading failure, load shedding and the famous outages — what actually went wrong and what changed after. — at 6–8","Take one documented major blackout, map its failure chain, and identify the step where intervention could have stopped it."
CX-ENERGY-0129,"Energy, Grid & the Home",The grid: where power comes from,GR-29,9–10,Practitioner,Grid Literate,"Blackouts, brownouts and how grids fail","Cascading failure, load shedding and the famous outages — what actually went wrong and what changed after. — at 9–10","Take one documented major blackout, map its failure chain, and identify the step where intervention could have stopped it."
CX-ENERGY-0130,"Energy, Grid & the Home",The grid: where power comes from,GR-30,11–12,Lead,Grid Literate,"Blackouts, brownouts and how grids fail","Cascading failure, load shedding and the famous outages — what actually went wrong and what changed after. — at 11–12","Take one documented major blackout, map its failure chain, and identify the step where intervention could have stopped it."
CX-ENERGY-0131,"Energy, Grid & the Home",The grid: where power comes from,GR-31,K–2,Explorer,Grid Literate,Rooftops that generate,"Home solar honestly: orientation, payback, export tariffs and the sales pitches that skip the denominator. — at K–2","Assess a real roof for solar — orientation, shading, rough yield — and produce a payback estimate you can defend."
CX-ENERGY-0132,"Energy, Grid & the Home",The grid: where power comes from,GR-32,3–5,Explorer,Grid Literate,Rooftops that generate,"Home solar honestly: orientation, payback, export tariffs and the sales pitches that skip the denominator. — at 3–5","Assess a real roof for solar — orientation, shading, rough yield — and produce a payback estimate you can defend."
CX-ENERGY-0133,"Energy, Grid & the Home",The grid: where power comes from,GR-33,6–8,Builder,Grid Literate,Rooftops that generate,"Home solar honestly: orientation, payback, export tariffs and the sales pitches that skip the denominator. — at 6–8","Assess a real roof for solar — orientation, shading, rough yield — and produce a payback estimate you can defend."
CX-ENERGY-0134,"Energy, Grid & the Home",The grid: where power comes from,GR-34,9–10,Practitioner,Grid Literate,Rooftops that generate,"Home solar honestly: orientation, payback, export tariffs and the sales pitches that skip the denominator. — at 9–10","Assess a real roof for solar — orientation, shading, rough yield — and produce a payback estimate you can defend."
CX-ENERGY-0135,"Energy, Grid & the Home",The grid: where power comes from,GR-35,11–12,Lead,Grid Literate,Rooftops that generate,"Home solar honestly: orientation, payback, export tariffs and the sales pitches that skip the denominator. — at 11–12","Assess a real roof for solar — orientation, shading, rough yield — and produce a payback estimate you can defend."
CX-ENERGY-0136,"Energy, Grid & the Home",The grid: where power comes from,GR-36,K–2,Explorer,Grid Literate,The electric vehicle and the house,"Charging levels, what an EV does to a home's load, and the car battery as future grid storage. — at K–2","Plan home charging for a named EV on a real electrical service — charger level, circuit, schedule — within the panel's capacity."
CX-ENERGY-0137,"Energy, Grid & the Home",The grid: where power comes from,GR-37,3–5,Explorer,Grid Literate,The electric vehicle and the house,"Charging levels, what an EV does to a home's load, and the car battery as future grid storage. — at 3–5","Plan home charging for a named EV on a real electrical service — charger level, circuit, schedule — within the panel's capacity."
CX-ENERGY-0138,"Energy, Grid & the Home",The grid: where power comes from,GR-38,6–8,Builder,Grid Literate,The electric vehicle and the house,"Charging levels, what an EV does to a home's load, and the car battery as future grid storage. — at 6–8","Plan home charging for a named EV on a real electrical service — charger level, circuit, schedule — within the panel's capacity."
CX-ENERGY-0139,"Energy, Grid & the Home",The grid: where power comes from,GR-39,9–10,Practitioner,Grid Literate,The electric vehicle and the house,"Charging levels, what an EV does to a home's load, and the car battery as future grid storage. — at 9–10","Plan home charging for a named EV on a real electrical service — charger level, circuit, schedule — within the panel's capacity."
CX-ENERGY-0140,"Energy, Grid & the Home",The grid: where power comes from,GR-40,11–12,Lead,Grid Literate,The electric vehicle and the house,"Charging levels, what an EV does to a home's load, and the car battery as future grid storage. — at 11–12","Plan home charging for a named EV on a real electrical service — charger level, circuit, schedule — within the panel's capacity."
CX-ENERGY-0141,"Energy, Grid & the Home",The grid: where power comes from,GR-41,K–2,Explorer,Grid Literate,Who pays for the wires,"Standing charges, network costs and why your bill has lines that are not energy — the grid as shared infrastructure. — at K–2","Decompose one real energy bill line by line and explain, in plain words, what each charge pays for."
CX-ENERGY-0142,"Energy, Grid & the Home",The grid: where power comes from,GR-42,3–5,Explorer,Grid Literate,Who pays for the wires,"Standing charges, network costs and why your bill has lines that are not energy — the grid as shared infrastructure. — at 3–5","Decompose one real energy bill line by line and explain, in plain words, what each charge pays for."
CX-ENERGY-0143,"Energy, Grid & the Home",The grid: where power comes from,GR-43,6–8,Builder,Grid Literate,Who pays for the wires,"Standing charges, network costs and why your bill has lines that are not energy — the grid as shared infrastructure. — at 6–8","Decompose one real energy bill line by line and explain, in plain words, what each charge pays for."
CX-ENERGY-0144,"Energy, Grid & the Home",The grid: where power comes from,GR-44,9–10,Practitioner,Grid Literate,Who pays for the wires,"Standing charges, network costs and why your bill has lines that are not energy — the grid as shared infrastructure. — at 9–10","Decompose one real energy bill line by line and explain, in plain words, what each charge pays for."
CX-ENERGY-0145,"Energy, Grid & the Home",The grid: where power comes from,GR-45,11–12,Lead,Grid Literate,Who pays for the wires,"Standing charges, network costs and why your bill has lines that are not energy — the grid as shared infrastructure. — at 11–12","Decompose one real energy bill line by line and explain, in plain words, what each charge pays for."
CX-ENERGY-0146,"Energy, Grid & the Home",The grid: where power comes from,GR-46,K–2,Explorer,Grid Literate,"The transition, without the slogans","Decarbonising a grid: what is genuinely hard, what is already solved, and how to read claims from every side. — at K–2","Take one energy-transition claim from current media, check it against grid data, and deliver a verdict with sources."
CX-ENERGY-0147,"Energy, Grid & the Home",The grid: where power comes from,GR-47,3–5,Explorer,Grid Literate,"The transition, without the slogans","Decarbonising a grid: what is genuinely hard, what is already solved, and how to read claims from every side. — at 3–5","Take one energy-transition claim from current media, check it against grid data, and deliver a verdict with sources."
CX-ENERGY-0148,"Energy, Grid & the Home",The grid: where power comes from,GR-48,6–8,Builder,Grid Literate,"The transition, without the slogans","Decarbonising a grid: what is genuinely hard, what is already solved, and how to read claims from every side. — at 6–8","Take one energy-transition claim from current media, check it against grid data, and deliver a verdict with sources."
CX-ENERGY-0149,"Energy, Grid & the Home",The grid: where power comes from,GR-49,9–10,Practitioner,Grid Literate,"The transition, without the slogans","Decarbonising a grid: what is genuinely hard, what is already solved, and how to read claims from every side. — at 9–10","Take one energy-transition claim from current media, check it against grid data, and deliver a verdict with sources."
CX-ENERGY-0150,"Energy, Grid & the Home",The grid: where power comes from,GR-50,11–12,Lead,Grid Literate,"The transition, without the slogans","Decarbonising a grid: what is genuinely hard, what is already solved, and how to read claims from every side. — at 11–12","Take one energy-transition claim from current media, check it against grid data, and deliver a verdict with sources."
CX-ENERGY-0151,"Energy, Grid & the Home","Water, gas and the other pipes",WG-1,K–2,Explorer,Utilities Steward,The stopcock and the sixty seconds that matter,"Where water enters, how to shut it off, and why every household member should be able to do it in the dark. — at K–2","Locate and operate the main water shutoff in a real dwelling, then time a second household member doing it cold."
CX-ENERGY-0152,"Energy, Grid & the Home","Water, gas and the other pipes",WG-2,3–5,Explorer,Utilities Steward,The stopcock and the sixty seconds that matter,"Where water enters, how to shut it off, and why every household member should be able to do it in the dark. — at 3–5","Locate and operate the main water shutoff in a real dwelling, then time a second household member doing it cold."
CX-ENERGY-0153,"Energy, Grid & the Home","Water, gas and the other pipes",WG-3,6–8,Builder,Utilities Steward,The stopcock and the sixty seconds that matter,"Where water enters, how to shut it off, and why every household member should be able to do it in the dark. — at 6–8","Locate and operate the main water shutoff in a real dwelling, then time a second household member doing it cold."
CX-ENERGY-0154,"Energy, Grid & the Home","Water, gas and the other pipes",WG-4,9–10,Practitioner,Utilities Steward,The stopcock and the sixty seconds that matter,"Where water enters, how to shut it off, and why every household member should be able to do it in the dark. — at 9–10","Locate and operate the main water shutoff in a real dwelling, then time a second household member doing it cold."
CX-ENERGY-0155,"Energy, Grid & the Home","Water, gas and the other pipes",WG-5,11–12,Lead,Utilities Steward,The stopcock and the sixty seconds that matter,"Where water enters, how to shut it off, and why every household member should be able to do it in the dark. — at 11–12","Locate and operate the main water shutoff in a real dwelling, then time a second household member doing it cold."
CX-ENERGY-0156,"Energy, Grid & the Home","Water, gas and the other pipes",WG-6,K–2,Explorer,Utilities Steward,The drip that becomes a flood,"Reading early leak signs — stains, warping, the spinning meter with everything off — and the escalation each deserves. — at K–2","Run a whole-home leak check including the meter-still test, and document findings with photos."
CX-ENERGY-0157,"Energy, Grid & the Home","Water, gas and the other pipes",WG-7,3–5,Explorer,Utilities Steward,The drip that becomes a flood,"Reading early leak signs — stains, warping, the spinning meter with everything off — and the escalation each deserves. — at 3–5","Run a whole-home leak check including the meter-still test, and document findings with photos."
CX-ENERGY-0158,"Energy, Grid & the Home","Water, gas and the other pipes",WG-8,6–8,Builder,Utilities Steward,The drip that becomes a flood,"Reading early leak signs — stains, warping, the spinning meter with everything off — and the escalation each deserves. — at 6–8","Run a whole-home leak check including the meter-still test, and document findings with photos."
CX-ENERGY-0159,"Energy, Grid & the Home","Water, gas and the other pipes",WG-9,9–10,Practitioner,Utilities Steward,The drip that becomes a flood,"Reading early leak signs — stains, warping, the spinning meter with everything off — and the escalation each deserves. — at 9–10","Run a whole-home leak check including the meter-still test, and document findings with photos."
CX-ENERGY-0160,"Energy, Grid & the Home","Water, gas and the other pipes",WG-10,11–12,Lead,Utilities Steward,The drip that becomes a flood,"Reading early leak signs — stains, warping, the spinning meter with everything off — and the escalation each deserves. — at 11–12","Run a whole-home leak check including the meter-still test, and document findings with photos."
CX-ENERGY-0161,"Energy, Grid & the Home","Water, gas and the other pipes",WG-11,K–2,Explorer,Utilities Steward,Drains: what goes down and what must not,"Fats, wipes and the fatberg economy; the trap under every sink and the smell that means it has failed. — at K–2","Clear or demonstrate clearing a real trap safely, and write the household's what-not-to-flush rules on one card."
CX-ENERGY-0162,"Energy, Grid & the Home","Water, gas and the other pipes",WG-12,3–5,Explorer,Utilities Steward,Drains: what goes down and what must not,"Fats, wipes and the fatberg economy; the trap under every sink and the smell that means it has failed. — at 3–5","Clear or demonstrate clearing a real trap safely, and write the household's what-not-to-flush rules on one card."
CX-ENERGY-0163,"Energy, Grid & the Home","Water, gas and the other pipes",WG-13,6–8,Builder,Utilities Steward,Drains: what goes down and what must not,"Fats, wipes and the fatberg economy; the trap under every sink and the smell that means it has failed. — at 6–8","Clear or demonstrate clearing a real trap safely, and write the household's what-not-to-flush rules on one card."
CX-ENERGY-0164,"Energy, Grid & the Home","Water, gas and the other pipes",WG-14,9–10,Practitioner,Utilities Steward,Drains: what goes down and what must not,"Fats, wipes and the fatberg economy; the trap under every sink and the smell that means it has failed. — at 9–10","Clear or demonstrate clearing a real trap safely, and write the household's what-not-to-flush rules on one card."
CX-ENERGY-0165,"Energy, Grid & the Home","Water, gas and the other pipes",WG-15,11–12,Lead,Utilities Steward,Drains: what goes down and what must not,"Fats, wipes and the fatberg economy; the trap under every sink and the smell that means it has failed. — at 11–12","Clear or demonstrate clearing a real trap safely, and write the household's what-not-to-flush rules on one card."
CX-ENERGY-0166,"Energy, Grid & the Home","Water, gas and the other pipes",WG-16,K–2,Explorer,Utilities Steward,Gas: the smell that is a command,"What natural gas smells like and why, the do-nots (switches, flames, phones indoors), and the evacuation-then-call order. — at K–2","Recite and walk the gas-leak response for your own home, including where the gas shutoff is and the number called from outside."
CX-ENERGY-0167,"Energy, Grid & the Home","Water, gas and the other pipes",WG-17,3–5,Explorer,Utilities Steward,Gas: the smell that is a command,"What natural gas smells like and why, the do-nots (switches, flames, phones indoors), and the evacuation-then-call order. — at 3–5","Recite and walk the gas-leak response for your own home, including where the gas shutoff is and the number called from outside."
CX-ENERGY-0168,"Energy, Grid & the Home","Water, gas and the other pipes",WG-18,6–8,Builder,Utilities Steward,Gas: the smell that is a command,"What natural gas smells like and why, the do-nots (switches, flames, phones indoors), and the evacuation-then-call order. — at 6–8","Recite and walk the gas-leak response for your own home, including where the gas shutoff is and the number called from outside."
CX-ENERGY-0169,"Energy, Grid & the Home","Water, gas and the other pipes",WG-19,9–10,Practitioner,Utilities Steward,Gas: the smell that is a command,"What natural gas smells like and why, the do-nots (switches, flames, phones indoors), and the evacuation-then-call order. — at 9–10","Recite and walk the gas-leak response for your own home, including where the gas shutoff is and the number called from outside."
CX-ENERGY-0170,"Energy, Grid & the Home","Water, gas and the other pipes",WG-20,11–12,Lead,Utilities Steward,Gas: the smell that is a command,"What natural gas smells like and why, the do-nots (switches, flames, phones indoors), and the evacuation-then-call order. — at 11–12","Recite and walk the gas-leak response for your own home, including where the gas shutoff is and the number called from outside."
CX-ENERGY-0171,"Energy, Grid & the Home","Water, gas and the other pipes",WG-21,K–2,Explorer,Utilities Steward,Carbon monoxide: the one with no smell,"Where CO comes from, the symptoms mistaken for flu, and the alarm that is not optional. — at K–2","Verify working CO alarms in the right locations of a real home, test them, and fix or escalate any gap."
CX-ENERGY-0172,"Energy, Grid & the Home","Water, gas and the other pipes",WG-22,3–5,Explorer,Utilities Steward,Carbon monoxide: the one with no smell,"Where CO comes from, the symptoms mistaken for flu, and the alarm that is not optional. — at 3–5","Verify working CO alarms in the right locations of a real home, test them, and fix or escalate any gap."
CX-ENERGY-0173,"Energy, Grid & the Home","Water, gas and the other pipes",WG-23,6–8,Builder,Utilities Steward,Carbon monoxide: the one with no smell,"Where CO comes from, the symptoms mistaken for flu, and the alarm that is not optional. — at 6–8","Verify working CO alarms in the right locations of a real home, test them, and fix or escalate any gap."
CX-ENERGY-0174,"Energy, Grid & the Home","Water, gas and the other pipes",WG-24,9–10,Practitioner,Utilities Steward,Carbon monoxide: the one with no smell,"Where CO comes from, the symptoms mistaken for flu, and the alarm that is not optional. — at 9–10","Verify working CO alarms in the right locations of a real home, test them, and fix or escalate any gap."
CX-ENERGY-0175,"Energy, Grid & the Home","Water, gas and the other pipes",WG-25,11–12,Lead,Utilities Steward,Carbon monoxide: the one with no smell,"Where CO comes from, the symptoms mistaken for flu, and the alarm that is not optional. — at 11–12","Verify working CO alarms in the right locations of a real home, test them, and fix or escalate any gap."
CX-ENERGY-0176,"Energy, Grid & the Home","Water, gas and the other pipes",WG-26,K–2,Explorer,Utilities Steward,"Water heaters, boilers and the annual visit","The service schedule that keeps combustion appliances safe, and the signs (soot, yellow flame, pilot outages) that cannot wait. — at K–2",Check a real combustion appliance for the visible warning signs and confirm or book its service record.
CX-ENERGY-0177,"Energy, Grid & the Home","Water, gas and the other pipes",WG-27,3–5,Explorer,Utilities Steward,"Water heaters, boilers and the annual visit","The service schedule that keeps combustion appliances safe, and the signs (soot, yellow flame, pilot outages) that cannot wait. — at 3–5",Check a real combustion appliance for the visible warning signs and confirm or book its service record.
CX-ENERGY-0178,"Energy, Grid & the Home","Water, gas and the other pipes",WG-28,6–8,Builder,Utilities Steward,"Water heaters, boilers and the annual visit","The service schedule that keeps combustion appliances safe, and the signs (soot, yellow flame, pilot outages) that cannot wait. — at 6–8",Check a real combustion appliance for the visible warning signs and confirm or book its service record.
CX-ENERGY-0179,"Energy, Grid & the Home","Water, gas and the other pipes",WG-29,9–10,Practitioner,Utilities Steward,"Water heaters, boilers and the annual visit","The service schedule that keeps combustion appliances safe, and the signs (soot, yellow flame, pilot outages) that cannot wait. — at 9–10",Check a real combustion appliance for the visible warning signs and confirm or book its service record.
CX-ENERGY-0180,"Energy, Grid & the Home","Water, gas and the other pipes",WG-30,11–12,Lead,Utilities Steward,"Water heaters, boilers and the annual visit","The service schedule that keeps combustion appliances safe, and the signs (soot, yellow flame, pilot outages) that cannot wait. — at 11–12",Check a real combustion appliance for the visible warning signs and confirm or book its service record.
CX-ENERGY-0181,"Energy, Grid & the Home","Water, gas and the other pipes",WG-31,K–2,Explorer,Utilities Steward,"Hard water, soft water and what scale does","Mineral content, kettle fur, dying heating elements — and whether treatment is worth it where you live. — at K–2","Test or look up your local water hardness and inspect one real appliance for scale, recommending treat or tolerate with reasons."
CX-ENERGY-0182,"Energy, Grid & the Home","Water, gas and the other pipes",WG-32,3–5,Explorer,Utilities Steward,"Hard water, soft water and what scale does","Mineral content, kettle fur, dying heating elements — and whether treatment is worth it where you live. — at 3–5","Test or look up your local water hardness and inspect one real appliance for scale, recommending treat or tolerate with reasons."
CX-ENERGY-0183,"Energy, Grid & the Home","Water, gas and the other pipes",WG-33,6–8,Builder,Utilities Steward,"Hard water, soft water and what scale does","Mineral content, kettle fur, dying heating elements — and whether treatment is worth it where you live. — at 6–8","Test or look up your local water hardness and inspect one real appliance for scale, recommending treat or tolerate with reasons."
CX-ENERGY-0184,"Energy, Grid & the Home","Water, gas and the other pipes",WG-34,9–10,Practitioner,Utilities Steward,"Hard water, soft water and what scale does","Mineral content, kettle fur, dying heating elements — and whether treatment is worth it where you live. — at 9–10","Test or look up your local water hardness and inspect one real appliance for scale, recommending treat or tolerate with reasons."
CX-ENERGY-0185,"Energy, Grid & the Home","Water, gas and the other pipes",WG-35,11–12,Lead,Utilities Steward,"Hard water, soft water and what scale does","Mineral content, kettle fur, dying heating elements — and whether treatment is worth it where you live. — at 11–12","Test or look up your local water hardness and inspect one real appliance for scale, recommending treat or tolerate with reasons."
CX-ENERGY-0186,"Energy, Grid & the Home","Water, gas and the other pipes",WG-36,K–2,Explorer,Utilities Steward,"Sewage, septic and where it all goes","Mains drainage versus septic, what a treatment plant does, and the household's end of the bargain. — at K–2",Trace where your own wastewater actually goes — to which works or tank — and list the two household behaviours that most protect it.
CX-ENERGY-0187,"Energy, Grid & the Home","Water, gas and the other pipes",WG-37,3–5,Explorer,Utilities Steward,"Sewage, septic and where it all goes","Mains drainage versus septic, what a treatment plant does, and the household's end of the bargain. — at 3–5",Trace where your own wastewater actually goes — to which works or tank — and list the two household behaviours that most protect it.
CX-ENERGY-0188,"Energy, Grid & the Home","Water, gas and the other pipes",WG-38,6–8,Builder,Utilities Steward,"Sewage, septic and where it all goes","Mains drainage versus septic, what a treatment plant does, and the household's end of the bargain. — at 6–8",Trace where your own wastewater actually goes — to which works or tank — and list the two household behaviours that most protect it.
CX-ENERGY-0189,"Energy, Grid & the Home","Water, gas and the other pipes",WG-39,9–10,Practitioner,Utilities Steward,"Sewage, septic and where it all goes","Mains drainage versus septic, what a treatment plant does, and the household's end of the bargain. — at 9–10",Trace where your own wastewater actually goes — to which works or tank — and list the two household behaviours that most protect it.
CX-ENERGY-0190,"Energy, Grid & the Home","Water, gas and the other pipes",WG-40,11–12,Lead,Utilities Steward,"Sewage, septic and where it all goes","Mains drainage versus septic, what a treatment plant does, and the household's end of the bargain. — at 11–12",Trace where your own wastewater actually goes — to which works or tank — and list the two household behaviours that most protect it.
CX-ENERGY-0191,"Energy, Grid & the Home","Water, gas and the other pipes",WG-41,K–2,Explorer,Utilities Steward,The utility bill quartet,"Water, gas, electric, connectivity: metering, estimated bills, and catching the error that repeats every month. — at K–2","Audit a household's four utility bills for one quarter, verify each against meters or usage, and dispute or explain any anomaly."
CX-ENERGY-0192,"Energy, Grid & the Home","Water, gas and the other pipes",WG-42,3–5,Explorer,Utilities Steward,The utility bill quartet,"Water, gas, electric, connectivity: metering, estimated bills, and catching the error that repeats every month. — at 3–5","Audit a household's four utility bills for one quarter, verify each against meters or usage, and dispute or explain any anomaly."
CX-ENERGY-0193,"Energy, Grid & the Home","Water, gas and the other pipes",WG-43,6–8,Builder,Utilities Steward,The utility bill quartet,"Water, gas, electric, connectivity: metering, estimated bills, and catching the error that repeats every month. — at 6–8","Audit a household's four utility bills for one quarter, verify each against meters or usage, and dispute or explain any anomaly."
CX-ENERGY-0194,"Energy, Grid & the Home","Water, gas and the other pipes",WG-44,9–10,Practitioner,Utilities Steward,The utility bill quartet,"Water, gas, electric, connectivity: metering, estimated bills, and catching the error that repeats every month. — at 9–10","Audit a household's four utility bills for one quarter, verify each against meters or usage, and dispute or explain any anomaly."
CX-ENERGY-0195,"Energy, Grid & the Home","Water, gas and the other pipes",WG-45,11–12,Lead,Utilities Steward,The utility bill quartet,"Water, gas, electric, connectivity: metering, estimated bills, and catching the error that repeats every month. — at 11–12","Audit a household's four utility bills for one quarter, verify each against meters or usage, and dispute or explain any anomaly."
CX-ENERGY-0196,"Energy, Grid & the Home","Water, gas and the other pipes",WG-46,K–2,Explorer,Utilities Steward,Turning a home off and on again,"The vacancy checklist: what gets shut, drained and unplugged before an absence, and the restart order that avoids surprises. — at K–2",Write and execute (or fully rehearse) the shutdown and restart checklist for a real dwelling before and after an absence.
CX-ENERGY-0197,"Energy, Grid & the Home","Water, gas and the other pipes",WG-47,3–5,Explorer,Utilities Steward,Turning a home off and on again,"The vacancy checklist: what gets shut, drained and unplugged before an absence, and the restart order that avoids surprises. — at 3–5",Write and execute (or fully rehearse) the shutdown and restart checklist for a real dwelling before and after an absence.
CX-ENERGY-0198,"Energy, Grid & the Home","Water, gas and the other pipes",WG-48,6–8,Builder,Utilities Steward,Turning a home off and on again,"The vacancy checklist: what gets shut, drained and unplugged before an absence, and the restart order that avoids surprises. — at 6–8",Write and execute (or fully rehearse) the shutdown and restart checklist for a real dwelling before and after an absence.
CX-ENERGY-0199,"Energy, Grid & the Home","Water, gas and the other pipes",WG-49,9–10,Practitioner,Utilities Steward,Turning a home off and on again,"The vacancy checklist: what gets shut, drained and unplugged before an absence, and the restart order that avoids surprises. — at 9–10",Write and execute (or fully rehearse) the shutdown and restart checklist for a real dwelling before and after an absence.
CX-ENERGY-0200,"Energy, Grid & the Home","Water, gas and the other pipes",WG-50,11–12,Lead,Utilities Steward,Turning a home off and on again,"The vacancy checklist: what gets shut, drained and unplugged before an absence, and the restart order that avoids surprises. — at 11–12",Write and execute (or fully rehearse) the shutdown and restart checklist for a real dwelling before and after an absence.
CX-ENERGY-0201,"Energy, Grid & the Home",Using less without living less,EF-1,K–2,Explorer,Energy Saver,Finding the hogs,"Measuring what each appliance really draws — the heaters, dryers and always-on boxes that dominate a bill. — at K–2","Meter or plate-audit ten real appliances, rank them by monthly cost, and name the top three with figures."
CX-ENERGY-0202,"Energy, Grid & the Home",Using less without living less,EF-2,3–5,Explorer,Energy Saver,Finding the hogs,"Measuring what each appliance really draws — the heaters, dryers and always-on boxes that dominate a bill. — at 3–5","Meter or plate-audit ten real appliances, rank them by monthly cost, and name the top three with figures."
CX-ENERGY-0203,"Energy, Grid & the Home",Using less without living less,EF-3,6–8,Builder,Energy Saver,Finding the hogs,"Measuring what each appliance really draws — the heaters, dryers and always-on boxes that dominate a bill. — at 6–8","Meter or plate-audit ten real appliances, rank them by monthly cost, and name the top three with figures."
CX-ENERGY-0204,"Energy, Grid & the Home",Using less without living less,EF-4,9–10,Practitioner,Energy Saver,Finding the hogs,"Measuring what each appliance really draws — the heaters, dryers and always-on boxes that dominate a bill. — at 9–10","Meter or plate-audit ten real appliances, rank them by monthly cost, and name the top three with figures."
CX-ENERGY-0205,"Energy, Grid & the Home",Using less without living less,EF-5,11–12,Lead,Energy Saver,Finding the hogs,"Measuring what each appliance really draws — the heaters, dryers and always-on boxes that dominate a bill. — at 11–12","Meter or plate-audit ten real appliances, rank them by monthly cost, and name the top three with figures."
CX-ENERGY-0206,"Energy, Grid & the Home",Using less without living less,EF-6,K–2,Explorer,Energy Saver,Standby: the load that never sleeps,Phantom draw across a modern home — what it sums to over a year and which devices deserve a true off. — at K–2,"Measure or estimate your home's total standby load, then eliminate part of it and show the before-and-after."
CX-ENERGY-0207,"Energy, Grid & the Home",Using less without living less,EF-7,3–5,Explorer,Energy Saver,Standby: the load that never sleeps,Phantom draw across a modern home — what it sums to over a year and which devices deserve a true off. — at 3–5,"Measure or estimate your home's total standby load, then eliminate part of it and show the before-and-after."
CX-ENERGY-0208,"Energy, Grid & the Home",Using less without living less,EF-8,6–8,Builder,Energy Saver,Standby: the load that never sleeps,Phantom draw across a modern home — what it sums to over a year and which devices deserve a true off. — at 6–8,"Measure or estimate your home's total standby load, then eliminate part of it and show the before-and-after."
CX-ENERGY-0209,"Energy, Grid & the Home",Using less without living less,EF-9,9–10,Practitioner,Energy Saver,Standby: the load that never sleeps,Phantom draw across a modern home — what it sums to over a year and which devices deserve a true off. — at 9–10,"Measure or estimate your home's total standby load, then eliminate part of it and show the before-and-after."
CX-ENERGY-0210,"Energy, Grid & the Home",Using less without living less,EF-10,11–12,Lead,Energy Saver,Standby: the load that never sleeps,Phantom draw across a modern home — what it sums to over a year and which devices deserve a true off. — at 11–12,"Measure or estimate your home's total standby load, then eliminate part of it and show the before-and-after."
CX-ENERGY-0211,"Energy, Grid & the Home",Using less without living less,EF-11,K–2,Explorer,Energy Saver,Light: the solved problem,"LED economics, lumens versus watts, and the fixtures still burning money in most buildings. — at K–2","Survey one building's lighting, compute the payback of converting what remains, and convert at least one fixture."
CX-ENERGY-0212,"Energy, Grid & the Home",Using less without living less,EF-12,3–5,Explorer,Energy Saver,Light: the solved problem,"LED economics, lumens versus watts, and the fixtures still burning money in most buildings. — at 3–5","Survey one building's lighting, compute the payback of converting what remains, and convert at least one fixture."
CX-ENERGY-0213,"Energy, Grid & the Home",Using less without living less,EF-13,6–8,Builder,Energy Saver,Light: the solved problem,"LED economics, lumens versus watts, and the fixtures still burning money in most buildings. — at 6–8","Survey one building's lighting, compute the payback of converting what remains, and convert at least one fixture."
CX-ENERGY-0214,"Energy, Grid & the Home",Using less without living less,EF-14,9–10,Practitioner,Energy Saver,Light: the solved problem,"LED economics, lumens versus watts, and the fixtures still burning money in most buildings. — at 9–10","Survey one building's lighting, compute the payback of converting what remains, and convert at least one fixture."
CX-ENERGY-0215,"Energy, Grid & the Home",Using less without living less,EF-15,11–12,Lead,Energy Saver,Light: the solved problem,"LED economics, lumens versus watts, and the fixtures still burning money in most buildings. — at 11–12","Survey one building's lighting, compute the payback of converting what remains, and convert at least one fixture."
CX-ENERGY-0216,"Energy, Grid & the Home",Using less without living less,EF-16,K–2,Explorer,Energy Saver,The laundry equation,"Temperature, load size and the dryer's outsized cost — the washing habits that halve the energy per clean shirt. — at K–2","Run one week's laundry under changed rules (full loads, lower temp, line-dry where possible) and quantify the difference."
CX-ENERGY-0217,"Energy, Grid & the Home",Using less without living less,EF-17,3–5,Explorer,Energy Saver,The laundry equation,"Temperature, load size and the dryer's outsized cost — the washing habits that halve the energy per clean shirt. — at 3–5","Run one week's laundry under changed rules (full loads, lower temp, line-dry where possible) and quantify the difference."
CX-ENERGY-0218,"Energy, Grid & the Home",Using less without living less,EF-18,6–8,Builder,Energy Saver,The laundry equation,"Temperature, load size and the dryer's outsized cost — the washing habits that halve the energy per clean shirt. — at 6–8","Run one week's laundry under changed rules (full loads, lower temp, line-dry where possible) and quantify the difference."
CX-ENERGY-0219,"Energy, Grid & the Home",Using less without living less,EF-19,9–10,Practitioner,Energy Saver,The laundry equation,"Temperature, load size and the dryer's outsized cost — the washing habits that halve the energy per clean shirt. — at 9–10","Run one week's laundry under changed rules (full loads, lower temp, line-dry where possible) and quantify the difference."
CX-ENERGY-0220,"Energy, Grid & the Home",Using less without living less,EF-20,11–12,Lead,Energy Saver,The laundry equation,"Temperature, load size and the dryer's outsized cost — the washing habits that halve the energy per clean shirt. — at 11–12","Run one week's laundry under changed rules (full loads, lower temp, line-dry where possible) and quantify the difference."
CX-ENERGY-0221,"Energy, Grid & the Home",Using less without living less,EF-21,K–2,Explorer,Energy Saver,The kitchen's energy order,"Kettle, microwave, hob, oven — matching the tool to the job, and the lids, batch bakes and fridge habits that add up. — at K–2",Cook one meal twice — habitual versus energy-ordered — and compare the measured or estimated energy of each.
CX-ENERGY-0222,"Energy, Grid & the Home",Using less without living less,EF-22,3–5,Explorer,Energy Saver,The kitchen's energy order,"Kettle, microwave, hob, oven — matching the tool to the job, and the lids, batch bakes and fridge habits that add up. — at 3–5",Cook one meal twice — habitual versus energy-ordered — and compare the measured or estimated energy of each.
CX-ENERGY-0223,"Energy, Grid & the Home",Using less without living less,EF-23,6–8,Builder,Energy Saver,The kitchen's energy order,"Kettle, microwave, hob, oven — matching the tool to the job, and the lids, batch bakes and fridge habits that add up. — at 6–8",Cook one meal twice — habitual versus energy-ordered — and compare the measured or estimated energy of each.
CX-ENERGY-0224,"Energy, Grid & the Home",Using less without living less,EF-24,9–10,Practitioner,Energy Saver,The kitchen's energy order,"Kettle, microwave, hob, oven — matching the tool to the job, and the lids, batch bakes and fridge habits that add up. — at 9–10",Cook one meal twice — habitual versus energy-ordered — and compare the measured or estimated energy of each.
CX-ENERGY-0225,"Energy, Grid & the Home",Using less without living less,EF-25,11–12,Lead,Energy Saver,The kitchen's energy order,"Kettle, microwave, hob, oven — matching the tool to the job, and the lids, batch bakes and fridge habits that add up. — at 11–12",Cook one meal twice — habitual versus energy-ordered — and compare the measured or estimated energy of each.
CX-ENERGY-0226,"Energy, Grid & the Home",Using less without living less,EF-26,K–2,Explorer,Energy Saver,One degree and one hour,"What a single thermostat degree and a single heating hour actually cost across a season — small levers, honestly sized. — at K–2","Compute, for your real home and tariff, the seasonal value of one degree of setback, and decide whether to take it."
CX-ENERGY-0227,"Energy, Grid & the Home",Using less without living less,EF-27,3–5,Explorer,Energy Saver,One degree and one hour,"What a single thermostat degree and a single heating hour actually cost across a season — small levers, honestly sized. — at 3–5","Compute, for your real home and tariff, the seasonal value of one degree of setback, and decide whether to take it."
CX-ENERGY-0228,"Energy, Grid & the Home",Using less without living less,EF-28,6–8,Builder,Energy Saver,One degree and one hour,"What a single thermostat degree and a single heating hour actually cost across a season — small levers, honestly sized. — at 6–8","Compute, for your real home and tariff, the seasonal value of one degree of setback, and decide whether to take it."
CX-ENERGY-0229,"Energy, Grid & the Home",Using less without living less,EF-29,9–10,Practitioner,Energy Saver,One degree and one hour,"What a single thermostat degree and a single heating hour actually cost across a season — small levers, honestly sized. — at 9–10","Compute, for your real home and tariff, the seasonal value of one degree of setback, and decide whether to take it."
CX-ENERGY-0230,"Energy, Grid & the Home",Using less without living less,EF-30,11–12,Lead,Energy Saver,One degree and one hour,"What a single thermostat degree and a single heating hour actually cost across a season — small levers, honestly sized. — at 11–12","Compute, for your real home and tariff, the seasonal value of one degree of setback, and decide whether to take it."
CX-ENERGY-0231,"Energy, Grid & the Home",Using less without living less,EF-31,K–2,Explorer,Energy Saver,Reading your own usage curve,"Smart meter data and bill histories as a diary of the household — spotting the anomaly, the season and the habit in the graph. — at K–2","Chart a year of your real usage, annotate three features with their household causes, and flag one anomaly worth chasing."
CX-ENERGY-0232,"Energy, Grid & the Home",Using less without living less,EF-32,3–5,Explorer,Energy Saver,Reading your own usage curve,"Smart meter data and bill histories as a diary of the household — spotting the anomaly, the season and the habit in the graph. — at 3–5","Chart a year of your real usage, annotate three features with their household causes, and flag one anomaly worth chasing."
CX-ENERGY-0233,"Energy, Grid & the Home",Using less without living less,EF-33,6–8,Builder,Energy Saver,Reading your own usage curve,"Smart meter data and bill histories as a diary of the household — spotting the anomaly, the season and the habit in the graph. — at 6–8","Chart a year of your real usage, annotate three features with their household causes, and flag one anomaly worth chasing."
CX-ENERGY-0234,"Energy, Grid & the Home",Using less without living less,EF-34,9–10,Practitioner,Energy Saver,Reading your own usage curve,"Smart meter data and bill histories as a diary of the household — spotting the anomaly, the season and the habit in the graph. — at 9–10","Chart a year of your real usage, annotate three features with their household causes, and flag one anomaly worth chasing."
CX-ENERGY-0235,"Energy, Grid & the Home",Using less without living less,EF-35,11–12,Lead,Energy Saver,Reading your own usage curve,"Smart meter data and bill histories as a diary of the household — spotting the anomaly, the season and the habit in the graph. — at 11–12","Chart a year of your real usage, annotate three features with their household causes, and flag one anomaly worth chasing."
CX-ENERGY-0236,"Energy, Grid & the Home",Using less without living less,EF-36,K–2,Explorer,Energy Saver,The tariff you are actually on,"Flat, time-of-use, prepay — what you are on, what you should be on, and switching without being switched. — at K–2","Identify your current tariff, price one realistic alternative against your real usage, and execute or justify declining the switch."
CX-ENERGY-0237,"Energy, Grid & the Home",Using less without living less,EF-37,3–5,Explorer,Energy Saver,The tariff you are actually on,"Flat, time-of-use, prepay — what you are on, what you should be on, and switching without being switched. — at 3–5","Identify your current tariff, price one realistic alternative against your real usage, and execute or justify declining the switch."
CX-ENERGY-0238,"Energy, Grid & the Home",Using less without living less,EF-38,6–8,Builder,Energy Saver,The tariff you are actually on,"Flat, time-of-use, prepay — what you are on, what you should be on, and switching without being switched. — at 6–8","Identify your current tariff, price one realistic alternative against your real usage, and execute or justify declining the switch."
CX-ENERGY-0239,"Energy, Grid & the Home",Using less without living less,EF-39,9–10,Practitioner,Energy Saver,The tariff you are actually on,"Flat, time-of-use, prepay — what you are on, what you should be on, and switching without being switched. — at 9–10","Identify your current tariff, price one realistic alternative against your real usage, and execute or justify declining the switch."
CX-ENERGY-0240,"Energy, Grid & the Home",Using less without living less,EF-40,11–12,Lead,Energy Saver,The tariff you are actually on,"Flat, time-of-use, prepay — what you are on, what you should be on, and switching without being switched. — at 11–12","Identify your current tariff, price one realistic alternative against your real usage, and execute or justify declining the switch."
CX-ENERGY-0241,"Energy, Grid & the Home",Using less without living less,EF-41,K–2,Explorer,Energy Saver,The building you do not control,"Saving energy as a tenant or in a shared building: what you may change, what needs the landlord, and how to ask so it happens. — at K–2",Write and send (or fully draft) one well-evidenced efficiency request to a real landlord or building manager.
CX-ENERGY-0242,"Energy, Grid & the Home",Using less without living less,EF-42,3–5,Explorer,Energy Saver,The building you do not control,"Saving energy as a tenant or in a shared building: what you may change, what needs the landlord, and how to ask so it happens. — at 3–5",Write and send (or fully draft) one well-evidenced efficiency request to a real landlord or building manager.
CX-ENERGY-0243,"Energy, Grid & the Home",Using less without living less,EF-43,6–8,Builder,Energy Saver,The building you do not control,"Saving energy as a tenant or in a shared building: what you may change, what needs the landlord, and how to ask so it happens. — at 6–8",Write and send (or fully draft) one well-evidenced efficiency request to a real landlord or building manager.
CX-ENERGY-0244,"Energy, Grid & the Home",Using less without living less,EF-44,9–10,Practitioner,Energy Saver,The building you do not control,"Saving energy as a tenant or in a shared building: what you may change, what needs the landlord, and how to ask so it happens. — at 9–10",Write and send (or fully draft) one well-evidenced efficiency request to a real landlord or building manager.
CX-ENERGY-0245,"Energy, Grid & the Home",Using less without living less,EF-45,11–12,Lead,Energy Saver,The building you do not control,"Saving energy as a tenant or in a shared building: what you may change, what needs the landlord, and how to ask so it happens. — at 11–12",Write and send (or fully draft) one well-evidenced efficiency request to a real landlord or building manager.
CX-ENERGY-0246,"Energy, Grid & the Home",Using less without living less,EF-46,K–2,Explorer,Energy Saver,The household energy budget,"Setting a target, assigning the levers, and reviewing monthly — energy as a managed budget rather than an arriving surprise. — at K–2","Set a costed reduction target for one real household, run it for a month, and publish the result against target."
CX-ENERGY-0247,"Energy, Grid & the Home",Using less without living less,EF-47,3–5,Explorer,Energy Saver,The household energy budget,"Setting a target, assigning the levers, and reviewing monthly — energy as a managed budget rather than an arriving surprise. — at 3–5","Set a costed reduction target for one real household, run it for a month, and publish the result against target."
CX-ENERGY-0248,"Energy, Grid & the Home",Using less without living less,EF-48,6–8,Builder,Energy Saver,The household energy budget,"Setting a target, assigning the levers, and reviewing monthly — energy as a managed budget rather than an arriving surprise. — at 6–8","Set a costed reduction target for one real household, run it for a month, and publish the result against target."
CX-ENERGY-0249,"Energy, Grid & the Home",Using less without living less,EF-49,9–10,Practitioner,Energy Saver,The household energy budget,"Setting a target, assigning the levers, and reviewing monthly — energy as a managed budget rather than an arriving surprise. — at 9–10","Set a costed reduction target for one real household, run it for a month, and publish the result against target."
CX-ENERGY-0250,"Energy, Grid & the Home",Using less without living less,EF-50,11–12,Lead,Energy Saver,The household energy budget,"Setting a target, assigning the levers, and reviewing monthly — energy as a managed budget rather than an arriving surprise. — at 11–12","Set a costed reduction target for one real household, run it for a month, and publish the result against target."
CX-K12-0001,K–12,,LB-1,K,Explorer,Cadet: Counter,Counting the Depot,,Count a novel set of 12 mixed parts and match the numeral
CX-K12-0002,K–12,,LB-2,K,Explorer,Cadet: Shape Sorter,Shapes that Roll,,Build a bot base from named shapes
CX-K12-0003,K–12,,LB-3,K,Explorer,Cadet: Feeder,More or Fewer,,Solve two add/subtract-within-10 stories about the depot
CX-K12-0004,K–12,,LB-4,K,Explorer,Depot Cadet,Measure and Compare,,Compare two objects on two attributes and explain in a drawing
CX-K12-0005,K–12,,LB-5,K,Explorer,Bridge: Gear Cadet,Summer Bridge K→1: Gears in the Garden,,Count and compare a novel harvest set; name one gear pair
CX-K12-0006,K–12,,LB-6,1,Explorer,Gear Cadet: Counter,Adding to Ten,,Solve three novel add/subtract-within-20 gear stories
CX-K12-0007,K–12,,LB-7,1,Explorer,Gear Cadet: Inventory,Place Value at the Depot,,Represent a two-digit inventory count two ways
CX-K12-0008,K–12,,LB-8,1,Explorer,Gear Cadet: Measurer,Measuring with Bots,,Measure a novel object with a non-standard unit and read a clock to the half hour
CX-K12-0009,K–12,,LB-9,1,Explorer,Gear Cadet,Shapes and Halves,,Partition a shape into halves and describe it in writing
CX-K12-0010,K–12,,LB-10,1,Explorer,Bridge: Belt Cadet,Summer Bridge 1→2: The Belt Camp,,Solve two belt stories within 20; measure and compare two sections
CX-K12-0011,K–12,,LB-11,2,Explorer,Belt Cadet: Operator,Gear Tooth Operations II,,Solve a two-step gear story within 100
CX-K12-0012,K–12,,LB-12,2,Explorer,Belt Cadet: Inventory,"Depot Inventory to 1,000",,Add and subtract three-digit inventory totals with explanation
CX-K12-0013,K–12,,LB-13,2,Explorer,Belt Cadet: Log Keeper,The Repair Log,,"Produce a repair log with measurement, time and a bar graph"
CX-K12-0014,K–12,,LB-14,2,Explorer,Belt Cadet,Belt Sections,,Partition a rectangle into rows and columns and count the squares
CX-K12-0015,K–12,,LB-15,2,Explorer,Bridge: Sequencer,Summer Bridge 2→3: Sorting Floor Camp,,Build an array from a novel load and write its equal-groups sentence
CX-K12-0016,K–12,,LB-16,3,Explorer,Sequencer: Patterns,Pattern & Sequence Bots,,Extend and explain a novel multiplication pattern
CX-K12-0017,K–12,,LB-17,3,Explorer,Sequencer: Belt Operator,Fractions on the Conveyor I,,Place fractions on a number line and compare two belt speeds
CX-K12-0018,K–12,,LB-18,3,Explorer,Sequencer: Gauge Reader,Gauge Reader,,Solve a novel area problem and read a scaled bar graph
CX-K12-0019,K–12,,LB-19,3,Explorer,Junior Systems Cadet,Depot Inspection,,Fluent multiplication facts and a hand-written inspection report
CX-K12-0020,K–12,,LB-20,3,Explorer,Bridge: Shape Mechanic,Summer Bridge 3→4: Crane Yard Camp,,Multi-step load problem; a fraction of a novel belt
CX-K12-0021,K–12,,LB-21,4,Explorer,Shape Mechanic: Crane,Crane Arm Fold,,Multi-step word problem with a remainder interpreted in context
CX-K12-0022,K–12,,LB-22,4,Explorer,Shape Mechanic: Belt,Fractions on the Conveyor II,,Add and subtract fractions with unlike denominators in a novel belt problem
CX-K12-0023,K–12,,LB-23,4,Explorer,Shape Mechanic: Gauge,Measure the Machine,,Measure and sketch angles on a novel linkage; convert units
CX-K12-0024,K–12,,LB-24,4,Explorer,Shape Mechanic,"Lines, Angles and the Coast",,Classify shapes by lines and angles and write the cursive engineering note
CX-K12-0025,K–12,,LB-25,4,Explorer,Bridge: Gauge Watcher,Summer Bridge 4→5: Pump Station Camp,,Read a gauge to the hundredth; measure a novel angle
CX-K12-0026,K–12,,LB-26,5,Explorer,Gauge Watcher: Sensors,Weather & Water Sensors I,,Decimal computation on a novel gauge log with a justified alert decision
CX-K12-0027,K–12,,LB-27,5,Explorer,Gauge Watcher: Belt,Belt at Three-Quarter Speed,,Fraction multiplication and division in a novel pump-station problem
CX-K12-0028,K–12,,LB-28,5,Explorer,Gauge Watcher: Data,Flood Alert Data,,Volume and unit conversion on a novel tank; data plot with a written conclusion
CX-K12-0029,K–12,,LB-29,5,Explorer,Junior Systems Cadet (Ignite Era complete),Depot Map Coordinates,,Plot and interpret points on a novel map; classify shapes
CX-K12-0030,K–12,,LB-30,5,Explorer,Bridge: Field Technician I,Summer Bridge 5→6: Port Preview,,Plot and read a novel yard map; solve one rate problem
CX-K12-0031,K–12,,LB-31,6,Builder,Drive Tech,Ratios & Gear Trains,,Novel ratio table and unit-rate problem with a gear-train sketch
CX-K12-0032,K–12,,LB-32,6,Builder,Junior Programmer I,Python Foundations I,,Write and evaluate an expression for a novel belt; debug a three-line loop
CX-K12-0033,K–12,,LB-33,6,Builder,Yard Geometer,Container Geometry,,"Area, surface area and coordinate distance on a novel yard layout"
CX-K12-0034,K–12,,LB-34,6,Builder,Data Tech I,Sensors & Noise I,,Describe center and spread of a novel sensor set and pick the reliable one
CX-K12-0035,K–12,,LB-35,6,Builder,Bridge: Field Technician II,Summer Bridge 6→7: Terminal Summer Crew,,Proportion problem on a novel sensor set
CX-K12-0036,K–12,,LB-36,7,Builder,Torque Tech,Proportional Torque,,Proportional reasoning with a percent margin on a novel load
CX-K12-0037,K–12,,LB-37,7,Builder,Power Tech,Motor Margin Equations,,Two-step equation and inequality on a novel power budget
CX-K12-0038,K–12,,LB-38,7,Builder,Path Planner I,Coordinate Robots I,,Scale drawing and circle problem on a novel gantry
CX-K12-0039,K–12,,LB-39,7,Builder,Data Tech II,Sensor Sampling,,Probability and sampling inference on a novel sensor log
CX-K12-0040,K–12,,LB-40,7,Builder,Bridge: Field Technician III,Summer Bridge 7→8: Grain Terminal Summer Crew,,Linear model of a novel belt; relay traced
CX-K12-0041,K–12,,LB-41,8,Builder,Motion Analyst,Linear Motion Models,,Write and solve a linear model and a system on a novel sweep
CX-K12-0042,K–12,,LB-42,8,Builder,Function Analyst,Servo Sweep Functions,,Interpret rate and initial value of a novel function in context
CX-K12-0043,K–12,,LB-43,8,Builder,Reach Analyst,Coordinate Robots II & Pythagorean Reach,,Transformation sequence and Pythagorean reach on a novel arm
CX-K12-0044,K–12,,LB-44,8,Builder,Field Technician (Applied Mechanics complete),"Circuits, Relays & Sensors II",,Bivariate data interpretation and a relay fault diagnosis
CX-K12-0045,K–12,,LB-45,8,Builder,Bridge: Cleared Trainee,Summer Bridge 8→9: Terminal Onboarding Camp,,Safety-gate sign-off; linear system solved on a novel line
CX-K12-0046,K–12,,LB-46,9,Practitioner,Cleared Trainee,Terminal Onboarding & Linear Models,,Safety-gate sign-off; linear model of a novel belt with units justified
CX-K12-0047,K–12,,LB-47,9,Practitioner,Controls Specialist I,Linear Systems & Control,,System of equations and inequalities on a novel line; graph and interpret
CX-K12-0048,K–12,,LB-48,9,Practitioner,Motion Modeler,Functions of Motion,,Interpret and build functions for a novel motion profile
CX-K12-0049,K–12,,LB-49,9,Practitioner,Systems Programmer I,Statistics & the Controller Patch,,Code review passed; line of fit and correlation interpreted on a novel data set
CX-K12-0050,K–12,,LB-50,9,Practitioner,Bridge: Twin Calibrator,Summer Bridge 9→10: Twin Summer Lab,,Scale factor found on a novel twin; SPC chart read
CX-K12-0051,K–12,,LB-51,10,Practitioner,Twin Calibrator I,Scale the Twin,,Congruence and similarity proof on a novel rig; scale factor from two lengths
CX-K12-0052,K–12,,LB-52,10,Practitioner,Twin Calibrator · Kinematics Lead,The Calcasieu Assembly Calibration,,Similarity and right-triangle trigonometry on a novel arm with new stroke lengths
CX-K12-0053,K–12,,LB-53,10,Practitioner,Reach Diagnostician · Load Analyst,Two-Link Arm & Torque,,Law of cosines reach decision and vector balance on a novel actuator
CX-K12-0054,K–12,,LB-54,10,Practitioner,Mechatronic Systems Specialist (Mechatronic-Math Block complete),Weld Paths & Thermal Systems,,Coordinate-geometry weld path and relay diagnosis on a novel cell
CX-K12-0055,K–12,,LB-55,10,Practitioner,Bridge: Automation Tech,Summer Bridge 10→11: Site Induction,,Trig on a novel two-link arm; OSHA 10 card
CX-K12-0056,K–12,,LB-56,11,Lead,Automation Tech I,PLC & Industrial Networks,,Polynomial and rational model on a novel line; fault traced and documented
CX-K12-0057,K–12,,LB-57,11,Lead,Reliability Analyst,Predictive Fatigue Diagnostics,,Exponential and logarithmic solution on a novel reliability curve with a work order
CX-K12-0058,K–12,,LB-58,11,Lead,Quality Analyst,Statistics for Quality,,Control chart and inference on a novel process; sampling plan defended
CX-K12-0059,K–12,,LB-59,11,Lead,AI-CAD Analyst,AI-CAD & Trig Models,,Trigonometric model of a novel vibration and a twin-to-scan discrepancy report
CX-K12-0060,K–12,,LB-60,11,Lead,Bridge: Capstone Lead,Summer Bridge 11→12: Capstone Summer,,Capstone brief accepted by the employer panel
CX-K12-0061,K–12,,LB-61,12,Lead,Capstone Lead,Capstone Design,,Capstone proposal accepted by the employer panel
CX-K12-0062,K–12,,LB-62,12,Lead,Credentialed Trainee,Industry-Based Certifications,,"IBC earned (NCCER Core, OSHA 10, AWS, EPA 608, CompTIA, PTEC or equivalent)"
CX-K12-0063,K–12,,LB-63,12,Lead,Apprentice,Capstone Build & Work-Based Learning,,Employer-judged capstone passed; hours countersigned
CX-K12-0064,K–12,,LB-64,12,Lead,Credentialed Graduate (Specialized Tracks complete),"Ledger, Placement & Launch",,Credential ledger verified by an employer; placement confirmed
CX-LEGACYLA-0001,Civic Leadership Legacy : Louisiana,Public service as a craft: the Louisiana ladder,PS-1,K–2,Explorer,Parish Service Fellow,"Service is a profession, not a slogan","The legacy principle taught as craft: public service as roles, crews, evidence and credentials, always ending in front of a real audience. — at K–2",Complete one small act of documented public service in your parish and present it to a real audience beyond your classroom or family.
CX-LEGACYLA-0002,Civic Leadership Legacy : Louisiana,Public service as a craft: the Louisiana ladder,PS-2,3–5,Explorer,Parish Service Fellow,"Service is a profession, not a slogan","The legacy principle taught as craft: public service as roles, crews, evidence and credentials, always ending in front of a real audience. — at 3–5",Complete one small act of documented public service in your parish and present it to a real audience beyond your classroom or family.
CX-LEGACYLA-0003,Civic Leadership Legacy : Louisiana,Public service as a craft: the Louisiana ladder,PS-3,6–8,Builder,Parish Service Fellow,"Service is a profession, not a slogan","The legacy principle taught as craft: public service as roles, crews, evidence and credentials, always ending in front of a real audience. — at 6–8",Complete one small act of documented public service in your parish and present it to a real audience beyond your classroom or family.
CX-LEGACYLA-0004,Civic Leadership Legacy : Louisiana,Public service as a craft: the Louisiana ladder,PS-4,9–10,Practitioner,Parish Service Fellow,"Service is a profession, not a slogan","The legacy principle taught as craft: public service as roles, crews, evidence and credentials, always ending in front of a real audience. — at 9–10",Complete one small act of documented public service in your parish and present it to a real audience beyond your classroom or family.
CX-LEGACYLA-0005,Civic Leadership Legacy : Louisiana,Public service as a craft: the Louisiana ladder,PS-5,11–12,Lead,Parish Service Fellow,"Service is a profession, not a slogan","The legacy principle taught as craft: public service as roles, crews, evidence and credentials, always ending in front of a real audience. — at 11–12",Complete one small act of documented public service in your parish and present it to a real audience beyond your classroom or family.
CX-LEGACYLA-0006,Civic Leadership Legacy : Louisiana,Public service as a craft: the Louisiana ladder,PS-6,K–2,Explorer,Parish Service Fellow,The public servants two streets away,"Mapping who serves the public within walking distance — the librarian, the clerk, the firefighter, the extension agent — and what each actually does all day. — at K–2",Interview one working public servant in your parish about a typical day and present their actual duties against what you had assumed.
CX-LEGACYLA-0007,Civic Leadership Legacy : Louisiana,Public service as a craft: the Louisiana ladder,PS-7,3–5,Explorer,Parish Service Fellow,The public servants two streets away,"Mapping who serves the public within walking distance — the librarian, the clerk, the firefighter, the extension agent — and what each actually does all day. — at 3–5",Interview one working public servant in your parish about a typical day and present their actual duties against what you had assumed.
CX-LEGACYLA-0008,Civic Leadership Legacy : Louisiana,Public service as a craft: the Louisiana ladder,PS-8,6–8,Builder,Parish Service Fellow,The public servants two streets away,"Mapping who serves the public within walking distance — the librarian, the clerk, the firefighter, the extension agent — and what each actually does all day. — at 6–8",Interview one working public servant in your parish about a typical day and present their actual duties against what you had assumed.
CX-LEGACYLA-0009,Civic Leadership Legacy : Louisiana,Public service as a craft: the Louisiana ladder,PS-9,9–10,Practitioner,Parish Service Fellow,The public servants two streets away,"Mapping who serves the public within walking distance — the librarian, the clerk, the firefighter, the extension agent — and what each actually does all day. — at 9–10",Interview one working public servant in your parish about a typical day and present their actual duties against what you had assumed.
CX-LEGACYLA-0010,Civic Leadership Legacy : Louisiana,Public service as a craft: the Louisiana ladder,PS-10,11–12,Lead,Parish Service Fellow,The public servants two streets away,"Mapping who serves the public within walking distance — the librarian, the clerk, the firefighter, the extension agent — and what each actually does all day. — at 11–12",Interview one working public servant in your parish about a typical day and present their actual duties against what you had assumed.
CX-LEGACYLA-0011,Civic Leadership Legacy : Louisiana,Public service as a craft: the Louisiana ladder,PS-11,K–2,Explorer,Parish Service Fellow,Who is missing from the room,"Inclusion as a design decision: reading any civic room — a board, a jury, a hearing — for who is absent and what kept them out. — at K–2","Observe one real public meeting and report who was present, who was affected but absent, and one barrier that plausibly explains the gap."
CX-LEGACYLA-0012,Civic Leadership Legacy : Louisiana,Public service as a craft: the Louisiana ladder,PS-12,3–5,Explorer,Parish Service Fellow,Who is missing from the room,"Inclusion as a design decision: reading any civic room — a board, a jury, a hearing — for who is absent and what kept them out. — at 3–5","Observe one real public meeting and report who was present, who was affected but absent, and one barrier that plausibly explains the gap."
CX-LEGACYLA-0013,Civic Leadership Legacy : Louisiana,Public service as a craft: the Louisiana ladder,PS-13,6–8,Builder,Parish Service Fellow,Who is missing from the room,"Inclusion as a design decision: reading any civic room — a board, a jury, a hearing — for who is absent and what kept them out. — at 6–8","Observe one real public meeting and report who was present, who was affected but absent, and one barrier that plausibly explains the gap."
CX-LEGACYLA-0014,Civic Leadership Legacy : Louisiana,Public service as a craft: the Louisiana ladder,PS-14,9–10,Practitioner,Parish Service Fellow,Who is missing from the room,"Inclusion as a design decision: reading any civic room — a board, a jury, a hearing — for who is absent and what kept them out. — at 9–10","Observe one real public meeting and report who was present, who was affected but absent, and one barrier that plausibly explains the gap."
CX-LEGACYLA-0015,Civic Leadership Legacy : Louisiana,Public service as a craft: the Louisiana ladder,PS-15,11–12,Lead,Parish Service Fellow,Who is missing from the room,"Inclusion as a design decision: reading any civic room — a board, a jury, a hearing — for who is absent and what kept them out. — at 11–12","Observe one real public meeting and report who was present, who was affected but absent, and one barrier that plausibly explains the gap."
CX-LEGACYLA-0016,Civic Leadership Legacy : Louisiana,Public service as a craft: the Louisiana ladder,PS-16,K–2,Explorer,Parish Service Fellow,The placement: hands inside a real agency,"The fellowship principle at every age — junior placements, shadow days and supervised hours inside parish offices, libraries and programs. — at K–2","Complete a placement, shadow day or structured volunteer shift with a real public body in your parish, with a supervisor's confirmation of what you did."
CX-LEGACYLA-0017,Civic Leadership Legacy : Louisiana,Public service as a craft: the Louisiana ladder,PS-17,3–5,Explorer,Parish Service Fellow,The placement: hands inside a real agency,"The fellowship principle at every age — junior placements, shadow days and supervised hours inside parish offices, libraries and programs. — at 3–5","Complete a placement, shadow day or structured volunteer shift with a real public body in your parish, with a supervisor's confirmation of what you did."
CX-LEGACYLA-0018,Civic Leadership Legacy : Louisiana,Public service as a craft: the Louisiana ladder,PS-18,6–8,Builder,Parish Service Fellow,The placement: hands inside a real agency,"The fellowship principle at every age — junior placements, shadow days and supervised hours inside parish offices, libraries and programs. — at 6–8","Complete a placement, shadow day or structured volunteer shift with a real public body in your parish, with a supervisor's confirmation of what you did."
CX-LEGACYLA-0019,Civic Leadership Legacy : Louisiana,Public service as a craft: the Louisiana ladder,PS-19,9–10,Practitioner,Parish Service Fellow,The placement: hands inside a real agency,"The fellowship principle at every age — junior placements, shadow days and supervised hours inside parish offices, libraries and programs. — at 9–10","Complete a placement, shadow day or structured volunteer shift with a real public body in your parish, with a supervisor's confirmation of what you did."
CX-LEGACYLA-0020,Civic Leadership Legacy : Louisiana,Public service as a craft: the Louisiana ladder,PS-20,11–12,Lead,Parish Service Fellow,The placement: hands inside a real agency,"The fellowship principle at every age — junior placements, shadow days and supervised hours inside parish offices, libraries and programs. — at 11–12","Complete a placement, shadow day or structured volunteer shift with a real public body in your parish, with a supervisor's confirmation of what you did."
CX-LEGACYLA-0021,Civic Leadership Legacy : Louisiana,Public service as a craft: the Louisiana ladder,PS-21,K–2,Explorer,Parish Service Fellow,The seminar circle,"The weekly cohort habit: bringing what you saw in the field to a circle that questions it — reflection as part of the work, not a break from it. — at K–2","Run or take a speaking role in a seminar circle on a live local issue, presenting field evidence and taking questions on it."
CX-LEGACYLA-0022,Civic Leadership Legacy : Louisiana,Public service as a craft: the Louisiana ladder,PS-22,3–5,Explorer,Parish Service Fellow,The seminar circle,"The weekly cohort habit: bringing what you saw in the field to a circle that questions it — reflection as part of the work, not a break from it. — at 3–5","Run or take a speaking role in a seminar circle on a live local issue, presenting field evidence and taking questions on it."
CX-LEGACYLA-0023,Civic Leadership Legacy : Louisiana,Public service as a craft: the Louisiana ladder,PS-23,6–8,Builder,Parish Service Fellow,The seminar circle,"The weekly cohort habit: bringing what you saw in the field to a circle that questions it — reflection as part of the work, not a break from it. — at 6–8","Run or take a speaking role in a seminar circle on a live local issue, presenting field evidence and taking questions on it."
CX-LEGACYLA-0024,Civic Leadership Legacy : Louisiana,Public service as a craft: the Louisiana ladder,PS-24,9–10,Practitioner,Parish Service Fellow,The seminar circle,"The weekly cohort habit: bringing what you saw in the field to a circle that questions it — reflection as part of the work, not a break from it. — at 9–10","Run or take a speaking role in a seminar circle on a live local issue, presenting field evidence and taking questions on it."
CX-LEGACYLA-0025,Civic Leadership Legacy : Louisiana,Public service as a craft: the Louisiana ladder,PS-25,11–12,Lead,Parish Service Fellow,The seminar circle,"The weekly cohort habit: bringing what you saw in the field to a circle that questions it — reflection as part of the work, not a break from it. — at 11–12","Run or take a speaking role in a seminar circle on a live local issue, presenting field evidence and taking questions on it."
CX-LEGACYLA-0026,Civic Leadership Legacy : Louisiana,Public service as a craft: the Louisiana ladder,PS-26,K–2,Explorer,Parish Service Fellow,Mentorship in both directions,"The legacy chain: being mentored by someone ahead of you and mentoring someone behind you, with the leader's-story interview as a core text. — at K–2","Record a leader's-story interview with an experienced public servant or community elder, and lead one session passing a skill to a younger learner."
CX-LEGACYLA-0027,Civic Leadership Legacy : Louisiana,Public service as a craft: the Louisiana ladder,PS-27,3–5,Explorer,Parish Service Fellow,Mentorship in both directions,"The legacy chain: being mentored by someone ahead of you and mentoring someone behind you, with the leader's-story interview as a core text. — at 3–5","Record a leader's-story interview with an experienced public servant or community elder, and lead one session passing a skill to a younger learner."
CX-LEGACYLA-0028,Civic Leadership Legacy : Louisiana,Public service as a craft: the Louisiana ladder,PS-28,6–8,Builder,Parish Service Fellow,Mentorship in both directions,"The legacy chain: being mentored by someone ahead of you and mentoring someone behind you, with the leader's-story interview as a core text. — at 6–8","Record a leader's-story interview with an experienced public servant or community elder, and lead one session passing a skill to a younger learner."
CX-LEGACYLA-0029,Civic Leadership Legacy : Louisiana,Public service as a craft: the Louisiana ladder,PS-29,9–10,Practitioner,Parish Service Fellow,Mentorship in both directions,"The legacy chain: being mentored by someone ahead of you and mentoring someone behind you, with the leader's-story interview as a core text. — at 9–10","Record a leader's-story interview with an experienced public servant or community elder, and lead one session passing a skill to a younger learner."
CX-LEGACYLA-0030,Civic Leadership Legacy : Louisiana,Public service as a craft: the Louisiana ladder,PS-30,11–12,Lead,Parish Service Fellow,Mentorship in both directions,"The legacy chain: being mentored by someone ahead of you and mentoring someone behind you, with the leader's-story interview as a core text. — at 11–12","Record a leader's-story interview with an experienced public servant or community elder, and lead one session passing a skill to a younger learner."
CX-LEGACYLA-0031,Civic Leadership Legacy : Louisiana,Public service as a craft: the Louisiana ladder,PS-31,K–2,Explorer,Parish Service Fellow,Pushing past the ceiling,"First-generation pathways and the blocked door as history, law and practice — from segregated schoolrooms to the speaker's chair, with the debate included, not avoided. — at K–2","Research one Louisianan who broke a civic ceiling, and identify one current barrier data shows still standing in your parish, with the numbers."
CX-LEGACYLA-0032,Civic Leadership Legacy : Louisiana,Public service as a craft: the Louisiana ladder,PS-32,3–5,Explorer,Parish Service Fellow,Pushing past the ceiling,"First-generation pathways and the blocked door as history, law and practice — from segregated schoolrooms to the speaker's chair, with the debate included, not avoided. — at 3–5","Research one Louisianan who broke a civic ceiling, and identify one current barrier data shows still standing in your parish, with the numbers."
CX-LEGACYLA-0033,Civic Leadership Legacy : Louisiana,Public service as a craft: the Louisiana ladder,PS-33,6–8,Builder,Parish Service Fellow,Pushing past the ceiling,"First-generation pathways and the blocked door as history, law and practice — from segregated schoolrooms to the speaker's chair, with the debate included, not avoided. — at 6–8","Research one Louisianan who broke a civic ceiling, and identify one current barrier data shows still standing in your parish, with the numbers."
CX-LEGACYLA-0034,Civic Leadership Legacy : Louisiana,Public service as a craft: the Louisiana ladder,PS-34,9–10,Practitioner,Parish Service Fellow,Pushing past the ceiling,"First-generation pathways and the blocked door as history, law and practice — from segregated schoolrooms to the speaker's chair, with the debate included, not avoided. — at 9–10","Research one Louisianan who broke a civic ceiling, and identify one current barrier data shows still standing in your parish, with the numbers."
CX-LEGACYLA-0035,Civic Leadership Legacy : Louisiana,Public service as a craft: the Louisiana ladder,PS-35,11–12,Lead,Parish Service Fellow,Pushing past the ceiling,"First-generation pathways and the blocked door as history, law and practice — from segregated schoolrooms to the speaker's chair, with the debate included, not avoided. — at 11–12","Research one Louisianan who broke a civic ceiling, and identify one current barrier data shows still standing in your parish, with the numbers."
CX-LEGACYLA-0036,Civic Leadership Legacy : Louisiana,Public service as a craft: the Louisiana ladder,PS-36,K–2,Explorer,Parish Service Fellow,The stipend question: who can afford to serve,"Why unpaid service filters who serves — stipends, scheduling and the economics of showing up, taken seriously as program design. — at K–2","Cost out what four weeks of a real volunteer or placement role would require, and propose the support that would let a working student hold it."
CX-LEGACYLA-0037,Civic Leadership Legacy : Louisiana,Public service as a craft: the Louisiana ladder,PS-37,3–5,Explorer,Parish Service Fellow,The stipend question: who can afford to serve,"Why unpaid service filters who serves — stipends, scheduling and the economics of showing up, taken seriously as program design. — at 3–5","Cost out what four weeks of a real volunteer or placement role would require, and propose the support that would let a working student hold it."
CX-LEGACYLA-0038,Civic Leadership Legacy : Louisiana,Public service as a craft: the Louisiana ladder,PS-38,6–8,Builder,Parish Service Fellow,The stipend question: who can afford to serve,"Why unpaid service filters who serves — stipends, scheduling and the economics of showing up, taken seriously as program design. — at 6–8","Cost out what four weeks of a real volunteer or placement role would require, and propose the support that would let a working student hold it."
CX-LEGACYLA-0039,Civic Leadership Legacy : Louisiana,Public service as a craft: the Louisiana ladder,PS-39,9–10,Practitioner,Parish Service Fellow,The stipend question: who can afford to serve,"Why unpaid service filters who serves — stipends, scheduling and the economics of showing up, taken seriously as program design. — at 9–10","Cost out what four weeks of a real volunteer or placement role would require, and propose the support that would let a working student hold it."
CX-LEGACYLA-0040,Civic Leadership Legacy : Louisiana,Public service as a craft: the Louisiana ladder,PS-40,11–12,Lead,Parish Service Fellow,The stipend question: who can afford to serve,"Why unpaid service filters who serves — stipends, scheduling and the economics of showing up, taken seriously as program design. — at 11–12","Cost out what four weeks of a real volunteer or placement role would require, and propose the support that would let a working student hold it."
CX-LEGACYLA-0041,Civic Leadership Legacy : Louisiana,Public service as a craft: the Louisiana ladder,PS-41,K–2,Explorer,Parish Service Fellow,The record you build,"The service ledger: hours, artifacts, references and credentials as a portfolio that opens doors — evidence, not testimony. — at K–2","Assemble your own service ledger to date — dated entries, artifacts, one verifiable reference — in a form a scholarship or employer could check."
CX-LEGACYLA-0042,Civic Leadership Legacy : Louisiana,Public service as a craft: the Louisiana ladder,PS-42,3–5,Explorer,Parish Service Fellow,The record you build,"The service ledger: hours, artifacts, references and credentials as a portfolio that opens doors — evidence, not testimony. — at 3–5","Assemble your own service ledger to date — dated entries, artifacts, one verifiable reference — in a form a scholarship or employer could check."
CX-LEGACYLA-0043,Civic Leadership Legacy : Louisiana,Public service as a craft: the Louisiana ladder,PS-43,6–8,Builder,Parish Service Fellow,The record you build,"The service ledger: hours, artifacts, references and credentials as a portfolio that opens doors — evidence, not testimony. — at 6–8","Assemble your own service ledger to date — dated entries, artifacts, one verifiable reference — in a form a scholarship or employer could check."
CX-LEGACYLA-0044,Civic Leadership Legacy : Louisiana,Public service as a craft: the Louisiana ladder,PS-44,9–10,Practitioner,Parish Service Fellow,The record you build,"The service ledger: hours, artifacts, references and credentials as a portfolio that opens doors — evidence, not testimony. — at 9–10","Assemble your own service ledger to date — dated entries, artifacts, one verifiable reference — in a form a scholarship or employer could check."
CX-LEGACYLA-0045,Civic Leadership Legacy : Louisiana,Public service as a craft: the Louisiana ladder,PS-45,11–12,Lead,Parish Service Fellow,The record you build,"The service ledger: hours, artifacts, references and credentials as a portfolio that opens doors — evidence, not testimony. — at 11–12","Assemble your own service ledger to date — dated entries, artifacts, one verifiable reference — in a form a scholarship or employer could check."
CX-LEGACYLA-0046,Civic Leadership Legacy : Louisiana,Public service as a craft: the Louisiana ladder,PS-46,K–2,Explorer,Parish Service Fellow,The on-ramp: from parish hall to public life,"The grade-12 fellowship principle localized: public-affairs programs, apprenticeships, civil service exams and the first paid public job in Louisiana. — at K–2","Map three real next-step routes into Louisiana public service for yourself or a case-study senior — requirements, deadlines, first application step completed or drafted."
CX-LEGACYLA-0047,Civic Leadership Legacy : Louisiana,Public service as a craft: the Louisiana ladder,PS-47,3–5,Explorer,Parish Service Fellow,The on-ramp: from parish hall to public life,"The grade-12 fellowship principle localized: public-affairs programs, apprenticeships, civil service exams and the first paid public job in Louisiana. — at 3–5","Map three real next-step routes into Louisiana public service for yourself or a case-study senior — requirements, deadlines, first application step completed or drafted."
CX-LEGACYLA-0048,Civic Leadership Legacy : Louisiana,Public service as a craft: the Louisiana ladder,PS-48,6–8,Builder,Parish Service Fellow,The on-ramp: from parish hall to public life,"The grade-12 fellowship principle localized: public-affairs programs, apprenticeships, civil service exams and the first paid public job in Louisiana. — at 6–8","Map three real next-step routes into Louisiana public service for yourself or a case-study senior — requirements, deadlines, first application step completed or drafted."
CX-LEGACYLA-0049,Civic Leadership Legacy : Louisiana,Public service as a craft: the Louisiana ladder,PS-49,9–10,Practitioner,Parish Service Fellow,The on-ramp: from parish hall to public life,"The grade-12 fellowship principle localized: public-affairs programs, apprenticeships, civil service exams and the first paid public job in Louisiana. — at 9–10","Map three real next-step routes into Louisiana public service for yourself or a case-study senior — requirements, deadlines, first application step completed or drafted."
CX-LEGACYLA-0050,Civic Leadership Legacy : Louisiana,Public service as a craft: the Louisiana ladder,PS-50,11–12,Lead,Parish Service Fellow,The on-ramp: from parish hall to public life,"The grade-12 fellowship principle localized: public-affairs programs, apprenticeships, civil service exams and the first paid public job in Louisiana. — at 11–12","Map three real next-step routes into Louisiana public service for yourself or a case-study senior — requirements, deadlines, first application step completed or drafted."
CX-LEGACYLA-0051,Civic Leadership Legacy : Louisiana,The parish: government closest to the door,PG-1,K–2,Explorer,Parish Government Navigator,"Sixty-four parishes, not counties","Why Louisiana counts in parishes, where yours sits among the sixty-four, and what a parish is actually responsible for. — at K–2","Produce the one-page profile of your own parish — population, seat, governing form, and three services it actually runs — from official sources."
CX-LEGACYLA-0052,Civic Leadership Legacy : Louisiana,The parish: government closest to the door,PG-2,3–5,Explorer,Parish Government Navigator,"Sixty-four parishes, not counties","Why Louisiana counts in parishes, where yours sits among the sixty-four, and what a parish is actually responsible for. — at 3–5","Produce the one-page profile of your own parish — population, seat, governing form, and three services it actually runs — from official sources."
CX-LEGACYLA-0053,Civic Leadership Legacy : Louisiana,The parish: government closest to the door,PG-3,6–8,Builder,Parish Government Navigator,"Sixty-four parishes, not counties","Why Louisiana counts in parishes, where yours sits among the sixty-four, and what a parish is actually responsible for. — at 6–8","Produce the one-page profile of your own parish — population, seat, governing form, and three services it actually runs — from official sources."
CX-LEGACYLA-0054,Civic Leadership Legacy : Louisiana,The parish: government closest to the door,PG-4,9–10,Practitioner,Parish Government Navigator,"Sixty-four parishes, not counties","Why Louisiana counts in parishes, where yours sits among the sixty-four, and what a parish is actually responsible for. — at 9–10","Produce the one-page profile of your own parish — population, seat, governing form, and three services it actually runs — from official sources."
CX-LEGACYLA-0055,Civic Leadership Legacy : Louisiana,The parish: government closest to the door,PG-5,11–12,Lead,Parish Government Navigator,"Sixty-four parishes, not counties","Why Louisiana counts in parishes, where yours sits among the sixty-four, and what a parish is actually responsible for. — at 11–12","Produce the one-page profile of your own parish — population, seat, governing form, and three services it actually runs — from official sources."
CX-LEGACYLA-0056,Civic Leadership Legacy : Louisiana,The parish: government closest to the door,PG-6,K–2,Explorer,Parish Government Navigator,Police jury or home rule,The two shapes of parish government — the traditional police jury and the home-rule charter with president and council — and how to tell which one governs you. — at K–2,"Determine your parish's actual form of government from its charter or code, and diagram who holds executive and legislative power there."
CX-LEGACYLA-0057,Civic Leadership Legacy : Louisiana,The parish: government closest to the door,PG-7,3–5,Explorer,Parish Government Navigator,Police jury or home rule,The two shapes of parish government — the traditional police jury and the home-rule charter with president and council — and how to tell which one governs you. — at 3–5,"Determine your parish's actual form of government from its charter or code, and diagram who holds executive and legislative power there."
CX-LEGACYLA-0058,Civic Leadership Legacy : Louisiana,The parish: government closest to the door,PG-8,6–8,Builder,Parish Government Navigator,Police jury or home rule,The two shapes of parish government — the traditional police jury and the home-rule charter with president and council — and how to tell which one governs you. — at 6–8,"Determine your parish's actual form of government from its charter or code, and diagram who holds executive and legislative power there."
CX-LEGACYLA-0059,Civic Leadership Legacy : Louisiana,The parish: government closest to the door,PG-9,9–10,Practitioner,Parish Government Navigator,Police jury or home rule,The two shapes of parish government — the traditional police jury and the home-rule charter with president and council — and how to tell which one governs you. — at 9–10,"Determine your parish's actual form of government from its charter or code, and diagram who holds executive and legislative power there."
CX-LEGACYLA-0060,Civic Leadership Legacy : Louisiana,The parish: government closest to the door,PG-10,11–12,Lead,Parish Government Navigator,Police jury or home rule,The two shapes of parish government — the traditional police jury and the home-rule charter with president and council — and how to tell which one governs you. — at 11–12,"Determine your parish's actual form of government from its charter or code, and diagram who holds executive and legislative power there."
CX-LEGACYLA-0061,Civic Leadership Legacy : Louisiana,The parish: government closest to the door,PG-11,K–2,Explorer,Parish Government Navigator,"The elected row: sheriff, clerk, assessor","Louisiana's independently elected parish officers — sheriff, clerk of court, assessor, coroner — and why each answers to voters, not the council. — at K–2","List your parish's actual elected officers by name and office, and explain one real recent decision each office made that touched residents."
CX-LEGACYLA-0062,Civic Leadership Legacy : Louisiana,The parish: government closest to the door,PG-12,3–5,Explorer,Parish Government Navigator,"The elected row: sheriff, clerk, assessor","Louisiana's independently elected parish officers — sheriff, clerk of court, assessor, coroner — and why each answers to voters, not the council. — at 3–5","List your parish's actual elected officers by name and office, and explain one real recent decision each office made that touched residents."
CX-LEGACYLA-0063,Civic Leadership Legacy : Louisiana,The parish: government closest to the door,PG-13,6–8,Builder,Parish Government Navigator,"The elected row: sheriff, clerk, assessor","Louisiana's independently elected parish officers — sheriff, clerk of court, assessor, coroner — and why each answers to voters, not the council. — at 6–8","List your parish's actual elected officers by name and office, and explain one real recent decision each office made that touched residents."
CX-LEGACYLA-0064,Civic Leadership Legacy : Louisiana,The parish: government closest to the door,PG-14,9–10,Practitioner,Parish Government Navigator,"The elected row: sheriff, clerk, assessor","Louisiana's independently elected parish officers — sheriff, clerk of court, assessor, coroner — and why each answers to voters, not the council. — at 9–10","List your parish's actual elected officers by name and office, and explain one real recent decision each office made that touched residents."
CX-LEGACYLA-0065,Civic Leadership Legacy : Louisiana,The parish: government closest to the door,PG-15,11–12,Lead,Parish Government Navigator,"The elected row: sheriff, clerk, assessor","Louisiana's independently elected parish officers — sheriff, clerk of court, assessor, coroner — and why each answers to voters, not the council. — at 11–12","List your parish's actual elected officers by name and office, and explain one real recent decision each office made that touched residents."
CX-LEGACYLA-0066,Civic Leadership Legacy : Louisiana,The parish: government closest to the door,PG-16,K–2,Explorer,Parish Government Navigator,The school board and the schoolhouse,"Parish school boards as the education government: districts, superintendents, budgets and the meeting where your school's fate is set. — at K–2","Attend or watch one real school board meeting in your parish and report one decision made, who voted how, and who it affects."
CX-LEGACYLA-0067,Civic Leadership Legacy : Louisiana,The parish: government closest to the door,PG-17,3–5,Explorer,Parish Government Navigator,The school board and the schoolhouse,"Parish school boards as the education government: districts, superintendents, budgets and the meeting where your school's fate is set. — at 3–5","Attend or watch one real school board meeting in your parish and report one decision made, who voted how, and who it affects."
CX-LEGACYLA-0068,Civic Leadership Legacy : Louisiana,The parish: government closest to the door,PG-18,6–8,Builder,Parish Government Navigator,The school board and the schoolhouse,"Parish school boards as the education government: districts, superintendents, budgets and the meeting where your school's fate is set. — at 6–8","Attend or watch one real school board meeting in your parish and report one decision made, who voted how, and who it affects."
CX-LEGACYLA-0069,Civic Leadership Legacy : Louisiana,The parish: government closest to the door,PG-19,9–10,Practitioner,Parish Government Navigator,The school board and the schoolhouse,"Parish school boards as the education government: districts, superintendents, budgets and the meeting where your school's fate is set. — at 9–10","Attend or watch one real school board meeting in your parish and report one decision made, who voted how, and who it affects."
CX-LEGACYLA-0070,Civic Leadership Legacy : Louisiana,The parish: government closest to the door,PG-20,11–12,Lead,Parish Government Navigator,The school board and the schoolhouse,"Parish school boards as the education government: districts, superintendents, budgets and the meeting where your school's fate is set. — at 11–12","Attend or watch one real school board meeting in your parish and report one decision made, who voted how, and who it affects."
CX-LEGACYLA-0071,Civic Leadership Legacy : Louisiana,The parish: government closest to the door,PG-21,K–2,Explorer,Parish Government Navigator,The special districts nobody can name,"Levee, drainage, water, fire, library and port districts — the boards that tax and decide, largely unwatched. — at K–2","Identify three special districts that cover your own address, and for one of them find its board, budget and next public meeting."
CX-LEGACYLA-0072,Civic Leadership Legacy : Louisiana,The parish: government closest to the door,PG-22,3–5,Explorer,Parish Government Navigator,The special districts nobody can name,"Levee, drainage, water, fire, library and port districts — the boards that tax and decide, largely unwatched. — at 3–5","Identify three special districts that cover your own address, and for one of them find its board, budget and next public meeting."
CX-LEGACYLA-0073,Civic Leadership Legacy : Louisiana,The parish: government closest to the door,PG-23,6–8,Builder,Parish Government Navigator,The special districts nobody can name,"Levee, drainage, water, fire, library and port districts — the boards that tax and decide, largely unwatched. — at 6–8","Identify three special districts that cover your own address, and for one of them find its board, budget and next public meeting."
CX-LEGACYLA-0074,Civic Leadership Legacy : Louisiana,The parish: government closest to the door,PG-24,9–10,Practitioner,Parish Government Navigator,The special districts nobody can name,"Levee, drainage, water, fire, library and port districts — the boards that tax and decide, largely unwatched. — at 9–10","Identify three special districts that cover your own address, and for one of them find its board, budget and next public meeting."
CX-LEGACYLA-0075,Civic Leadership Legacy : Louisiana,The parish: government closest to the door,PG-25,11–12,Lead,Parish Government Navigator,The special districts nobody can name,"Levee, drainage, water, fire, library and port districts — the boards that tax and decide, largely unwatched. — at 11–12","Identify three special districts that cover your own address, and for one of them find its board, budget and next public meeting."
CX-LEGACYLA-0076,Civic Leadership Legacy : Louisiana,The parish: government closest to the door,PG-26,K–2,Explorer,Parish Government Navigator,"The parish budget, followed to the pothole","Where parish money comes from — millages, sales taxes, fees — and following one line of it to a visible outcome on your street. — at K–2","From your parish's actual budget, trace one revenue source to one service, and check the service's condition where you live."
CX-LEGACYLA-0077,Civic Leadership Legacy : Louisiana,The parish: government closest to the door,PG-27,3–5,Explorer,Parish Government Navigator,"The parish budget, followed to the pothole","Where parish money comes from — millages, sales taxes, fees — and following one line of it to a visible outcome on your street. — at 3–5","From your parish's actual budget, trace one revenue source to one service, and check the service's condition where you live."
CX-LEGACYLA-0078,Civic Leadership Legacy : Louisiana,The parish: government closest to the door,PG-28,6–8,Builder,Parish Government Navigator,"The parish budget, followed to the pothole","Where parish money comes from — millages, sales taxes, fees — and following one line of it to a visible outcome on your street. — at 6–8","From your parish's actual budget, trace one revenue source to one service, and check the service's condition where you live."
CX-LEGACYLA-0079,Civic Leadership Legacy : Louisiana,The parish: government closest to the door,PG-29,9–10,Practitioner,Parish Government Navigator,"The parish budget, followed to the pothole","Where parish money comes from — millages, sales taxes, fees — and following one line of it to a visible outcome on your street. — at 9–10","From your parish's actual budget, trace one revenue source to one service, and check the service's condition where you live."
CX-LEGACYLA-0080,Civic Leadership Legacy : Louisiana,The parish: government closest to the door,PG-30,11–12,Lead,Parish Government Navigator,"The parish budget, followed to the pothole","Where parish money comes from — millages, sales taxes, fees — and following one line of it to a visible outcome on your street. — at 11–12","From your parish's actual budget, trace one revenue source to one service, and check the service's condition where you live."
CX-LEGACYLA-0081,Civic Leadership Legacy : Louisiana,The parish: government closest to the door,PG-31,K–2,Explorer,Parish Government Navigator,"The permit, the complaint, the record","The citizen's three transactions with the parish — asking permission, reporting a problem, requesting a record — done correctly. — at K–2","Complete one real parish transaction (permit lookup, service request, or public-records request) through the official channel and document the outcome."
CX-LEGACYLA-0082,Civic Leadership Legacy : Louisiana,The parish: government closest to the door,PG-32,3–5,Explorer,Parish Government Navigator,"The permit, the complaint, the record","The citizen's three transactions with the parish — asking permission, reporting a problem, requesting a record — done correctly. — at 3–5","Complete one real parish transaction (permit lookup, service request, or public-records request) through the official channel and document the outcome."
CX-LEGACYLA-0083,Civic Leadership Legacy : Louisiana,The parish: government closest to the door,PG-33,6–8,Builder,Parish Government Navigator,"The permit, the complaint, the record","The citizen's three transactions with the parish — asking permission, reporting a problem, requesting a record — done correctly. — at 6–8","Complete one real parish transaction (permit lookup, service request, or public-records request) through the official channel and document the outcome."
CX-LEGACYLA-0084,Civic Leadership Legacy : Louisiana,The parish: government closest to the door,PG-34,9–10,Practitioner,Parish Government Navigator,"The permit, the complaint, the record","The citizen's three transactions with the parish — asking permission, reporting a problem, requesting a record — done correctly. — at 9–10","Complete one real parish transaction (permit lookup, service request, or public-records request) through the official channel and document the outcome."
CX-LEGACYLA-0085,Civic Leadership Legacy : Louisiana,The parish: government closest to the door,PG-35,11–12,Lead,Parish Government Navigator,"The permit, the complaint, the record","The citizen's three transactions with the parish — asking permission, reporting a problem, requesting a record — done correctly. — at 11–12","Complete one real parish transaction (permit lookup, service request, or public-records request) through the official channel and document the outcome."
CX-LEGACYLA-0086,Civic Leadership Legacy : Louisiana,The parish: government closest to the door,PG-36,K–2,Explorer,Parish Government Navigator,Public comment that gets heard,"The open-meetings rules, the sign-up card, the three minutes — speaking to a parish body so it enters the record and moves someone. — at K–2","Deliver (or fully rehearse to the real rules) a three-minute public comment to a parish body on a live agenda item, structured for the record."
CX-LEGACYLA-0087,Civic Leadership Legacy : Louisiana,The parish: government closest to the door,PG-37,3–5,Explorer,Parish Government Navigator,Public comment that gets heard,"The open-meetings rules, the sign-up card, the three minutes — speaking to a parish body so it enters the record and moves someone. — at 3–5","Deliver (or fully rehearse to the real rules) a three-minute public comment to a parish body on a live agenda item, structured for the record."
CX-LEGACYLA-0088,Civic Leadership Legacy : Louisiana,The parish: government closest to the door,PG-38,6–8,Builder,Parish Government Navigator,Public comment that gets heard,"The open-meetings rules, the sign-up card, the three minutes — speaking to a parish body so it enters the record and moves someone. — at 6–8","Deliver (or fully rehearse to the real rules) a three-minute public comment to a parish body on a live agenda item, structured for the record."
CX-LEGACYLA-0089,Civic Leadership Legacy : Louisiana,The parish: government closest to the door,PG-39,9–10,Practitioner,Parish Government Navigator,Public comment that gets heard,"The open-meetings rules, the sign-up card, the three minutes — speaking to a parish body so it enters the record and moves someone. — at 9–10","Deliver (or fully rehearse to the real rules) a three-minute public comment to a parish body on a live agenda item, structured for the record."
CX-LEGACYLA-0090,Civic Leadership Legacy : Louisiana,The parish: government closest to the door,PG-40,11–12,Lead,Parish Government Navigator,Public comment that gets heard,"The open-meetings rules, the sign-up card, the three minutes — speaking to a parish body so it enters the record and moves someone. — at 11–12","Deliver (or fully rehearse to the real rules) a three-minute public comment to a parish body on a live agenda item, structured for the record."
CX-LEGACYLA-0091,Civic Leadership Legacy : Louisiana,The parish: government closest to the door,PG-41,K–2,Explorer,Parish Government Navigator,Municipality and parish: who does what,"Cities, towns and villages inside parishes — mayors and councils versus parish government, and the services that switch at the city limit. — at K–2","For your own address, produce the who-fixes-what card: five common problems each matched to the correct government and office."
CX-LEGACYLA-0092,Civic Leadership Legacy : Louisiana,The parish: government closest to the door,PG-42,3–5,Explorer,Parish Government Navigator,Municipality and parish: who does what,"Cities, towns and villages inside parishes — mayors and councils versus parish government, and the services that switch at the city limit. — at 3–5","For your own address, produce the who-fixes-what card: five common problems each matched to the correct government and office."
CX-LEGACYLA-0093,Civic Leadership Legacy : Louisiana,The parish: government closest to the door,PG-43,6–8,Builder,Parish Government Navigator,Municipality and parish: who does what,"Cities, towns and villages inside parishes — mayors and councils versus parish government, and the services that switch at the city limit. — at 6–8","For your own address, produce the who-fixes-what card: five common problems each matched to the correct government and office."
CX-LEGACYLA-0094,Civic Leadership Legacy : Louisiana,The parish: government closest to the door,PG-44,9–10,Practitioner,Parish Government Navigator,Municipality and parish: who does what,"Cities, towns and villages inside parishes — mayors and councils versus parish government, and the services that switch at the city limit. — at 9–10","For your own address, produce the who-fixes-what card: five common problems each matched to the correct government and office."
CX-LEGACYLA-0095,Civic Leadership Legacy : Louisiana,The parish: government closest to the door,PG-45,11–12,Lead,Parish Government Navigator,Municipality and parish: who does what,"Cities, towns and villages inside parishes — mayors and councils versus parish government, and the services that switch at the city limit. — at 11–12","For your own address, produce the who-fixes-what card: five common problems each matched to the correct government and office."
CX-LEGACYLA-0096,Civic Leadership Legacy : Louisiana,The parish: government closest to the door,PG-46,K–2,Explorer,Parish Government Navigator,When the parish fails you,"Escalation beyond the parish — state oversight, the legislative auditor, the courts and the press — the accountability ladder above local government. — at K–2","Take one real or case-study parish failure and map its escalation ladder in order, drafting the first escalation document."
CX-LEGACYLA-0097,Civic Leadership Legacy : Louisiana,The parish: government closest to the door,PG-47,3–5,Explorer,Parish Government Navigator,When the parish fails you,"Escalation beyond the parish — state oversight, the legislative auditor, the courts and the press — the accountability ladder above local government. — at 3–5","Take one real or case-study parish failure and map its escalation ladder in order, drafting the first escalation document."
CX-LEGACYLA-0098,Civic Leadership Legacy : Louisiana,The parish: government closest to the door,PG-48,6–8,Builder,Parish Government Navigator,When the parish fails you,"Escalation beyond the parish — state oversight, the legislative auditor, the courts and the press — the accountability ladder above local government. — at 6–8","Take one real or case-study parish failure and map its escalation ladder in order, drafting the first escalation document."
CX-LEGACYLA-0099,Civic Leadership Legacy : Louisiana,The parish: government closest to the door,PG-49,9–10,Practitioner,Parish Government Navigator,When the parish fails you,"Escalation beyond the parish — state oversight, the legislative auditor, the courts and the press — the accountability ladder above local government. — at 9–10","Take one real or case-study parish failure and map its escalation ladder in order, drafting the first escalation document."
CX-LEGACYLA-0100,Civic Leadership Legacy : Louisiana,The parish: government closest to the door,PG-50,11–12,Lead,Parish Government Navigator,When the parish fails you,"Escalation beyond the parish — state oversight, the legislative auditor, the courts and the press — the accountability ladder above local government. — at 11–12","Take one real or case-study parish failure and map its escalation ladder in order, drafting the first escalation document."
CX-LEGACYLA-0101,Civic Leadership Legacy : Louisiana,Baton Rouge: the Legislature and the law,LG-1,K–2,Explorer,Capitol Navigator,The capitol and the two chambers,"The Louisiana Legislature — House and Senate, districts and leadership — and finding the two people who represent your own address. — at K–2","Identify your actual state representative and senator by district lookup, and summarise one bill each has authored or sponsored recently."
CX-LEGACYLA-0102,Civic Leadership Legacy : Louisiana,Baton Rouge: the Legislature and the law,LG-2,3–5,Explorer,Capitol Navigator,The capitol and the two chambers,"The Louisiana Legislature — House and Senate, districts and leadership — and finding the two people who represent your own address. — at 3–5","Identify your actual state representative and senator by district lookup, and summarise one bill each has authored or sponsored recently."
CX-LEGACYLA-0103,Civic Leadership Legacy : Louisiana,Baton Rouge: the Legislature and the law,LG-3,6–8,Builder,Capitol Navigator,The capitol and the two chambers,"The Louisiana Legislature — House and Senate, districts and leadership — and finding the two people who represent your own address. — at 6–8","Identify your actual state representative and senator by district lookup, and summarise one bill each has authored or sponsored recently."
CX-LEGACYLA-0104,Civic Leadership Legacy : Louisiana,Baton Rouge: the Legislature and the law,LG-4,9–10,Practitioner,Capitol Navigator,The capitol and the two chambers,"The Louisiana Legislature — House and Senate, districts and leadership — and finding the two people who represent your own address. — at 9–10","Identify your actual state representative and senator by district lookup, and summarise one bill each has authored or sponsored recently."
CX-LEGACYLA-0105,Civic Leadership Legacy : Louisiana,Baton Rouge: the Legislature and the law,LG-5,11–12,Lead,Capitol Navigator,The capitol and the two chambers,"The Louisiana Legislature — House and Senate, districts and leadership — and finding the two people who represent your own address. — at 11–12","Identify your actual state representative and senator by district lookup, and summarise one bill each has authored or sponsored recently."
CX-LEGACYLA-0106,Civic Leadership Legacy : Louisiana,Baton Rouge: the Legislature and the law,LG-6,K–2,Explorer,Capitol Navigator,The session calendar,"Regular sessions, fiscal sessions and special sessions — Louisiana's legislative rhythm and why timing decides what can pass. — at K–2","Find the current or most recent session's actual convening rules and dates, and explain what kinds of bills it could and could not take up."
CX-LEGACYLA-0107,Civic Leadership Legacy : Louisiana,Baton Rouge: the Legislature and the law,LG-7,3–5,Explorer,Capitol Navigator,The session calendar,"Regular sessions, fiscal sessions and special sessions — Louisiana's legislative rhythm and why timing decides what can pass. — at 3–5","Find the current or most recent session's actual convening rules and dates, and explain what kinds of bills it could and could not take up."
CX-LEGACYLA-0108,Civic Leadership Legacy : Louisiana,Baton Rouge: the Legislature and the law,LG-8,6–8,Builder,Capitol Navigator,The session calendar,"Regular sessions, fiscal sessions and special sessions — Louisiana's legislative rhythm and why timing decides what can pass. — at 6–8","Find the current or most recent session's actual convening rules and dates, and explain what kinds of bills it could and could not take up."
CX-LEGACYLA-0109,Civic Leadership Legacy : Louisiana,Baton Rouge: the Legislature and the law,LG-9,9–10,Practitioner,Capitol Navigator,The session calendar,"Regular sessions, fiscal sessions and special sessions — Louisiana's legislative rhythm and why timing decides what can pass. — at 9–10","Find the current or most recent session's actual convening rules and dates, and explain what kinds of bills it could and could not take up."
CX-LEGACYLA-0110,Civic Leadership Legacy : Louisiana,Baton Rouge: the Legislature and the law,LG-10,11–12,Lead,Capitol Navigator,The session calendar,"Regular sessions, fiscal sessions and special sessions — Louisiana's legislative rhythm and why timing decides what can pass. — at 11–12","Find the current or most recent session's actual convening rules and dates, and explain what kinds of bills it could and could not take up."
CX-LEGACYLA-0111,Civic Leadership Legacy : Louisiana,Baton Rouge: the Legislature and the law,LG-11,K–2,Explorer,Capitol Navigator,A bill's actual journey,"Filing, committee, floor, the other chamber, the governor's desk — following one real bill through the Louisiana process, including where bills go to die. — at K–2","Track one real bill from the current or last session through each stage on the Legislature's own website, and state where it stalled or how it became law."
CX-LEGACYLA-0112,Civic Leadership Legacy : Louisiana,Baton Rouge: the Legislature and the law,LG-12,3–5,Explorer,Capitol Navigator,A bill's actual journey,"Filing, committee, floor, the other chamber, the governor's desk — following one real bill through the Louisiana process, including where bills go to die. — at 3–5","Track one real bill from the current or last session through each stage on the Legislature's own website, and state where it stalled or how it became law."
CX-LEGACYLA-0113,Civic Leadership Legacy : Louisiana,Baton Rouge: the Legislature and the law,LG-13,6–8,Builder,Capitol Navigator,A bill's actual journey,"Filing, committee, floor, the other chamber, the governor's desk — following one real bill through the Louisiana process, including where bills go to die. — at 6–8","Track one real bill from the current or last session through each stage on the Legislature's own website, and state where it stalled or how it became law."
CX-LEGACYLA-0114,Civic Leadership Legacy : Louisiana,Baton Rouge: the Legislature and the law,LG-14,9–10,Practitioner,Capitol Navigator,A bill's actual journey,"Filing, committee, floor, the other chamber, the governor's desk — following one real bill through the Louisiana process, including where bills go to die. — at 9–10","Track one real bill from the current or last session through each stage on the Legislature's own website, and state where it stalled or how it became law."
CX-LEGACYLA-0115,Civic Leadership Legacy : Louisiana,Baton Rouge: the Legislature and the law,LG-15,11–12,Lead,Capitol Navigator,A bill's actual journey,"Filing, committee, floor, the other chamber, the governor's desk — following one real bill through the Louisiana process, including where bills go to die. — at 11–12","Track one real bill from the current or last session through each stage on the Legislature's own website, and state where it stalled or how it became law."
CX-LEGACYLA-0116,Civic Leadership Legacy : Louisiana,Baton Rouge: the Legislature and the law,LG-16,K–2,Explorer,Capitol Navigator,The committee room is the real floor,"Why testimony, amendment and death happen in committee — reading an agenda, watching a hearing, and the citizen's seat at the table. — at K–2","Watch one real committee hearing (live or archived) and report the arguments, the amendments, and the vote as the record shows them."
CX-LEGACYLA-0117,Civic Leadership Legacy : Louisiana,Baton Rouge: the Legislature and the law,LG-17,3–5,Explorer,Capitol Navigator,The committee room is the real floor,"Why testimony, amendment and death happen in committee — reading an agenda, watching a hearing, and the citizen's seat at the table. — at 3–5","Watch one real committee hearing (live or archived) and report the arguments, the amendments, and the vote as the record shows them."
CX-LEGACYLA-0118,Civic Leadership Legacy : Louisiana,Baton Rouge: the Legislature and the law,LG-18,6–8,Builder,Capitol Navigator,The committee room is the real floor,"Why testimony, amendment and death happen in committee — reading an agenda, watching a hearing, and the citizen's seat at the table. — at 6–8","Watch one real committee hearing (live or archived) and report the arguments, the amendments, and the vote as the record shows them."
CX-LEGACYLA-0119,Civic Leadership Legacy : Louisiana,Baton Rouge: the Legislature and the law,LG-19,9–10,Practitioner,Capitol Navigator,The committee room is the real floor,"Why testimony, amendment and death happen in committee — reading an agenda, watching a hearing, and the citizen's seat at the table. — at 9–10","Watch one real committee hearing (live or archived) and report the arguments, the amendments, and the vote as the record shows them."
CX-LEGACYLA-0120,Civic Leadership Legacy : Louisiana,Baton Rouge: the Legislature and the law,LG-20,11–12,Lead,Capitol Navigator,The committee room is the real floor,"Why testimony, amendment and death happen in committee — reading an agenda, watching a hearing, and the citizen's seat at the table. — at 11–12","Watch one real committee hearing (live or archived) and report the arguments, the amendments, and the vote as the record shows them."
CX-LEGACYLA-0121,Civic Leadership Legacy : Louisiana,Baton Rouge: the Legislature and the law,LG-21,K–2,Explorer,Capitol Navigator,The only civil-law state,"Louisiana's civil-law inheritance — codes over precedent in private law, and what that history means at the notary, the succession and the property line. — at K–2","Explain, with one concrete everyday example, how Louisiana's civil-law tradition treats a matter differently from a common-law state, verified against an authoritative source."
CX-LEGACYLA-0122,Civic Leadership Legacy : Louisiana,Baton Rouge: the Legislature and the law,LG-22,3–5,Explorer,Capitol Navigator,The only civil-law state,"Louisiana's civil-law inheritance — codes over precedent in private law, and what that history means at the notary, the succession and the property line. — at 3–5","Explain, with one concrete everyday example, how Louisiana's civil-law tradition treats a matter differently from a common-law state, verified against an authoritative source."
CX-LEGACYLA-0123,Civic Leadership Legacy : Louisiana,Baton Rouge: the Legislature and the law,LG-23,6–8,Builder,Capitol Navigator,The only civil-law state,"Louisiana's civil-law inheritance — codes over precedent in private law, and what that history means at the notary, the succession and the property line. — at 6–8","Explain, with one concrete everyday example, how Louisiana's civil-law tradition treats a matter differently from a common-law state, verified against an authoritative source."
CX-LEGACYLA-0124,Civic Leadership Legacy : Louisiana,Baton Rouge: the Legislature and the law,LG-24,9–10,Practitioner,Capitol Navigator,The only civil-law state,"Louisiana's civil-law inheritance — codes over precedent in private law, and what that history means at the notary, the succession and the property line. — at 9–10","Explain, with one concrete everyday example, how Louisiana's civil-law tradition treats a matter differently from a common-law state, verified against an authoritative source."
CX-LEGACYLA-0125,Civic Leadership Legacy : Louisiana,Baton Rouge: the Legislature and the law,LG-25,11–12,Lead,Capitol Navigator,The only civil-law state,"Louisiana's civil-law inheritance — codes over precedent in private law, and what that history means at the notary, the succession and the property line. — at 11–12","Explain, with one concrete everyday example, how Louisiana's civil-law tradition treats a matter differently from a common-law state, verified against an authoritative source."
CX-LEGACYLA-0126,Civic Leadership Legacy : Louisiana,Baton Rouge: the Legislature and the law,LG-26,K–2,Explorer,Capitol Navigator,A constitution amended by you,"Louisiana's long constitution and the amendments on nearly every ballot — reading the question, the fiscal note and the arguments before voting. — at K–2","Take one real past or pending constitutional amendment, translate its ballot language into plain words, and present the strongest case each way."
CX-LEGACYLA-0127,Civic Leadership Legacy : Louisiana,Baton Rouge: the Legislature and the law,LG-27,3–5,Explorer,Capitol Navigator,A constitution amended by you,"Louisiana's long constitution and the amendments on nearly every ballot — reading the question, the fiscal note and the arguments before voting. — at 3–5","Take one real past or pending constitutional amendment, translate its ballot language into plain words, and present the strongest case each way."
CX-LEGACYLA-0128,Civic Leadership Legacy : Louisiana,Baton Rouge: the Legislature and the law,LG-28,6–8,Builder,Capitol Navigator,A constitution amended by you,"Louisiana's long constitution and the amendments on nearly every ballot — reading the question, the fiscal note and the arguments before voting. — at 6–8","Take one real past or pending constitutional amendment, translate its ballot language into plain words, and present the strongest case each way."
CX-LEGACYLA-0129,Civic Leadership Legacy : Louisiana,Baton Rouge: the Legislature and the law,LG-29,9–10,Practitioner,Capitol Navigator,A constitution amended by you,"Louisiana's long constitution and the amendments on nearly every ballot — reading the question, the fiscal note and the arguments before voting. — at 9–10","Take one real past or pending constitutional amendment, translate its ballot language into plain words, and present the strongest case each way."
CX-LEGACYLA-0130,Civic Leadership Legacy : Louisiana,Baton Rouge: the Legislature and the law,LG-30,11–12,Lead,Capitol Navigator,A constitution amended by you,"Louisiana's long constitution and the amendments on nearly every ballot — reading the question, the fiscal note and the arguments before voting. — at 11–12","Take one real past or pending constitutional amendment, translate its ballot language into plain words, and present the strongest case each way."
CX-LEGACYLA-0131,Civic Leadership Legacy : Louisiana,Baton Rouge: the Legislature and the law,LG-31,K–2,Explorer,Capitol Navigator,The budget and the checkbook,"The state budget's shape — where Louisiana's money comes from and goes — and the offices that watch it, from the fiscal office to the legislative auditor. — at K–2","From official budget documents, chart the state's five largest spending areas and follow one of them down to a program operating in your parish."
CX-LEGACYLA-0132,Civic Leadership Legacy : Louisiana,Baton Rouge: the Legislature and the law,LG-32,3–5,Explorer,Capitol Navigator,The budget and the checkbook,"The state budget's shape — where Louisiana's money comes from and goes — and the offices that watch it, from the fiscal office to the legislative auditor. — at 3–5","From official budget documents, chart the state's five largest spending areas and follow one of them down to a program operating in your parish."
CX-LEGACYLA-0133,Civic Leadership Legacy : Louisiana,Baton Rouge: the Legislature and the law,LG-33,6–8,Builder,Capitol Navigator,The budget and the checkbook,"The state budget's shape — where Louisiana's money comes from and goes — and the offices that watch it, from the fiscal office to the legislative auditor. — at 6–8","From official budget documents, chart the state's five largest spending areas and follow one of them down to a program operating in your parish."
CX-LEGACYLA-0134,Civic Leadership Legacy : Louisiana,Baton Rouge: the Legislature and the law,LG-34,9–10,Practitioner,Capitol Navigator,The budget and the checkbook,"The state budget's shape — where Louisiana's money comes from and goes — and the offices that watch it, from the fiscal office to the legislative auditor. — at 9–10","From official budget documents, chart the state's five largest spending areas and follow one of them down to a program operating in your parish."
CX-LEGACYLA-0135,Civic Leadership Legacy : Louisiana,Baton Rouge: the Legislature and the law,LG-35,11–12,Lead,Capitol Navigator,The budget and the checkbook,"The state budget's shape — where Louisiana's money comes from and goes — and the offices that watch it, from the fiscal office to the legislative auditor. — at 11–12","From official budget documents, chart the state's five largest spending areas and follow one of them down to a program operating in your parish."
CX-LEGACYLA-0136,Civic Leadership Legacy : Louisiana,Baton Rouge: the Legislature and the law,LG-36,K–2,Explorer,Capitol Navigator,The agencies that carry out the words,"Departments, boards and the administrative code — how a passed law becomes a rule, a form and an inspector at the door. — at K–2","Pick one state rule that touches your life, find it in the administrative code, and trace it back to the statute that authorised it."
CX-LEGACYLA-0137,Civic Leadership Legacy : Louisiana,Baton Rouge: the Legislature and the law,LG-37,3–5,Explorer,Capitol Navigator,The agencies that carry out the words,"Departments, boards and the administrative code — how a passed law becomes a rule, a form and an inspector at the door. — at 3–5","Pick one state rule that touches your life, find it in the administrative code, and trace it back to the statute that authorised it."
CX-LEGACYLA-0138,Civic Leadership Legacy : Louisiana,Baton Rouge: the Legislature and the law,LG-38,6–8,Builder,Capitol Navigator,The agencies that carry out the words,"Departments, boards and the administrative code — how a passed law becomes a rule, a form and an inspector at the door. — at 6–8","Pick one state rule that touches your life, find it in the administrative code, and trace it back to the statute that authorised it."
CX-LEGACYLA-0139,Civic Leadership Legacy : Louisiana,Baton Rouge: the Legislature and the law,LG-39,9–10,Practitioner,Capitol Navigator,The agencies that carry out the words,"Departments, boards and the administrative code — how a passed law becomes a rule, a form and an inspector at the door. — at 9–10","Pick one state rule that touches your life, find it in the administrative code, and trace it back to the statute that authorised it."
CX-LEGACYLA-0140,Civic Leadership Legacy : Louisiana,Baton Rouge: the Legislature and the law,LG-40,11–12,Lead,Capitol Navigator,The agencies that carry out the words,"Departments, boards and the administrative code — how a passed law becomes a rule, a form and an inspector at the door. — at 11–12","Pick one state rule that touches your life, find it in the administrative code, and trace it back to the statute that authorised it."
CX-LEGACYLA-0141,Civic Leadership Legacy : Louisiana,Baton Rouge: the Legislature and the law,LG-41,K–2,Explorer,Capitol Navigator,Testifying and the citizen's bill,"The routes from resident to lawmaking: contacting your legislator, testifying in committee, and the idea that becomes a filed bill. — at K–2",Draft a one-page bill proposal on a real local problem and deliver it (or a rehearsed committee testimony for it) in proper form to the right office.
CX-LEGACYLA-0142,Civic Leadership Legacy : Louisiana,Baton Rouge: the Legislature and the law,LG-42,3–5,Explorer,Capitol Navigator,Testifying and the citizen's bill,"The routes from resident to lawmaking: contacting your legislator, testifying in committee, and the idea that becomes a filed bill. — at 3–5",Draft a one-page bill proposal on a real local problem and deliver it (or a rehearsed committee testimony for it) in proper form to the right office.
CX-LEGACYLA-0143,Civic Leadership Legacy : Louisiana,Baton Rouge: the Legislature and the law,LG-43,6–8,Builder,Capitol Navigator,Testifying and the citizen's bill,"The routes from resident to lawmaking: contacting your legislator, testifying in committee, and the idea that becomes a filed bill. — at 6–8",Draft a one-page bill proposal on a real local problem and deliver it (or a rehearsed committee testimony for it) in proper form to the right office.
CX-LEGACYLA-0144,Civic Leadership Legacy : Louisiana,Baton Rouge: the Legislature and the law,LG-44,9–10,Practitioner,Capitol Navigator,Testifying and the citizen's bill,"The routes from resident to lawmaking: contacting your legislator, testifying in committee, and the idea that becomes a filed bill. — at 9–10",Draft a one-page bill proposal on a real local problem and deliver it (or a rehearsed committee testimony for it) in proper form to the right office.
CX-LEGACYLA-0145,Civic Leadership Legacy : Louisiana,Baton Rouge: the Legislature and the law,LG-45,11–12,Lead,Capitol Navigator,Testifying and the citizen's bill,"The routes from resident to lawmaking: contacting your legislator, testifying in committee, and the idea that becomes a filed bill. — at 11–12",Draft a one-page bill proposal on a real local problem and deliver it (or a rehearsed committee testimony for it) in proper form to the right office.
CX-LEGACYLA-0146,Civic Leadership Legacy : Louisiana,Baton Rouge: the Legislature and the law,LG-46,K–2,Explorer,Capitol Navigator,The courts above the parish,"Louisiana's court ladder — district courts, courts of appeal, the Supreme Court — and how an ordinary case climbs it. — at K–2","Map one real Louisiana case's path through the court system from filing to final ruling, naming each court correctly."
CX-LEGACYLA-0147,Civic Leadership Legacy : Louisiana,Baton Rouge: the Legislature and the law,LG-47,3–5,Explorer,Capitol Navigator,The courts above the parish,"Louisiana's court ladder — district courts, courts of appeal, the Supreme Court — and how an ordinary case climbs it. — at 3–5","Map one real Louisiana case's path through the court system from filing to final ruling, naming each court correctly."
CX-LEGACYLA-0148,Civic Leadership Legacy : Louisiana,Baton Rouge: the Legislature and the law,LG-48,6–8,Builder,Capitol Navigator,The courts above the parish,"Louisiana's court ladder — district courts, courts of appeal, the Supreme Court — and how an ordinary case climbs it. — at 6–8","Map one real Louisiana case's path through the court system from filing to final ruling, naming each court correctly."
CX-LEGACYLA-0149,Civic Leadership Legacy : Louisiana,Baton Rouge: the Legislature and the law,LG-49,9–10,Practitioner,Capitol Navigator,The courts above the parish,"Louisiana's court ladder — district courts, courts of appeal, the Supreme Court — and how an ordinary case climbs it. — at 9–10","Map one real Louisiana case's path through the court system from filing to final ruling, naming each court correctly."
CX-LEGACYLA-0150,Civic Leadership Legacy : Louisiana,Baton Rouge: the Legislature and the law,LG-50,11–12,Lead,Capitol Navigator,The courts above the parish,"Louisiana's court ladder — district courts, courts of appeal, the Supreme Court — and how an ordinary case climbs it. — at 11–12","Map one real Louisiana case's path through the court system from filing to final ruling, naming each court correctly."
CX-LEGACYLA-0151,Civic Leadership Legacy : Louisiana,"Elections, voice and the ballot in Louisiana",EV-1,K–2,Explorer,Election Steward,Registering and staying registered,"Who may vote in Louisiana, the registration routes and deadlines, and the purge-proof habit of checking your own record. — at K–2","Verify a real registration (yours or a consenting adult's) through the state's official portal, and correct or complete one detail if needed."
CX-LEGACYLA-0152,Civic Leadership Legacy : Louisiana,"Elections, voice and the ballot in Louisiana",EV-2,3–5,Explorer,Election Steward,Registering and staying registered,"Who may vote in Louisiana, the registration routes and deadlines, and the purge-proof habit of checking your own record. — at 3–5","Verify a real registration (yours or a consenting adult's) through the state's official portal, and correct or complete one detail if needed."
CX-LEGACYLA-0153,Civic Leadership Legacy : Louisiana,"Elections, voice and the ballot in Louisiana",EV-3,6–8,Builder,Election Steward,Registering and staying registered,"Who may vote in Louisiana, the registration routes and deadlines, and the purge-proof habit of checking your own record. — at 6–8","Verify a real registration (yours or a consenting adult's) through the state's official portal, and correct or complete one detail if needed."
CX-LEGACYLA-0154,Civic Leadership Legacy : Louisiana,"Elections, voice and the ballot in Louisiana",EV-4,9–10,Practitioner,Election Steward,Registering and staying registered,"Who may vote in Louisiana, the registration routes and deadlines, and the purge-proof habit of checking your own record. — at 9–10","Verify a real registration (yours or a consenting adult's) through the state's official portal, and correct or complete one detail if needed."
CX-LEGACYLA-0155,Civic Leadership Legacy : Louisiana,"Elections, voice and the ballot in Louisiana",EV-5,11–12,Lead,Election Steward,Registering and staying registered,"Who may vote in Louisiana, the registration routes and deadlines, and the purge-proof habit of checking your own record. — at 11–12","Verify a real registration (yours or a consenting adult's) through the state's official portal, and correct or complete one detail if needed."
CX-LEGACYLA-0156,Civic Leadership Legacy : Louisiana,"Elections, voice and the ballot in Louisiana",EV-6,K–2,Explorer,Election Steward,Louisiana's own way of electing,"The majority-vote primary and the runoff — Louisiana's distinctive system, the reforms that keep changing it, and reading the current rules for any given office. — at K–2","For two different offices on the next real ballot, find and explain the election rules that currently govern each, citing the Secretary of State's guidance."
CX-LEGACYLA-0157,Civic Leadership Legacy : Louisiana,"Elections, voice and the ballot in Louisiana",EV-7,3–5,Explorer,Election Steward,Louisiana's own way of electing,"The majority-vote primary and the runoff — Louisiana's distinctive system, the reforms that keep changing it, and reading the current rules for any given office. — at 3–5","For two different offices on the next real ballot, find and explain the election rules that currently govern each, citing the Secretary of State's guidance."
CX-LEGACYLA-0158,Civic Leadership Legacy : Louisiana,"Elections, voice and the ballot in Louisiana",EV-8,6–8,Builder,Election Steward,Louisiana's own way of electing,"The majority-vote primary and the runoff — Louisiana's distinctive system, the reforms that keep changing it, and reading the current rules for any given office. — at 6–8","For two different offices on the next real ballot, find and explain the election rules that currently govern each, citing the Secretary of State's guidance."
CX-LEGACYLA-0159,Civic Leadership Legacy : Louisiana,"Elections, voice and the ballot in Louisiana",EV-9,9–10,Practitioner,Election Steward,Louisiana's own way of electing,"The majority-vote primary and the runoff — Louisiana's distinctive system, the reforms that keep changing it, and reading the current rules for any given office. — at 9–10","For two different offices on the next real ballot, find and explain the election rules that currently govern each, citing the Secretary of State's guidance."
CX-LEGACYLA-0160,Civic Leadership Legacy : Louisiana,"Elections, voice and the ballot in Louisiana",EV-10,11–12,Lead,Election Steward,Louisiana's own way of electing,"The majority-vote primary and the runoff — Louisiana's distinctive system, the reforms that keep changing it, and reading the current rules for any given office. — at 11–12","For two different offices on the next real ballot, find and explain the election rules that currently govern each, citing the Secretary of State's guidance."
CX-LEGACYLA-0161,Civic Leadership Legacy : Louisiana,"Elections, voice and the ballot in Louisiana",EV-11,K–2,Explorer,Election Steward,The ballot below the headlines,"Millages, propositions, judgeships and boards — the down-ballot lines that move your money and your parish, read before election day. — at K–2",Obtain your actual sample ballot for a real election and produce a plain-language voter guide for every line below the top race.
CX-LEGACYLA-0162,Civic Leadership Legacy : Louisiana,"Elections, voice and the ballot in Louisiana",EV-12,3–5,Explorer,Election Steward,The ballot below the headlines,"Millages, propositions, judgeships and boards — the down-ballot lines that move your money and your parish, read before election day. — at 3–5",Obtain your actual sample ballot for a real election and produce a plain-language voter guide for every line below the top race.
CX-LEGACYLA-0163,Civic Leadership Legacy : Louisiana,"Elections, voice and the ballot in Louisiana",EV-13,6–8,Builder,Election Steward,The ballot below the headlines,"Millages, propositions, judgeships and boards — the down-ballot lines that move your money and your parish, read before election day. — at 6–8",Obtain your actual sample ballot for a real election and produce a plain-language voter guide for every line below the top race.
CX-LEGACYLA-0164,Civic Leadership Legacy : Louisiana,"Elections, voice and the ballot in Louisiana",EV-14,9–10,Practitioner,Election Steward,The ballot below the headlines,"Millages, propositions, judgeships and boards — the down-ballot lines that move your money and your parish, read before election day. — at 9–10",Obtain your actual sample ballot for a real election and produce a plain-language voter guide for every line below the top race.
CX-LEGACYLA-0165,Civic Leadership Legacy : Louisiana,"Elections, voice and the ballot in Louisiana",EV-15,11–12,Lead,Election Steward,The ballot below the headlines,"Millages, propositions, judgeships and boards — the down-ballot lines that move your money and your parish, read before election day. — at 11–12",Obtain your actual sample ballot for a real election and produce a plain-language voter guide for every line below the top race.
CX-LEGACYLA-0166,Civic Leadership Legacy : Louisiana,"Elections, voice and the ballot in Louisiana",EV-16,K–2,Explorer,Election Steward,"Early, absentee and election day","The three ways to cast a Louisiana ballot — windows, ID rules and the precinct — and helping someone else vote lawfully. — at K–2","Build the complete voting plan (method, dates, place, documents) for two different real voters — one straightforward, one with a barrier such as mobility or absence."
CX-LEGACYLA-0167,Civic Leadership Legacy : Louisiana,"Elections, voice and the ballot in Louisiana",EV-17,3–5,Explorer,Election Steward,"Early, absentee and election day","The three ways to cast a Louisiana ballot — windows, ID rules and the precinct — and helping someone else vote lawfully. — at 3–5","Build the complete voting plan (method, dates, place, documents) for two different real voters — one straightforward, one with a barrier such as mobility or absence."
CX-LEGACYLA-0168,Civic Leadership Legacy : Louisiana,"Elections, voice and the ballot in Louisiana",EV-18,6–8,Builder,Election Steward,"Early, absentee and election day","The three ways to cast a Louisiana ballot — windows, ID rules and the precinct — and helping someone else vote lawfully. — at 6–8","Build the complete voting plan (method, dates, place, documents) for two different real voters — one straightforward, one with a barrier such as mobility or absence."
CX-LEGACYLA-0169,Civic Leadership Legacy : Louisiana,"Elections, voice and the ballot in Louisiana",EV-19,9–10,Practitioner,Election Steward,"Early, absentee and election day","The three ways to cast a Louisiana ballot — windows, ID rules and the precinct — and helping someone else vote lawfully. — at 9–10","Build the complete voting plan (method, dates, place, documents) for two different real voters — one straightforward, one with a barrier such as mobility or absence."
CX-LEGACYLA-0170,Civic Leadership Legacy : Louisiana,"Elections, voice and the ballot in Louisiana",EV-20,11–12,Lead,Election Steward,"Early, absentee and election day","The three ways to cast a Louisiana ballot — windows, ID rules and the precinct — and helping someone else vote lawfully. — at 11–12","Build the complete voting plan (method, dates, place, documents) for two different real voters — one straightforward, one with a barrier such as mobility or absence."
CX-LEGACYLA-0171,Civic Leadership Legacy : Louisiana,"Elections, voice and the ballot in Louisiana",EV-21,K–2,Explorer,Election Steward,Working the election,"Commissioners, poll workers and watchers — the trained neighbours who run the machinery, and how to become one. — at K–2","Find your parish's actual requirements and application to serve as a poll commissioner or election worker, and submit or fully prepare it."
CX-LEGACYLA-0172,Civic Leadership Legacy : Louisiana,"Elections, voice and the ballot in Louisiana",EV-22,3–5,Explorer,Election Steward,Working the election,"Commissioners, poll workers and watchers — the trained neighbours who run the machinery, and how to become one. — at 3–5","Find your parish's actual requirements and application to serve as a poll commissioner or election worker, and submit or fully prepare it."
CX-LEGACYLA-0173,Civic Leadership Legacy : Louisiana,"Elections, voice and the ballot in Louisiana",EV-23,6–8,Builder,Election Steward,Working the election,"Commissioners, poll workers and watchers — the trained neighbours who run the machinery, and how to become one. — at 6–8","Find your parish's actual requirements and application to serve as a poll commissioner or election worker, and submit or fully prepare it."
CX-LEGACYLA-0174,Civic Leadership Legacy : Louisiana,"Elections, voice and the ballot in Louisiana",EV-24,9–10,Practitioner,Election Steward,Working the election,"Commissioners, poll workers and watchers — the trained neighbours who run the machinery, and how to become one. — at 9–10","Find your parish's actual requirements and application to serve as a poll commissioner or election worker, and submit or fully prepare it."
CX-LEGACYLA-0175,Civic Leadership Legacy : Louisiana,"Elections, voice and the ballot in Louisiana",EV-25,11–12,Lead,Election Steward,Working the election,"Commissioners, poll workers and watchers — the trained neighbours who run the machinery, and how to become one. — at 11–12","Find your parish's actual requirements and application to serve as a poll commissioner or election worker, and submit or fully prepare it."
CX-LEGACYLA-0176,Civic Leadership Legacy : Louisiana,"Elections, voice and the ballot in Louisiana",EV-26,K–2,Explorer,Election Steward,"The campaign, honestly run","What a small local campaign actually is — the filing, the finance reports, the door knocks and the rules that keep it lawful. — at K–2","Design a compliant campaign plan for a real or simulated parish-level office, including the actual filing requirements and one finance report drafted."
CX-LEGACYLA-0177,Civic Leadership Legacy : Louisiana,"Elections, voice and the ballot in Louisiana",EV-27,3–5,Explorer,Election Steward,"The campaign, honestly run","What a small local campaign actually is — the filing, the finance reports, the door knocks and the rules that keep it lawful. — at 3–5","Design a compliant campaign plan for a real or simulated parish-level office, including the actual filing requirements and one finance report drafted."
CX-LEGACYLA-0178,Civic Leadership Legacy : Louisiana,"Elections, voice and the ballot in Louisiana",EV-28,6–8,Builder,Election Steward,"The campaign, honestly run","What a small local campaign actually is — the filing, the finance reports, the door knocks and the rules that keep it lawful. — at 6–8","Design a compliant campaign plan for a real or simulated parish-level office, including the actual filing requirements and one finance report drafted."
CX-LEGACYLA-0179,Civic Leadership Legacy : Louisiana,"Elections, voice and the ballot in Louisiana",EV-29,9–10,Practitioner,Election Steward,"The campaign, honestly run","What a small local campaign actually is — the filing, the finance reports, the door knocks and the rules that keep it lawful. — at 9–10","Design a compliant campaign plan for a real or simulated parish-level office, including the actual filing requirements and one finance report drafted."
CX-LEGACYLA-0180,Civic Leadership Legacy : Louisiana,"Elections, voice and the ballot in Louisiana",EV-30,11–12,Lead,Election Steward,"The campaign, honestly run","What a small local campaign actually is — the filing, the finance reports, the door knocks and the rules that keep it lawful. — at 11–12","Design a compliant campaign plan for a real or simulated parish-level office, including the actual filing requirements and one finance report drafted."
CX-LEGACYLA-0181,Civic Leadership Legacy : Louisiana,"Elections, voice and the ballot in Louisiana",EV-31,K–2,Explorer,Election Steward,Money in the open,Campaign finance disclosure and the ethics board — following the money in one real race using the public filings. — at K–2,"Pull the actual campaign finance filings for one recent local race and report its top contributors and spending, with sources."
CX-LEGACYLA-0182,Civic Leadership Legacy : Louisiana,"Elections, voice and the ballot in Louisiana",EV-32,3–5,Explorer,Election Steward,Money in the open,Campaign finance disclosure and the ethics board — following the money in one real race using the public filings. — at 3–5,"Pull the actual campaign finance filings for one recent local race and report its top contributors and spending, with sources."
CX-LEGACYLA-0183,Civic Leadership Legacy : Louisiana,"Elections, voice and the ballot in Louisiana",EV-33,6–8,Builder,Election Steward,Money in the open,Campaign finance disclosure and the ethics board — following the money in one real race using the public filings. — at 6–8,"Pull the actual campaign finance filings for one recent local race and report its top contributors and spending, with sources."
CX-LEGACYLA-0184,Civic Leadership Legacy : Louisiana,"Elections, voice and the ballot in Louisiana",EV-34,9–10,Practitioner,Election Steward,Money in the open,Campaign finance disclosure and the ethics board — following the money in one real race using the public filings. — at 9–10,"Pull the actual campaign finance filings for one recent local race and report its top contributors and spending, with sources."
CX-LEGACYLA-0185,Civic Leadership Legacy : Louisiana,"Elections, voice and the ballot in Louisiana",EV-35,11–12,Lead,Election Steward,Money in the open,Campaign finance disclosure and the ethics board — following the money in one real race using the public filings. — at 11–12,"Pull the actual campaign finance filings for one recent local race and report its top contributors and spending, with sources."
CX-LEGACYLA-0186,Civic Leadership Legacy : Louisiana,"Elections, voice and the ballot in Louisiana",EV-36,K–2,Explorer,Election Steward,The organized ask,"Petitions, coalitions and the packed meeting — moving an issue without an election, and the legacy craft of counting votes before the vote. — at K–2","Organize or fully plan an issue campaign for one concrete local change: the target decision-maker, the coalition map, and the vote count you need."
CX-LEGACYLA-0187,Civic Leadership Legacy : Louisiana,"Elections, voice and the ballot in Louisiana",EV-37,3–5,Explorer,Election Steward,The organized ask,"Petitions, coalitions and the packed meeting — moving an issue without an election, and the legacy craft of counting votes before the vote. — at 3–5","Organize or fully plan an issue campaign for one concrete local change: the target decision-maker, the coalition map, and the vote count you need."
CX-LEGACYLA-0188,Civic Leadership Legacy : Louisiana,"Elections, voice and the ballot in Louisiana",EV-38,6–8,Builder,Election Steward,The organized ask,"Petitions, coalitions and the packed meeting — moving an issue without an election, and the legacy craft of counting votes before the vote. — at 6–8","Organize or fully plan an issue campaign for one concrete local change: the target decision-maker, the coalition map, and the vote count you need."
CX-LEGACYLA-0189,Civic Leadership Legacy : Louisiana,"Elections, voice and the ballot in Louisiana",EV-39,9–10,Practitioner,Election Steward,The organized ask,"Petitions, coalitions and the packed meeting — moving an issue without an election, and the legacy craft of counting votes before the vote. — at 9–10","Organize or fully plan an issue campaign for one concrete local change: the target decision-maker, the coalition map, and the vote count you need."
CX-LEGACYLA-0190,Civic Leadership Legacy : Louisiana,"Elections, voice and the ballot in Louisiana",EV-40,11–12,Lead,Election Steward,The organized ask,"Petitions, coalitions and the packed meeting — moving an issue without an election, and the legacy craft of counting votes before the vote. — at 11–12","Organize or fully plan an issue campaign for one concrete local change: the target decision-maker, the coalition map, and the vote count you need."
CX-LEGACYLA-0191,Civic Leadership Legacy : Louisiana,"Elections, voice and the ballot in Louisiana",EV-41,K–2,Explorer,Election Steward,Rumor season,"Election misinformation in Louisiana's channels — the claims that recur every cycle, and the official sources that settle them. — at K–2","Fact-check three circulating election claims against the Secretary of State and parish officials' records, and publish the corrected version."
CX-LEGACYLA-0192,Civic Leadership Legacy : Louisiana,"Elections, voice and the ballot in Louisiana",EV-42,3–5,Explorer,Election Steward,Rumor season,"Election misinformation in Louisiana's channels — the claims that recur every cycle, and the official sources that settle them. — at 3–5","Fact-check three circulating election claims against the Secretary of State and parish officials' records, and publish the corrected version."
CX-LEGACYLA-0193,Civic Leadership Legacy : Louisiana,"Elections, voice and the ballot in Louisiana",EV-43,6–8,Builder,Election Steward,Rumor season,"Election misinformation in Louisiana's channels — the claims that recur every cycle, and the official sources that settle them. — at 6–8","Fact-check three circulating election claims against the Secretary of State and parish officials' records, and publish the corrected version."
CX-LEGACYLA-0194,Civic Leadership Legacy : Louisiana,"Elections, voice and the ballot in Louisiana",EV-44,9–10,Practitioner,Election Steward,Rumor season,"Election misinformation in Louisiana's channels — the claims that recur every cycle, and the official sources that settle them. — at 9–10","Fact-check three circulating election claims against the Secretary of State and parish officials' records, and publish the corrected version."
CX-LEGACYLA-0195,Civic Leadership Legacy : Louisiana,"Elections, voice and the ballot in Louisiana",EV-45,11–12,Lead,Election Steward,Rumor season,"Election misinformation in Louisiana's channels — the claims that recur every cycle, and the official sources that settle them. — at 11–12","Fact-check three circulating election claims against the Secretary of State and parish officials' records, and publish the corrected version."
CX-LEGACYLA-0196,Civic Leadership Legacy : Louisiana,"Elections, voice and the ballot in Louisiana",EV-46,K–2,Explorer,Election Steward,After the count,"Canvass, challenges, recounts and concession — how results become final, and what a citizen can lawfully question and how. — at K–2","Trace one real Louisiana race's path from election night to certified result, naming each step and any challenge lodged."
CX-LEGACYLA-0197,Civic Leadership Legacy : Louisiana,"Elections, voice and the ballot in Louisiana",EV-47,3–5,Explorer,Election Steward,After the count,"Canvass, challenges, recounts and concession — how results become final, and what a citizen can lawfully question and how. — at 3–5","Trace one real Louisiana race's path from election night to certified result, naming each step and any challenge lodged."
CX-LEGACYLA-0198,Civic Leadership Legacy : Louisiana,"Elections, voice and the ballot in Louisiana",EV-48,6–8,Builder,Election Steward,After the count,"Canvass, challenges, recounts and concession — how results become final, and what a citizen can lawfully question and how. — at 6–8","Trace one real Louisiana race's path from election night to certified result, naming each step and any challenge lodged."
CX-LEGACYLA-0199,Civic Leadership Legacy : Louisiana,"Elections, voice and the ballot in Louisiana",EV-49,9–10,Practitioner,Election Steward,After the count,"Canvass, challenges, recounts and concession — how results become final, and what a citizen can lawfully question and how. — at 9–10","Trace one real Louisiana race's path from election night to certified result, naming each step and any challenge lodged."
CX-LEGACYLA-0200,Civic Leadership Legacy : Louisiana,"Elections, voice and the ballot in Louisiana",EV-50,11–12,Lead,Election Steward,After the count,"Canvass, challenges, recounts and concession — how results become final, and what a citizen can lawfully question and how. — at 11–12","Trace one real Louisiana race's path from election night to certified result, naming each step and any challenge lodged."
CX-LEGACYLA-0201,Civic Leadership Legacy : Louisiana,"Water, storm and the civic machine",WS-1,K–2,Explorer,Coastal Civics Lead,A state built on water,"The river, the delta and the working coast — why Louisiana's geography is its economy, its culture and its permanent civic problem. — at K–2","Map the waterways that shape your own parish — drainage, navigation, flood risk — and explain one civic decision each has forced."
CX-LEGACYLA-0202,Civic Leadership Legacy : Louisiana,"Water, storm and the civic machine",WS-2,3–5,Explorer,Coastal Civics Lead,A state built on water,"The river, the delta and the working coast — why Louisiana's geography is its economy, its culture and its permanent civic problem. — at 3–5","Map the waterways that shape your own parish — drainage, navigation, flood risk — and explain one civic decision each has forced."
CX-LEGACYLA-0203,Civic Leadership Legacy : Louisiana,"Water, storm and the civic machine",WS-3,6–8,Builder,Coastal Civics Lead,A state built on water,"The river, the delta and the working coast — why Louisiana's geography is its economy, its culture and its permanent civic problem. — at 6–8","Map the waterways that shape your own parish — drainage, navigation, flood risk — and explain one civic decision each has forced."
CX-LEGACYLA-0204,Civic Leadership Legacy : Louisiana,"Water, storm and the civic machine",WS-4,9–10,Practitioner,Coastal Civics Lead,A state built on water,"The river, the delta and the working coast — why Louisiana's geography is its economy, its culture and its permanent civic problem. — at 9–10","Map the waterways that shape your own parish — drainage, navigation, flood risk — and explain one civic decision each has forced."
CX-LEGACYLA-0205,Civic Leadership Legacy : Louisiana,"Water, storm and the civic machine",WS-5,11–12,Lead,Coastal Civics Lead,A state built on water,"The river, the delta and the working coast — why Louisiana's geography is its economy, its culture and its permanent civic problem. — at 11–12","Map the waterways that shape your own parish — drainage, navigation, flood risk — and explain one civic decision each has forced."
CX-LEGACYLA-0206,Civic Leadership Legacy : Louisiana,"Water, storm and the civic machine",WS-6,K–2,Explorer,Coastal Civics Lead,The levee and its board,"Levees, floodwalls and the districts that own them — the oldest special governments in the state, and how to read their work. — at K–2","Identify the levee or drainage authority protecting your area, attend or review one of its meetings, and report the state of one structure it maintains."
CX-LEGACYLA-0207,Civic Leadership Legacy : Louisiana,"Water, storm and the civic machine",WS-7,3–5,Explorer,Coastal Civics Lead,The levee and its board,"Levees, floodwalls and the districts that own them — the oldest special governments in the state, and how to read their work. — at 3–5","Identify the levee or drainage authority protecting your area, attend or review one of its meetings, and report the state of one structure it maintains."
CX-LEGACYLA-0208,Civic Leadership Legacy : Louisiana,"Water, storm and the civic machine",WS-8,6–8,Builder,Coastal Civics Lead,The levee and its board,"Levees, floodwalls and the districts that own them — the oldest special governments in the state, and how to read their work. — at 6–8","Identify the levee or drainage authority protecting your area, attend or review one of its meetings, and report the state of one structure it maintains."
CX-LEGACYLA-0209,Civic Leadership Legacy : Louisiana,"Water, storm and the civic machine",WS-9,9–10,Practitioner,Coastal Civics Lead,The levee and its board,"Levees, floodwalls and the districts that own them — the oldest special governments in the state, and how to read their work. — at 9–10","Identify the levee or drainage authority protecting your area, attend or review one of its meetings, and report the state of one structure it maintains."
CX-LEGACYLA-0210,Civic Leadership Legacy : Louisiana,"Water, storm and the civic machine",WS-10,11–12,Lead,Coastal Civics Lead,The levee and its board,"Levees, floodwalls and the districts that own them — the oldest special governments in the state, and how to read their work. — at 11–12","Identify the levee or drainage authority protecting your area, attend or review one of its meetings, and report the state of one structure it maintains."
CX-LEGACYLA-0211,Civic Leadership Legacy : Louisiana,"Water, storm and the civic machine",WS-11,K–2,Explorer,Coastal Civics Lead,The coast that is leaving,"Land loss and the Coastal Master Plan — what is being lost, what is planned, and how the plan is argued over and funded. — at K–2","From the current Coastal Master Plan's own documents, summarise one project nearest your parish — its cost, purpose and status."
CX-LEGACYLA-0212,Civic Leadership Legacy : Louisiana,"Water, storm and the civic machine",WS-12,3–5,Explorer,Coastal Civics Lead,The coast that is leaving,"Land loss and the Coastal Master Plan — what is being lost, what is planned, and how the plan is argued over and funded. — at 3–5","From the current Coastal Master Plan's own documents, summarise one project nearest your parish — its cost, purpose and status."
CX-LEGACYLA-0213,Civic Leadership Legacy : Louisiana,"Water, storm and the civic machine",WS-13,6–8,Builder,Coastal Civics Lead,The coast that is leaving,"Land loss and the Coastal Master Plan — what is being lost, what is planned, and how the plan is argued over and funded. — at 6–8","From the current Coastal Master Plan's own documents, summarise one project nearest your parish — its cost, purpose and status."
CX-LEGACYLA-0214,Civic Leadership Legacy : Louisiana,"Water, storm and the civic machine",WS-14,9–10,Practitioner,Coastal Civics Lead,The coast that is leaving,"Land loss and the Coastal Master Plan — what is being lost, what is planned, and how the plan is argued over and funded. — at 9–10","From the current Coastal Master Plan's own documents, summarise one project nearest your parish — its cost, purpose and status."
CX-LEGACYLA-0215,Civic Leadership Legacy : Louisiana,"Water, storm and the civic machine",WS-15,11–12,Lead,Coastal Civics Lead,The coast that is leaving,"Land loss and the Coastal Master Plan — what is being lost, what is planned, and how the plan is argued over and funded. — at 11–12","From the current Coastal Master Plan's own documents, summarise one project nearest your parish — its cost, purpose and status."
CX-LEGACYLA-0216,Civic Leadership Legacy : Louisiana,"Water, storm and the civic machine",WS-16,K–2,Explorer,Coastal Civics Lead,The storm before the storm,"Watches, warnings, contraflow and the phased evacuation — the governance of leaving, and who decides when you go. — at K–2","Build your household's hurricane plan against the parish's actual evacuation guidance — zone, route, trigger and destination — and rehearse the leave decision."
CX-LEGACYLA-0217,Civic Leadership Legacy : Louisiana,"Water, storm and the civic machine",WS-17,3–5,Explorer,Coastal Civics Lead,The storm before the storm,"Watches, warnings, contraflow and the phased evacuation — the governance of leaving, and who decides when you go. — at 3–5","Build your household's hurricane plan against the parish's actual evacuation guidance — zone, route, trigger and destination — and rehearse the leave decision."
CX-LEGACYLA-0218,Civic Leadership Legacy : Louisiana,"Water, storm and the civic machine",WS-18,6–8,Builder,Coastal Civics Lead,The storm before the storm,"Watches, warnings, contraflow and the phased evacuation — the governance of leaving, and who decides when you go. — at 6–8","Build your household's hurricane plan against the parish's actual evacuation guidance — zone, route, trigger and destination — and rehearse the leave decision."
CX-LEGACYLA-0219,Civic Leadership Legacy : Louisiana,"Water, storm and the civic machine",WS-19,9–10,Practitioner,Coastal Civics Lead,The storm before the storm,"Watches, warnings, contraflow and the phased evacuation — the governance of leaving, and who decides when you go. — at 9–10","Build your household's hurricane plan against the parish's actual evacuation guidance — zone, route, trigger and destination — and rehearse the leave decision."
CX-LEGACYLA-0220,Civic Leadership Legacy : Louisiana,"Water, storm and the civic machine",WS-20,11–12,Lead,Coastal Civics Lead,The storm before the storm,"Watches, warnings, contraflow and the phased evacuation — the governance of leaving, and who decides when you go. — at 11–12","Build your household's hurricane plan against the parish's actual evacuation guidance — zone, route, trigger and destination — and rehearse the leave decision."
CX-LEGACYLA-0221,Civic Leadership Legacy : Louisiana,"Water, storm and the civic machine",WS-21,K–2,Explorer,Coastal Civics Lead,"Shelter, rescue and the neighbour with a boat",Official response and citizen response — from parish emergency operations to the volunteer flotillas — and how the two coordinate rather than collide. — at K–2,"Map your parish's actual emergency structure — the office, the alerts, the shelters — and register with or document one legitimate volunteer route into it."
CX-LEGACYLA-0222,Civic Leadership Legacy : Louisiana,"Water, storm and the civic machine",WS-22,3–5,Explorer,Coastal Civics Lead,"Shelter, rescue and the neighbour with a boat",Official response and citizen response — from parish emergency operations to the volunteer flotillas — and how the two coordinate rather than collide. — at 3–5,"Map your parish's actual emergency structure — the office, the alerts, the shelters — and register with or document one legitimate volunteer route into it."
CX-LEGACYLA-0223,Civic Leadership Legacy : Louisiana,"Water, storm and the civic machine",WS-23,6–8,Builder,Coastal Civics Lead,"Shelter, rescue and the neighbour with a boat",Official response and citizen response — from parish emergency operations to the volunteer flotillas — and how the two coordinate rather than collide. — at 6–8,"Map your parish's actual emergency structure — the office, the alerts, the shelters — and register with or document one legitimate volunteer route into it."
CX-LEGACYLA-0224,Civic Leadership Legacy : Louisiana,"Water, storm and the civic machine",WS-24,9–10,Practitioner,Coastal Civics Lead,"Shelter, rescue and the neighbour with a boat",Official response and citizen response — from parish emergency operations to the volunteer flotillas — and how the two coordinate rather than collide. — at 9–10,"Map your parish's actual emergency structure — the office, the alerts, the shelters — and register with or document one legitimate volunteer route into it."
CX-LEGACYLA-0225,Civic Leadership Legacy : Louisiana,"Water, storm and the civic machine",WS-25,11–12,Lead,Coastal Civics Lead,"Shelter, rescue and the neighbour with a boat",Official response and citizen response — from parish emergency operations to the volunteer flotillas — and how the two coordinate rather than collide. — at 11–12,"Map your parish's actual emergency structure — the office, the alerts, the shelters — and register with or document one legitimate volunteer route into it."
CX-LEGACYLA-0226,Civic Leadership Legacy : Louisiana,"Water, storm and the civic machine",WS-26,K–2,Explorer,Coastal Civics Lead,After the water: the recovery ledger,"The long civic aftermath — assistance programs, insurance claims, elevation grants and the paperwork that decides who rebuilds. — at K–2","From one documented Louisiana disaster, chart the recovery programs that operated and identify, with evidence, one group the paperwork left behind."
CX-LEGACYLA-0227,Civic Leadership Legacy : Louisiana,"Water, storm and the civic machine",WS-27,3–5,Explorer,Coastal Civics Lead,After the water: the recovery ledger,"The long civic aftermath — assistance programs, insurance claims, elevation grants and the paperwork that decides who rebuilds. — at 3–5","From one documented Louisiana disaster, chart the recovery programs that operated and identify, with evidence, one group the paperwork left behind."
CX-LEGACYLA-0228,Civic Leadership Legacy : Louisiana,"Water, storm and the civic machine",WS-28,6–8,Builder,Coastal Civics Lead,After the water: the recovery ledger,"The long civic aftermath — assistance programs, insurance claims, elevation grants and the paperwork that decides who rebuilds. — at 6–8","From one documented Louisiana disaster, chart the recovery programs that operated and identify, with evidence, one group the paperwork left behind."
CX-LEGACYLA-0229,Civic Leadership Legacy : Louisiana,"Water, storm and the civic machine",WS-29,9–10,Practitioner,Coastal Civics Lead,After the water: the recovery ledger,"The long civic aftermath — assistance programs, insurance claims, elevation grants and the paperwork that decides who rebuilds. — at 9–10","From one documented Louisiana disaster, chart the recovery programs that operated and identify, with evidence, one group the paperwork left behind."
CX-LEGACYLA-0230,Civic Leadership Legacy : Louisiana,"Water, storm and the civic machine",WS-30,11–12,Lead,Coastal Civics Lead,After the water: the recovery ledger,"The long civic aftermath — assistance programs, insurance claims, elevation grants and the paperwork that decides who rebuilds. — at 11–12","From one documented Louisiana disaster, chart the recovery programs that operated and identify, with evidence, one group the paperwork left behind."
CX-LEGACYLA-0231,Civic Leadership Legacy : Louisiana,"Water, storm and the civic machine",WS-31,K–2,Explorer,Coastal Civics Lead,The insurance problem on every kitchen table,"Wind, flood and the market that keeps retreating — reading a policy, the state's backstops, and insurance as a civic issue, not just a bill. — at K–2","Analyse one real or sample Louisiana homeowner's coverage for wind and flood gaps, and summarise the current public options a resident could turn to."
CX-LEGACYLA-0232,Civic Leadership Legacy : Louisiana,"Water, storm and the civic machine",WS-32,3–5,Explorer,Coastal Civics Lead,The insurance problem on every kitchen table,"Wind, flood and the market that keeps retreating — reading a policy, the state's backstops, and insurance as a civic issue, not just a bill. — at 3–5","Analyse one real or sample Louisiana homeowner's coverage for wind and flood gaps, and summarise the current public options a resident could turn to."
CX-LEGACYLA-0233,Civic Leadership Legacy : Louisiana,"Water, storm and the civic machine",WS-33,6–8,Builder,Coastal Civics Lead,The insurance problem on every kitchen table,"Wind, flood and the market that keeps retreating — reading a policy, the state's backstops, and insurance as a civic issue, not just a bill. — at 6–8","Analyse one real or sample Louisiana homeowner's coverage for wind and flood gaps, and summarise the current public options a resident could turn to."
CX-LEGACYLA-0234,Civic Leadership Legacy : Louisiana,"Water, storm and the civic machine",WS-34,9–10,Practitioner,Coastal Civics Lead,The insurance problem on every kitchen table,"Wind, flood and the market that keeps retreating — reading a policy, the state's backstops, and insurance as a civic issue, not just a bill. — at 9–10","Analyse one real or sample Louisiana homeowner's coverage for wind and flood gaps, and summarise the current public options a resident could turn to."
CX-LEGACYLA-0235,Civic Leadership Legacy : Louisiana,"Water, storm and the civic machine",WS-35,11–12,Lead,Coastal Civics Lead,The insurance problem on every kitchen table,"Wind, flood and the market that keeps retreating — reading a policy, the state's backstops, and insurance as a civic issue, not just a bill. — at 11–12","Analyse one real or sample Louisiana homeowner's coverage for wind and flood gaps, and summarise the current public options a resident could turn to."
CX-LEGACYLA-0236,Civic Leadership Legacy : Louisiana,"Water, storm and the civic machine",WS-36,K–2,Explorer,Coastal Civics Lead,Industry on the water,"Ports, energy, petrochemicals and fisheries — the anchor industries, the jobs and revenues they carry, and the environmental arguments they generate. — at K–2","Profile one real water-dependent industry site near your parish: its jobs and taxes, its permits, and one live controversy documented from both sides."
CX-LEGACYLA-0237,Civic Leadership Legacy : Louisiana,"Water, storm and the civic machine",WS-37,3–5,Explorer,Coastal Civics Lead,Industry on the water,"Ports, energy, petrochemicals and fisheries — the anchor industries, the jobs and revenues they carry, and the environmental arguments they generate. — at 3–5","Profile one real water-dependent industry site near your parish: its jobs and taxes, its permits, and one live controversy documented from both sides."
CX-LEGACYLA-0238,Civic Leadership Legacy : Louisiana,"Water, storm and the civic machine",WS-38,6–8,Builder,Coastal Civics Lead,Industry on the water,"Ports, energy, petrochemicals and fisheries — the anchor industries, the jobs and revenues they carry, and the environmental arguments they generate. — at 6–8","Profile one real water-dependent industry site near your parish: its jobs and taxes, its permits, and one live controversy documented from both sides."
CX-LEGACYLA-0239,Civic Leadership Legacy : Louisiana,"Water, storm and the civic machine",WS-39,9–10,Practitioner,Coastal Civics Lead,Industry on the water,"Ports, energy, petrochemicals and fisheries — the anchor industries, the jobs and revenues they carry, and the environmental arguments they generate. — at 9–10","Profile one real water-dependent industry site near your parish: its jobs and taxes, its permits, and one live controversy documented from both sides."
CX-LEGACYLA-0240,Civic Leadership Legacy : Louisiana,"Water, storm and the civic machine",WS-40,11–12,Lead,Coastal Civics Lead,Industry on the water,"Ports, energy, petrochemicals and fisheries — the anchor industries, the jobs and revenues they carry, and the environmental arguments they generate. — at 11–12","Profile one real water-dependent industry site near your parish: its jobs and taxes, its permits, and one live controversy documented from both sides."
CX-LEGACYLA-0241,Civic Leadership Legacy : Louisiana,"Water, storm and the civic machine",WS-41,K–2,Explorer,Coastal Civics Lead,Environmental voice,"Permits, public comment periods and the communities along the fence line — the lawful machinery for objecting, improving and monitoring. — at K–2",Find one real open permit or comment period affecting your region and submit (or fully draft) a substantive comment in the required form.
CX-LEGACYLA-0242,Civic Leadership Legacy : Louisiana,"Water, storm and the civic machine",WS-42,3–5,Explorer,Coastal Civics Lead,Environmental voice,"Permits, public comment periods and the communities along the fence line — the lawful machinery for objecting, improving and monitoring. — at 3–5",Find one real open permit or comment period affecting your region and submit (or fully draft) a substantive comment in the required form.
CX-LEGACYLA-0243,Civic Leadership Legacy : Louisiana,"Water, storm and the civic machine",WS-43,6–8,Builder,Coastal Civics Lead,Environmental voice,"Permits, public comment periods and the communities along the fence line — the lawful machinery for objecting, improving and monitoring. — at 6–8",Find one real open permit or comment period affecting your region and submit (or fully draft) a substantive comment in the required form.
CX-LEGACYLA-0244,Civic Leadership Legacy : Louisiana,"Water, storm and the civic machine",WS-44,9–10,Practitioner,Coastal Civics Lead,Environmental voice,"Permits, public comment periods and the communities along the fence line — the lawful machinery for objecting, improving and monitoring. — at 9–10",Find one real open permit or comment period affecting your region and submit (or fully draft) a substantive comment in the required form.
CX-LEGACYLA-0245,Civic Leadership Legacy : Louisiana,"Water, storm and the civic machine",WS-45,11–12,Lead,Coastal Civics Lead,Environmental voice,"Permits, public comment periods and the communities along the fence line — the lawful machinery for objecting, improving and monitoring. — at 11–12",Find one real open permit or comment period affecting your region and submit (or fully draft) a substantive comment in the required form.
CX-LEGACYLA-0246,Civic Leadership Legacy : Louisiana,"Water, storm and the civic machine",WS-46,K–2,Explorer,Coastal Civics Lead,Leading a place that floods,"The capstone: civic leadership where the ground itself is uncertain — weighing protection, retreat and industry with real neighbours in the room. — at K–2","Run or present a structured deliberation on one real local water decision — options, trade-offs, affected voices — and deliver the recommendation you would defend in public."
CX-LEGACYLA-0247,Civic Leadership Legacy : Louisiana,"Water, storm and the civic machine",WS-47,3–5,Explorer,Coastal Civics Lead,Leading a place that floods,"The capstone: civic leadership where the ground itself is uncertain — weighing protection, retreat and industry with real neighbours in the room. — at 3–5","Run or present a structured deliberation on one real local water decision — options, trade-offs, affected voices — and deliver the recommendation you would defend in public."
CX-LEGACYLA-0248,Civic Leadership Legacy : Louisiana,"Water, storm and the civic machine",WS-48,6–8,Builder,Coastal Civics Lead,Leading a place that floods,"The capstone: civic leadership where the ground itself is uncertain — weighing protection, retreat and industry with real neighbours in the room. — at 6–8","Run or present a structured deliberation on one real local water decision — options, trade-offs, affected voices — and deliver the recommendation you would defend in public."
CX-LEGACYLA-0249,Civic Leadership Legacy : Louisiana,"Water, storm and the civic machine",WS-49,9–10,Practitioner,Coastal Civics Lead,Leading a place that floods,"The capstone: civic leadership where the ground itself is uncertain — weighing protection, retreat and industry with real neighbours in the room. — at 9–10","Run or present a structured deliberation on one real local water decision — options, trade-offs, affected voices — and deliver the recommendation you would defend in public."
CX-LEGACYLA-0250,Civic Leadership Legacy : Louisiana,"Water, storm and the civic machine",WS-50,11–12,Lead,Coastal Civics Lead,Leading a place that floods,"The capstone: civic leadership where the ground itself is uncertain — weighing protection, retreat and industry with real neighbours in the room. — at 11–12","Run or present a structured deliberation on one real local water decision — options, trade-offs, affected voices — and deliver the recommendation you would defend in public."
CX-NEIGH-0001,"Neighbourhood, Safety & Civic Voice",The block: who is on it and what it holds,NB-1,K–2,Explorer,Neighbourhood Explorer,The block: what is actually on it,"Surveying what is actually on your block, rather than what you assume is. — at K–2",Produce a block survey.
CX-NEIGH-0002,"Neighbourhood, Safety & Civic Voice",The block: who is on it and what it holds,NB-2,3–5,Explorer,Neighbourhood Explorer,The block: what is actually on it,"Surveying what is actually on your block, rather than what you assume is. — at 3–5",Produce a block survey.
CX-NEIGH-0003,"Neighbourhood, Safety & Civic Voice",The block: who is on it and what it holds,NB-3,6–8,Builder,Neighbourhood Explorer,The block: what is actually on it,"Surveying what is actually on your block, rather than what you assume is. — at 6–8",Produce a block survey.
CX-NEIGH-0004,"Neighbourhood, Safety & Civic Voice",The block: who is on it and what it holds,NB-4,9–10,Practitioner,Neighbourhood Explorer,The block: what is actually on it,"Surveying what is actually on your block, rather than what you assume is. — at 9–10",Produce a block survey.
CX-NEIGH-0005,"Neighbourhood, Safety & Civic Voice",The block: who is on it and what it holds,NB-5,11–12,Lead,Neighbourhood Explorer,The block: what is actually on it,"Surveying what is actually on your block, rather than what you assume is. — at 11–12",Produce a block survey.
CX-NEIGH-0006,"Neighbourhood, Safety & Civic Voice",The block: who is on it and what it holds,NB-6,K–2,Explorer,Neighbourhood Explorer,Who works here and who lives here,"Who works here and who lives here, and why the distinction changes everything. — at K–2",Map both populations for one block.
CX-NEIGH-0007,"Neighbourhood, Safety & Civic Voice",The block: who is on it and what it holds,NB-7,3–5,Explorer,Neighbourhood Explorer,Who works here and who lives here,"Who works here and who lives here, and why the distinction changes everything. — at 3–5",Map both populations for one block.
CX-NEIGH-0008,"Neighbourhood, Safety & Civic Voice",The block: who is on it and what it holds,NB-8,6–8,Builder,Neighbourhood Explorer,Who works here and who lives here,"Who works here and who lives here, and why the distinction changes everything. — at 6–8",Map both populations for one block.
CX-NEIGH-0009,"Neighbourhood, Safety & Civic Voice",The block: who is on it and what it holds,NB-9,9–10,Practitioner,Neighbourhood Explorer,Who works here and who lives here,"Who works here and who lives here, and why the distinction changes everything. — at 9–10",Map both populations for one block.
CX-NEIGH-0010,"Neighbourhood, Safety & Civic Voice",The block: who is on it and what it holds,NB-10,11–12,Lead,Neighbourhood Explorer,Who works here and who lives here,"Who works here and who lives here, and why the distinction changes everything. — at 11–12",Map both populations for one block.
CX-NEIGH-0011,"Neighbourhood, Safety & Civic Voice",The block: who is on it and what it holds,NB-11,K–2,Explorer,Neighbourhood Explorer,The businesses that will let you use a bathroom,"Which businesses will let somebody use a bathroom, which is infrastructure. — at K–2",Map the accessible bathrooms within four blocks.
CX-NEIGH-0012,"Neighbourhood, Safety & Civic Voice",The block: who is on it and what it holds,NB-12,3–5,Explorer,Neighbourhood Explorer,The businesses that will let you use a bathroom,"Which businesses will let somebody use a bathroom, which is infrastructure. — at 3–5",Map the accessible bathrooms within four blocks.
CX-NEIGH-0013,"Neighbourhood, Safety & Civic Voice",The block: who is on it and what it holds,NB-13,6–8,Builder,Neighbourhood Explorer,The businesses that will let you use a bathroom,"Which businesses will let somebody use a bathroom, which is infrastructure. — at 6–8",Map the accessible bathrooms within four blocks.
CX-NEIGH-0014,"Neighbourhood, Safety & Civic Voice",The block: who is on it and what it holds,NB-14,9–10,Practitioner,Neighbourhood Explorer,The businesses that will let you use a bathroom,"Which businesses will let somebody use a bathroom, which is infrastructure. — at 9–10",Map the accessible bathrooms within four blocks.
CX-NEIGH-0015,"Neighbourhood, Safety & Civic Voice",The block: who is on it and what it holds,NB-15,11–12,Lead,Neighbourhood Explorer,The businesses that will let you use a bathroom,"Which businesses will let somebody use a bathroom, which is infrastructure. — at 11–12",Map the accessible bathrooms within four blocks.
CX-NEIGH-0016,"Neighbourhood, Safety & Civic Voice",The block: who is on it and what it holds,NB-16,K–2,Explorer,Neighbourhood Explorer,Where people gather and why there,"Where people gather, and the reasons — shade, power, a bench, a doorway. — at K–2",Identify three gathering points and why each works.
CX-NEIGH-0017,"Neighbourhood, Safety & Civic Voice",The block: who is on it and what it holds,NB-17,3–5,Explorer,Neighbourhood Explorer,Where people gather and why there,"Where people gather, and the reasons — shade, power, a bench, a doorway. — at 3–5",Identify three gathering points and why each works.
CX-NEIGH-0018,"Neighbourhood, Safety & Civic Voice",The block: who is on it and what it holds,NB-18,6–8,Builder,Neighbourhood Explorer,Where people gather and why there,"Where people gather, and the reasons — shade, power, a bench, a doorway. — at 6–8",Identify three gathering points and why each works.
CX-NEIGH-0019,"Neighbourhood, Safety & Civic Voice",The block: who is on it and what it holds,NB-19,9–10,Practitioner,Neighbourhood Explorer,Where people gather and why there,"Where people gather, and the reasons — shade, power, a bench, a doorway. — at 9–10",Identify three gathering points and why each works.
CX-NEIGH-0020,"Neighbourhood, Safety & Civic Voice",The block: who is on it and what it holds,NB-20,11–12,Lead,Neighbourhood Explorer,Where people gather and why there,"Where people gather, and the reasons — shade, power, a bench, a doorway. — at 11–12",Identify three gathering points and why each works.
CX-NEIGH-0021,"Neighbourhood, Safety & Civic Voice",The block: who is on it and what it holds,NB-21,K–2,Explorer,Neighbourhood Explorer,Services within four blocks,"Services within four blocks, mapped by what they actually do and when they open. — at K–2",Produce the four-block service map with hours.
CX-NEIGH-0022,"Neighbourhood, Safety & Civic Voice",The block: who is on it and what it holds,NB-22,3–5,Explorer,Neighbourhood Explorer,Services within four blocks,"Services within four blocks, mapped by what they actually do and when they open. — at 3–5",Produce the four-block service map with hours.
CX-NEIGH-0023,"Neighbourhood, Safety & Civic Voice",The block: who is on it and what it holds,NB-23,6–8,Builder,Neighbourhood Explorer,Services within four blocks,"Services within four blocks, mapped by what they actually do and when they open. — at 6–8",Produce the four-block service map with hours.
CX-NEIGH-0024,"Neighbourhood, Safety & Civic Voice",The block: who is on it and what it holds,NB-24,9–10,Practitioner,Neighbourhood Explorer,Services within four blocks,"Services within four blocks, mapped by what they actually do and when they open. — at 9–10",Produce the four-block service map with hours.
CX-NEIGH-0025,"Neighbourhood, Safety & Civic Voice",The block: who is on it and what it holds,NB-25,11–12,Lead,Neighbourhood Explorer,Services within four blocks,"Services within four blocks, mapped by what they actually do and when they open. — at 11–12",Produce the four-block service map with hours.
CX-NEIGH-0026,"Neighbourhood, Safety & Civic Voice",The block: who is on it and what it holds,NB-26,K–2,Explorer,Neighbourhood Explorer,What the block was ten years ago,"What the block was ten years ago, and what that explains about now. — at K–2",Interview somebody who was here then.
CX-NEIGH-0027,"Neighbourhood, Safety & Civic Voice",The block: who is on it and what it holds,NB-27,3–5,Explorer,Neighbourhood Explorer,What the block was ten years ago,"What the block was ten years ago, and what that explains about now. — at 3–5",Interview somebody who was here then.
CX-NEIGH-0028,"Neighbourhood, Safety & Civic Voice",The block: who is on it and what it holds,NB-28,6–8,Builder,Neighbourhood Explorer,What the block was ten years ago,"What the block was ten years ago, and what that explains about now. — at 6–8",Interview somebody who was here then.
CX-NEIGH-0029,"Neighbourhood, Safety & Civic Voice",The block: who is on it and what it holds,NB-29,9–10,Practitioner,Neighbourhood Explorer,What the block was ten years ago,"What the block was ten years ago, and what that explains about now. — at 9–10",Interview somebody who was here then.
CX-NEIGH-0030,"Neighbourhood, Safety & Civic Voice",The block: who is on it and what it holds,NB-30,11–12,Lead,Neighbourhood Explorer,What the block was ten years ago,"What the block was ten years ago, and what that explains about now. — at 11–12",Interview somebody who was here then.
CX-NEIGH-0031,"Neighbourhood, Safety & Civic Voice",The block: who is on it and what it holds,NB-31,K–2,Explorer,Neighbourhood Explorer,Who is new and who is leaving,"Who is new and who is leaving, which is the block changing in real time. — at K–2",Record the changes over one month.
CX-NEIGH-0032,"Neighbourhood, Safety & Civic Voice",The block: who is on it and what it holds,NB-32,3–5,Explorer,Neighbourhood Explorer,Who is new and who is leaving,"Who is new and who is leaving, which is the block changing in real time. — at 3–5",Record the changes over one month.
CX-NEIGH-0033,"Neighbourhood, Safety & Civic Voice",The block: who is on it and what it holds,NB-33,6–8,Builder,Neighbourhood Explorer,Who is new and who is leaving,"Who is new and who is leaving, which is the block changing in real time. — at 6–8",Record the changes over one month.
CX-NEIGH-0034,"Neighbourhood, Safety & Civic Voice",The block: who is on it and what it holds,NB-34,9–10,Practitioner,Neighbourhood Explorer,Who is new and who is leaving,"Who is new and who is leaving, which is the block changing in real time. — at 9–10",Record the changes over one month.
CX-NEIGH-0035,"Neighbourhood, Safety & Civic Voice",The block: who is on it and what it holds,NB-35,11–12,Lead,Neighbourhood Explorer,Who is new and who is leaving,"Who is new and who is leaving, which is the block changing in real time. — at 11–12",Record the changes over one month.
CX-NEIGH-0036,"Neighbourhood, Safety & Civic Voice",The block: who is on it and what it holds,NB-36,K–2,Explorer,Neighbourhood Explorer,The corner everybody avoids and why,"The corner everybody avoids, and the specific reasons rather than the reputation. — at K–2",Describe one avoided place and the actual reason.
CX-NEIGH-0037,"Neighbourhood, Safety & Civic Voice",The block: who is on it and what it holds,NB-37,3–5,Explorer,Neighbourhood Explorer,The corner everybody avoids and why,"The corner everybody avoids, and the specific reasons rather than the reputation. — at 3–5",Describe one avoided place and the actual reason.
CX-NEIGH-0038,"Neighbourhood, Safety & Civic Voice",The block: who is on it and what it holds,NB-38,6–8,Builder,Neighbourhood Explorer,The corner everybody avoids and why,"The corner everybody avoids, and the specific reasons rather than the reputation. — at 6–8",Describe one avoided place and the actual reason.
CX-NEIGH-0039,"Neighbourhood, Safety & Civic Voice",The block: who is on it and what it holds,NB-39,9–10,Practitioner,Neighbourhood Explorer,The corner everybody avoids and why,"The corner everybody avoids, and the specific reasons rather than the reputation. — at 9–10",Describe one avoided place and the actual reason.
CX-NEIGH-0040,"Neighbourhood, Safety & Civic Voice",The block: who is on it and what it holds,NB-40,11–12,Lead,Neighbourhood Explorer,The corner everybody avoids and why,"The corner everybody avoids, and the specific reasons rather than the reputation. — at 11–12",Describe one avoided place and the actual reason.
CX-NEIGH-0041,"Neighbourhood, Safety & Civic Voice",The block: who is on it and what it holds,NB-41,K–2,Explorer,Neighbourhood Explorer,What the block does well,"What the block does well, which is usually invisible to people who do not live on it. — at K–2",Name three things and evidence each.
CX-NEIGH-0042,"Neighbourhood, Safety & Civic Voice",The block: who is on it and what it holds,NB-42,3–5,Explorer,Neighbourhood Explorer,What the block does well,"What the block does well, which is usually invisible to people who do not live on it. — at 3–5",Name three things and evidence each.
CX-NEIGH-0043,"Neighbourhood, Safety & Civic Voice",The block: who is on it and what it holds,NB-43,6–8,Builder,Neighbourhood Explorer,What the block does well,"What the block does well, which is usually invisible to people who do not live on it. — at 6–8",Name three things and evidence each.
CX-NEIGH-0044,"Neighbourhood, Safety & Civic Voice",The block: who is on it and what it holds,NB-44,9–10,Practitioner,Neighbourhood Explorer,What the block does well,"What the block does well, which is usually invisible to people who do not live on it. — at 9–10",Name three things and evidence each.
CX-NEIGH-0045,"Neighbourhood, Safety & Civic Voice",The block: who is on it and what it holds,NB-45,11–12,Lead,Neighbourhood Explorer,What the block does well,"What the block does well, which is usually invisible to people who do not live on it. — at 11–12",Name three things and evidence each.
CX-NEIGH-0046,"Neighbourhood, Safety & Civic Voice",The block: who is on it and what it holds,NB-46,K–2,Explorer,Neighbourhood Explorer,A map you could hand to somebody arriving,A map you could hand to somebody who arrived today. — at K–2,"Produce it, and have somebody new use it."
CX-NEIGH-0047,"Neighbourhood, Safety & Civic Voice",The block: who is on it and what it holds,NB-47,3–5,Explorer,Neighbourhood Explorer,A map you could hand to somebody arriving,A map you could hand to somebody who arrived today. — at 3–5,"Produce it, and have somebody new use it."
CX-NEIGH-0048,"Neighbourhood, Safety & Civic Voice",The block: who is on it and what it holds,NB-48,6–8,Builder,Neighbourhood Explorer,A map you could hand to somebody arriving,A map you could hand to somebody who arrived today. — at 6–8,"Produce it, and have somebody new use it."
CX-NEIGH-0049,"Neighbourhood, Safety & Civic Voice",The block: who is on it and what it holds,NB-49,9–10,Practitioner,Neighbourhood Explorer,A map you could hand to somebody arriving,A map you could hand to somebody who arrived today. — at 9–10,"Produce it, and have somebody new use it."
CX-NEIGH-0050,"Neighbourhood, Safety & Civic Voice",The block: who is on it and what it holds,NB-50,11–12,Lead,Neighbourhood Explorer,A map you could hand to somebody arriving,A map you could hand to somebody who arrived today. — at 11–12,"Produce it, and have somebody new use it."
CX-NEIGH-0051,"Neighbourhood, Safety & Civic Voice","Safety: what is a call, what is a report, what is neither",SF-1,K–2,Explorer,Safety Practitioner,What is an emergency and what is not,"What is an emergency, what is not, and the cost of getting the classification wrong. — at K–2",Classify ten scenarios correctly.
CX-NEIGH-0052,"Neighbourhood, Safety & Civic Voice","Safety: what is a call, what is a report, what is neither",SF-2,3–5,Explorer,Safety Practitioner,What is an emergency and what is not,"What is an emergency, what is not, and the cost of getting the classification wrong. — at 3–5",Classify ten scenarios correctly.
CX-NEIGH-0053,"Neighbourhood, Safety & Civic Voice","Safety: what is a call, what is a report, what is neither",SF-3,6–8,Builder,Safety Practitioner,What is an emergency and what is not,"What is an emergency, what is not, and the cost of getting the classification wrong. — at 6–8",Classify ten scenarios correctly.
CX-NEIGH-0054,"Neighbourhood, Safety & Civic Voice","Safety: what is a call, what is a report, what is neither",SF-4,9–10,Practitioner,Safety Practitioner,What is an emergency and what is not,"What is an emergency, what is not, and the cost of getting the classification wrong. — at 9–10",Classify ten scenarios correctly.
CX-NEIGH-0055,"Neighbourhood, Safety & Civic Voice","Safety: what is a call, what is a report, what is neither",SF-5,11–12,Lead,Safety Practitioner,What is an emergency and what is not,"What is an emergency, what is not, and the cost of getting the classification wrong. — at 11–12",Classify ten scenarios correctly.
CX-NEIGH-0056,"Neighbourhood, Safety & Civic Voice","Safety: what is a call, what is a report, what is neither",SF-6,K–2,Explorer,Safety Practitioner,Calling 911 and what happens next,"Calling 911: what is asked, what happens, and what you can request. — at K–2",Rehearse the call and what you would ask for.
CX-NEIGH-0057,"Neighbourhood, Safety & Civic Voice","Safety: what is a call, what is a report, what is neither",SF-7,3–5,Explorer,Safety Practitioner,Calling 911 and what happens next,"Calling 911: what is asked, what happens, and what you can request. — at 3–5",Rehearse the call and what you would ask for.
CX-NEIGH-0058,"Neighbourhood, Safety & Civic Voice","Safety: what is a call, what is a report, what is neither",SF-8,6–8,Builder,Safety Practitioner,Calling 911 and what happens next,"Calling 911: what is asked, what happens, and what you can request. — at 6–8",Rehearse the call and what you would ask for.
CX-NEIGH-0059,"Neighbourhood, Safety & Civic Voice","Safety: what is a call, what is a report, what is neither",SF-9,9–10,Practitioner,Safety Practitioner,Calling 911 and what happens next,"Calling 911: what is asked, what happens, and what you can request. — at 9–10",Rehearse the call and what you would ask for.
CX-NEIGH-0060,"Neighbourhood, Safety & Civic Voice","Safety: what is a call, what is a report, what is neither",SF-10,11–12,Lead,Safety Practitioner,Calling 911 and what happens next,"Calling 911: what is asked, what happens, and what you can request. — at 11–12",Rehearse the call and what you would ask for.
CX-NEIGH-0061,"Neighbourhood, Safety & Civic Voice","Safety: what is a call, what is a report, what is neither",SF-11,K–2,Explorer,Safety Practitioner,Non-emergency lines and what they reach,"Non-emergency lines, what they reach, and their actual response times. — at K–2",Identify the local numbers and what each reaches.
CX-NEIGH-0062,"Neighbourhood, Safety & Civic Voice","Safety: what is a call, what is a report, what is neither",SF-12,3–5,Explorer,Safety Practitioner,Non-emergency lines and what they reach,"Non-emergency lines, what they reach, and their actual response times. — at 3–5",Identify the local numbers and what each reaches.
CX-NEIGH-0063,"Neighbourhood, Safety & Civic Voice","Safety: what is a call, what is a report, what is neither",SF-13,6–8,Builder,Safety Practitioner,Non-emergency lines and what they reach,"Non-emergency lines, what they reach, and their actual response times. — at 6–8",Identify the local numbers and what each reaches.
CX-NEIGH-0064,"Neighbourhood, Safety & Civic Voice","Safety: what is a call, what is a report, what is neither",SF-14,9–10,Practitioner,Safety Practitioner,Non-emergency lines and what they reach,"Non-emergency lines, what they reach, and their actual response times. — at 9–10",Identify the local numbers and what each reaches.
CX-NEIGH-0065,"Neighbourhood, Safety & Civic Voice","Safety: what is a call, what is a report, what is neither",SF-15,11–12,Lead,Safety Practitioner,Non-emergency lines and what they reach,"Non-emergency lines, what they reach, and their actual response times. — at 11–12",Identify the local numbers and what each reaches.
CX-NEIGH-0066,"Neighbourhood, Safety & Civic Voice","Safety: what is a call, what is a report, what is neither",SF-16,K–2,Explorer,Safety Practitioner,A crisis team instead of a patrol car,"Requesting a crisis team rather than a patrol response, where that exists. — at K–2",State whether it exists locally and how it is requested.
CX-NEIGH-0067,"Neighbourhood, Safety & Civic Voice","Safety: what is a call, what is a report, what is neither",SF-17,3–5,Explorer,Safety Practitioner,A crisis team instead of a patrol car,"Requesting a crisis team rather than a patrol response, where that exists. — at 3–5",State whether it exists locally and how it is requested.
CX-NEIGH-0068,"Neighbourhood, Safety & Civic Voice","Safety: what is a call, what is a report, what is neither",SF-18,6–8,Builder,Safety Practitioner,A crisis team instead of a patrol car,"Requesting a crisis team rather than a patrol response, where that exists. — at 6–8",State whether it exists locally and how it is requested.
CX-NEIGH-0069,"Neighbourhood, Safety & Civic Voice","Safety: what is a call, what is a report, what is neither",SF-19,9–10,Practitioner,Safety Practitioner,A crisis team instead of a patrol car,"Requesting a crisis team rather than a patrol response, where that exists. — at 9–10",State whether it exists locally and how it is requested.
CX-NEIGH-0070,"Neighbourhood, Safety & Civic Voice","Safety: what is a call, what is a report, what is neither",SF-20,11–12,Lead,Safety Practitioner,A crisis team instead of a patrol car,"Requesting a crisis team rather than a patrol response, where that exists. — at 11–12",State whether it exists locally and how it is requested.
CX-NEIGH-0071,"Neighbourhood, Safety & Civic Voice","Safety: what is a call, what is a report, what is neither",SF-21,K–2,Explorer,Safety Practitioner,Reporting a crime as a witness,Reporting as a witness: what is expected and what is voluntary. — at K–2,State what you must do and what is optional.
CX-NEIGH-0072,"Neighbourhood, Safety & Civic Voice","Safety: what is a call, what is a report, what is neither",SF-22,3–5,Explorer,Safety Practitioner,Reporting a crime as a witness,Reporting as a witness: what is expected and what is voluntary. — at 3–5,State what you must do and what is optional.
CX-NEIGH-0073,"Neighbourhood, Safety & Civic Voice","Safety: what is a call, what is a report, what is neither",SF-23,6–8,Builder,Safety Practitioner,Reporting a crime as a witness,Reporting as a witness: what is expected and what is voluntary. — at 6–8,State what you must do and what is optional.
CX-NEIGH-0074,"Neighbourhood, Safety & Civic Voice","Safety: what is a call, what is a report, what is neither",SF-24,9–10,Practitioner,Safety Practitioner,Reporting a crime as a witness,Reporting as a witness: what is expected and what is voluntary. — at 9–10,State what you must do and what is optional.
CX-NEIGH-0075,"Neighbourhood, Safety & Civic Voice","Safety: what is a call, what is a report, what is neither",SF-25,11–12,Lead,Safety Practitioner,Reporting a crime as a witness,Reporting as a witness: what is expected and what is voluntary. — at 11–12,State what you must do and what is optional.
CX-NEIGH-0076,"Neighbourhood, Safety & Civic Voice","Safety: what is a call, what is a report, what is neither",SF-26,K–2,Explorer,Safety Practitioner,Reporting one as a victim,"Reporting as a victim, and the support that should accompany it. — at K–2",Identify the local victim support route.
CX-NEIGH-0077,"Neighbourhood, Safety & Civic Voice","Safety: what is a call, what is a report, what is neither",SF-27,3–5,Explorer,Safety Practitioner,Reporting one as a victim,"Reporting as a victim, and the support that should accompany it. — at 3–5",Identify the local victim support route.
CX-NEIGH-0078,"Neighbourhood, Safety & Civic Voice","Safety: what is a call, what is a report, what is neither",SF-28,6–8,Builder,Safety Practitioner,Reporting one as a victim,"Reporting as a victim, and the support that should accompany it. — at 6–8",Identify the local victim support route.
CX-NEIGH-0079,"Neighbourhood, Safety & Civic Voice","Safety: what is a call, what is a report, what is neither",SF-29,9–10,Practitioner,Safety Practitioner,Reporting one as a victim,"Reporting as a victim, and the support that should accompany it. — at 9–10",Identify the local victim support route.
CX-NEIGH-0080,"Neighbourhood, Safety & Civic Voice","Safety: what is a call, what is a report, what is neither",SF-30,11–12,Lead,Safety Practitioner,Reporting one as a victim,"Reporting as a victim, and the support that should accompany it. — at 11–12",Identify the local victim support route.
CX-NEIGH-0081,"Neighbourhood, Safety & Civic Voice","Safety: what is a call, what is a report, what is neither",SF-31,K–2,Explorer,Safety Practitioner,What you are not obliged to say,"What you are not obliged to say, which is the least-known item on this page. — at K–2",State your position and its basis.
CX-NEIGH-0082,"Neighbourhood, Safety & Civic Voice","Safety: what is a call, what is a report, what is neither",SF-32,3–5,Explorer,Safety Practitioner,What you are not obliged to say,"What you are not obliged to say, which is the least-known item on this page. — at 3–5",State your position and its basis.
CX-NEIGH-0083,"Neighbourhood, Safety & Civic Voice","Safety: what is a call, what is a report, what is neither",SF-33,6–8,Builder,Safety Practitioner,What you are not obliged to say,"What you are not obliged to say, which is the least-known item on this page. — at 6–8",State your position and its basis.
CX-NEIGH-0084,"Neighbourhood, Safety & Civic Voice","Safety: what is a call, what is a report, what is neither",SF-34,9–10,Practitioner,Safety Practitioner,What you are not obliged to say,"What you are not obliged to say, which is the least-known item on this page. — at 9–10",State your position and its basis.
CX-NEIGH-0085,"Neighbourhood, Safety & Civic Voice","Safety: what is a call, what is a report, what is neither",SF-35,11–12,Lead,Safety Practitioner,What you are not obliged to say,"What you are not obliged to say, which is the least-known item on this page. — at 11–12",State your position and its basis.
CX-NEIGH-0086,"Neighbourhood, Safety & Civic Voice","Safety: what is a call, what is a report, what is neither",SF-36,K–2,Explorer,Safety Practitioner,De-escalating something on the street,"De-escalating on the street, and when to leave rather than continue. — at K–2","Practise the sequence, including the exit."
CX-NEIGH-0087,"Neighbourhood, Safety & Civic Voice","Safety: what is a call, what is a report, what is neither",SF-37,3–5,Explorer,Safety Practitioner,De-escalating something on the street,"De-escalating on the street, and when to leave rather than continue. — at 3–5","Practise the sequence, including the exit."
CX-NEIGH-0088,"Neighbourhood, Safety & Civic Voice","Safety: what is a call, what is a report, what is neither",SF-38,6–8,Builder,Safety Practitioner,De-escalating something on the street,"De-escalating on the street, and when to leave rather than continue. — at 6–8","Practise the sequence, including the exit."
CX-NEIGH-0089,"Neighbourhood, Safety & Civic Voice","Safety: what is a call, what is a report, what is neither",SF-39,9–10,Practitioner,Safety Practitioner,De-escalating something on the street,"De-escalating on the street, and when to leave rather than continue. — at 9–10","Practise the sequence, including the exit."
CX-NEIGH-0090,"Neighbourhood, Safety & Civic Voice","Safety: what is a call, what is a report, what is neither",SF-40,11–12,Lead,Safety Practitioner,De-escalating something on the street,"De-escalating on the street, and when to leave rather than continue. — at 11–12","Practise the sequence, including the exit."
CX-NEIGH-0091,"Neighbourhood, Safety & Civic Voice","Safety: what is a call, what is a report, what is neither",SF-41,K–2,Explorer,Safety Practitioner,Looking after somebody until help arrives,"Staying with somebody until help arrives, and what is safe to do. — at K–2",Demonstrate what you would and would not do.
CX-NEIGH-0092,"Neighbourhood, Safety & Civic Voice","Safety: what is a call, what is a report, what is neither",SF-42,3–5,Explorer,Safety Practitioner,Looking after somebody until help arrives,"Staying with somebody until help arrives, and what is safe to do. — at 3–5",Demonstrate what you would and would not do.
CX-NEIGH-0093,"Neighbourhood, Safety & Civic Voice","Safety: what is a call, what is a report, what is neither",SF-43,6–8,Builder,Safety Practitioner,Looking after somebody until help arrives,"Staying with somebody until help arrives, and what is safe to do. — at 6–8",Demonstrate what you would and would not do.
CX-NEIGH-0094,"Neighbourhood, Safety & Civic Voice","Safety: what is a call, what is a report, what is neither",SF-44,9–10,Practitioner,Safety Practitioner,Looking after somebody until help arrives,"Staying with somebody until help arrives, and what is safe to do. — at 9–10",Demonstrate what you would and would not do.
CX-NEIGH-0095,"Neighbourhood, Safety & Civic Voice","Safety: what is a call, what is a report, what is neither",SF-45,11–12,Lead,Safety Practitioner,Looking after somebody until help arrives,"Staying with somebody until help arrives, and what is safe to do. — at 11–12",Demonstrate what you would and would not do.
CX-NEIGH-0096,"Neighbourhood, Safety & Civic Voice","Safety: what is a call, what is a report, what is neither",SF-46,K–2,Explorer,Safety Practitioner,After: the report number and what it unlocks,"The report number afterwards, and what it unlocks later. — at K–2",Explain what a report number is needed for.
CX-NEIGH-0097,"Neighbourhood, Safety & Civic Voice","Safety: what is a call, what is a report, what is neither",SF-47,3–5,Explorer,Safety Practitioner,After: the report number and what it unlocks,"The report number afterwards, and what it unlocks later. — at 3–5",Explain what a report number is needed for.
CX-NEIGH-0098,"Neighbourhood, Safety & Civic Voice","Safety: what is a call, what is a report, what is neither",SF-48,6–8,Builder,Safety Practitioner,After: the report number and what it unlocks,"The report number afterwards, and what it unlocks later. — at 6–8",Explain what a report number is needed for.
CX-NEIGH-0099,"Neighbourhood, Safety & Civic Voice","Safety: what is a call, what is a report, what is neither",SF-49,9–10,Practitioner,Safety Practitioner,After: the report number and what it unlocks,"The report number afterwards, and what it unlocks later. — at 9–10",Explain what a report number is needed for.
CX-NEIGH-0100,"Neighbourhood, Safety & Civic Voice","Safety: what is a call, what is a report, what is neither",SF-50,11–12,Lead,Safety Practitioner,After: the report number and what it unlocks,"The report number afterwards, and what it unlocks later. — at 11–12",Explain what a report number is needed for.
CX-NEIGH-0101,"Neighbourhood, Safety & Civic Voice",Code enforcement: the complaint that actually moves,CE-1,K–2,Explorer,Code Enforcement Practitioner,"A code violation, defined","What a code violation is, and the difference between annoying and actionable. — at K–2",Classify five building problems correctly.
CX-NEIGH-0102,"Neighbourhood, Safety & Civic Voice",Code enforcement: the complaint that actually moves,CE-2,3–5,Explorer,Code Enforcement Practitioner,"A code violation, defined","What a code violation is, and the difference between annoying and actionable. — at 3–5",Classify five building problems correctly.
CX-NEIGH-0103,"Neighbourhood, Safety & Civic Voice",Code enforcement: the complaint that actually moves,CE-3,6–8,Builder,Code Enforcement Practitioner,"A code violation, defined","What a code violation is, and the difference between annoying and actionable. — at 6–8",Classify five building problems correctly.
CX-NEIGH-0104,"Neighbourhood, Safety & Civic Voice",Code enforcement: the complaint that actually moves,CE-4,9–10,Practitioner,Code Enforcement Practitioner,"A code violation, defined","What a code violation is, and the difference between annoying and actionable. — at 9–10",Classify five building problems correctly.
CX-NEIGH-0105,"Neighbourhood, Safety & Civic Voice",Code enforcement: the complaint that actually moves,CE-5,11–12,Lead,Code Enforcement Practitioner,"A code violation, defined","What a code violation is, and the difference between annoying and actionable. — at 11–12",Classify five building problems correctly.
CX-NEIGH-0106,"Neighbourhood, Safety & Civic Voice",Code enforcement: the complaint that actually moves,CE-6,K–2,Explorer,Code Enforcement Practitioner,The complaint that gets an inspector out,"The complaint that actually gets an inspector out, and how it differs from one that does not. — at K–2",Write a complaint to that standard.
CX-NEIGH-0107,"Neighbourhood, Safety & Civic Voice",Code enforcement: the complaint that actually moves,CE-7,3–5,Explorer,Code Enforcement Practitioner,The complaint that gets an inspector out,"The complaint that actually gets an inspector out, and how it differs from one that does not. — at 3–5",Write a complaint to that standard.
CX-NEIGH-0108,"Neighbourhood, Safety & Civic Voice",Code enforcement: the complaint that actually moves,CE-8,6–8,Builder,Code Enforcement Practitioner,The complaint that gets an inspector out,"The complaint that actually gets an inspector out, and how it differs from one that does not. — at 6–8",Write a complaint to that standard.
CX-NEIGH-0109,"Neighbourhood, Safety & Civic Voice",Code enforcement: the complaint that actually moves,CE-9,9–10,Practitioner,Code Enforcement Practitioner,The complaint that gets an inspector out,"The complaint that actually gets an inspector out, and how it differs from one that does not. — at 9–10",Write a complaint to that standard.
CX-NEIGH-0110,"Neighbourhood, Safety & Civic Voice",Code enforcement: the complaint that actually moves,CE-10,11–12,Lead,Code Enforcement Practitioner,The complaint that gets an inspector out,"The complaint that actually gets an inspector out, and how it differs from one that does not. — at 11–12",Write a complaint to that standard.
CX-NEIGH-0111,"Neighbourhood, Safety & Civic Voice",Code enforcement: the complaint that actually moves,CE-11,K–2,Explorer,Code Enforcement Practitioner,311 and what it can and cannot do,"311 or its local equivalent: what it can do, and where it stops. — at K–2",State what it reaches and what it does not.
CX-NEIGH-0112,"Neighbourhood, Safety & Civic Voice",Code enforcement: the complaint that actually moves,CE-12,3–5,Explorer,Code Enforcement Practitioner,311 and what it can and cannot do,"311 or its local equivalent: what it can do, and where it stops. — at 3–5",State what it reaches and what it does not.
CX-NEIGH-0113,"Neighbourhood, Safety & Civic Voice",Code enforcement: the complaint that actually moves,CE-13,6–8,Builder,Code Enforcement Practitioner,311 and what it can and cannot do,"311 or its local equivalent: what it can do, and where it stops. — at 6–8",State what it reaches and what it does not.
CX-NEIGH-0114,"Neighbourhood, Safety & Civic Voice",Code enforcement: the complaint that actually moves,CE-14,9–10,Practitioner,Code Enforcement Practitioner,311 and what it can and cannot do,"311 or its local equivalent: what it can do, and where it stops. — at 9–10",State what it reaches and what it does not.
CX-NEIGH-0115,"Neighbourhood, Safety & Civic Voice",Code enforcement: the complaint that actually moves,CE-15,11–12,Lead,Code Enforcement Practitioner,311 and what it can and cannot do,"311 or its local equivalent: what it can do, and where it stops. — at 11–12",State what it reaches and what it does not.
CX-NEIGH-0116,"Neighbourhood, Safety & Civic Voice",Code enforcement: the complaint that actually moves,CE-16,K–2,Explorer,Code Enforcement Practitioner,Documenting a building-wide problem,Documenting a building-wide problem so it reads as systemic rather than personal. — at K–2,Assemble a multi-unit evidence file.
CX-NEIGH-0117,"Neighbourhood, Safety & Civic Voice",Code enforcement: the complaint that actually moves,CE-17,3–5,Explorer,Code Enforcement Practitioner,Documenting a building-wide problem,Documenting a building-wide problem so it reads as systemic rather than personal. — at 3–5,Assemble a multi-unit evidence file.
CX-NEIGH-0118,"Neighbourhood, Safety & Civic Voice",Code enforcement: the complaint that actually moves,CE-18,6–8,Builder,Code Enforcement Practitioner,Documenting a building-wide problem,Documenting a building-wide problem so it reads as systemic rather than personal. — at 6–8,Assemble a multi-unit evidence file.
CX-NEIGH-0119,"Neighbourhood, Safety & Civic Voice",Code enforcement: the complaint that actually moves,CE-19,9–10,Practitioner,Code Enforcement Practitioner,Documenting a building-wide problem,Documenting a building-wide problem so it reads as systemic rather than personal. — at 9–10,Assemble a multi-unit evidence file.
CX-NEIGH-0120,"Neighbourhood, Safety & Civic Voice",Code enforcement: the complaint that actually moves,CE-20,11–12,Lead,Code Enforcement Practitioner,Documenting a building-wide problem,Documenting a building-wide problem so it reads as systemic rather than personal. — at 11–12,Assemble a multi-unit evidence file.
CX-NEIGH-0121,"Neighbourhood, Safety & Civic Voice",Code enforcement: the complaint that actually moves,CE-21,K–2,Explorer,Code Enforcement Practitioner,Getting neighbours to complain together,"Getting neighbours to complain together, which changes the response. — at K–2",Run one joint complaint.
CX-NEIGH-0122,"Neighbourhood, Safety & Civic Voice",Code enforcement: the complaint that actually moves,CE-22,3–5,Explorer,Code Enforcement Practitioner,Getting neighbours to complain together,"Getting neighbours to complain together, which changes the response. — at 3–5",Run one joint complaint.
CX-NEIGH-0123,"Neighbourhood, Safety & Civic Voice",Code enforcement: the complaint that actually moves,CE-23,6–8,Builder,Code Enforcement Practitioner,Getting neighbours to complain together,"Getting neighbours to complain together, which changes the response. — at 6–8",Run one joint complaint.
CX-NEIGH-0124,"Neighbourhood, Safety & Civic Voice",Code enforcement: the complaint that actually moves,CE-24,9–10,Practitioner,Code Enforcement Practitioner,Getting neighbours to complain together,"Getting neighbours to complain together, which changes the response. — at 9–10",Run one joint complaint.
CX-NEIGH-0125,"Neighbourhood, Safety & Civic Voice",Code enforcement: the complaint that actually moves,CE-25,11–12,Lead,Code Enforcement Practitioner,Getting neighbours to complain together,"Getting neighbours to complain together, which changes the response. — at 11–12",Run one joint complaint.
CX-NEIGH-0126,"Neighbourhood, Safety & Civic Voice",Code enforcement: the complaint that actually moves,CE-26,K–2,Explorer,Code Enforcement Practitioner,The inspection and standing present at it,"The inspection, and standing present at it, which changes what is recorded. — at K–2",Attend an inspection and record what was noted.
CX-NEIGH-0127,"Neighbourhood, Safety & Civic Voice",Code enforcement: the complaint that actually moves,CE-27,3–5,Explorer,Code Enforcement Practitioner,The inspection and standing present at it,"The inspection, and standing present at it, which changes what is recorded. — at 3–5",Attend an inspection and record what was noted.
CX-NEIGH-0128,"Neighbourhood, Safety & Civic Voice",Code enforcement: the complaint that actually moves,CE-28,6–8,Builder,Code Enforcement Practitioner,The inspection and standing present at it,"The inspection, and standing present at it, which changes what is recorded. — at 6–8",Attend an inspection and record what was noted.
CX-NEIGH-0129,"Neighbourhood, Safety & Civic Voice",Code enforcement: the complaint that actually moves,CE-29,9–10,Practitioner,Code Enforcement Practitioner,The inspection and standing present at it,"The inspection, and standing present at it, which changes what is recorded. — at 9–10",Attend an inspection and record what was noted.
CX-NEIGH-0130,"Neighbourhood, Safety & Civic Voice",Code enforcement: the complaint that actually moves,CE-30,11–12,Lead,Code Enforcement Practitioner,The inspection and standing present at it,"The inspection, and standing present at it, which changes what is recorded. — at 11–12",Attend an inspection and record what was noted.
CX-NEIGH-0131,"Neighbourhood, Safety & Civic Voice",Code enforcement: the complaint that actually moves,CE-31,K–2,Explorer,Code Enforcement Practitioner,A notice of violation and its deadlines,"A notice of violation, its deadlines, and what happens when they pass. — at K–2",Read one and state every date.
CX-NEIGH-0132,"Neighbourhood, Safety & Civic Voice",Code enforcement: the complaint that actually moves,CE-32,3–5,Explorer,Code Enforcement Practitioner,A notice of violation and its deadlines,"A notice of violation, its deadlines, and what happens when they pass. — at 3–5",Read one and state every date.
CX-NEIGH-0133,"Neighbourhood, Safety & Civic Voice",Code enforcement: the complaint that actually moves,CE-33,6–8,Builder,Code Enforcement Practitioner,A notice of violation and its deadlines,"A notice of violation, its deadlines, and what happens when they pass. — at 6–8",Read one and state every date.
CX-NEIGH-0134,"Neighbourhood, Safety & Civic Voice",Code enforcement: the complaint that actually moves,CE-34,9–10,Practitioner,Code Enforcement Practitioner,A notice of violation and its deadlines,"A notice of violation, its deadlines, and what happens when they pass. — at 9–10",Read one and state every date.
CX-NEIGH-0135,"Neighbourhood, Safety & Civic Voice",Code enforcement: the complaint that actually moves,CE-35,11–12,Lead,Code Enforcement Practitioner,A notice of violation and its deadlines,"A notice of violation, its deadlines, and what happens when they pass. — at 11–12",Read one and state every date.
CX-NEIGH-0136,"Neighbourhood, Safety & Civic Voice",Code enforcement: the complaint that actually moves,CE-36,K–2,Explorer,Code Enforcement Practitioner,Escalating when nothing happens,"Escalation when nothing happens, in the order that works. — at K–2",Write the escalation ladder for your jurisdiction.
CX-NEIGH-0137,"Neighbourhood, Safety & Civic Voice",Code enforcement: the complaint that actually moves,CE-37,3–5,Explorer,Code Enforcement Practitioner,Escalating when nothing happens,"Escalation when nothing happens, in the order that works. — at 3–5",Write the escalation ladder for your jurisdiction.
CX-NEIGH-0138,"Neighbourhood, Safety & Civic Voice",Code enforcement: the complaint that actually moves,CE-38,6–8,Builder,Code Enforcement Practitioner,Escalating when nothing happens,"Escalation when nothing happens, in the order that works. — at 6–8",Write the escalation ladder for your jurisdiction.
CX-NEIGH-0139,"Neighbourhood, Safety & Civic Voice",Code enforcement: the complaint that actually moves,CE-39,9–10,Practitioner,Code Enforcement Practitioner,Escalating when nothing happens,"Escalation when nothing happens, in the order that works. — at 9–10",Write the escalation ladder for your jurisdiction.
CX-NEIGH-0140,"Neighbourhood, Safety & Civic Voice",Code enforcement: the complaint that actually moves,CE-40,11–12,Lead,Code Enforcement Practitioner,Escalating when nothing happens,"Escalation when nothing happens, in the order that works. — at 11–12",Write the escalation ladder for your jurisdiction.
CX-NEIGH-0141,"Neighbourhood, Safety & Civic Voice",Code enforcement: the complaint that actually moves,CE-41,K–2,Explorer,Code Enforcement Practitioner,Retaliation and the protection against it,"Retaliation, the protection that exists, and how it is evidenced. — at K–2",State the protection and what would evidence a breach.
CX-NEIGH-0142,"Neighbourhood, Safety & Civic Voice",Code enforcement: the complaint that actually moves,CE-42,3–5,Explorer,Code Enforcement Practitioner,Retaliation and the protection against it,"Retaliation, the protection that exists, and how it is evidenced. — at 3–5",State the protection and what would evidence a breach.
CX-NEIGH-0143,"Neighbourhood, Safety & Civic Voice",Code enforcement: the complaint that actually moves,CE-43,6–8,Builder,Code Enforcement Practitioner,Retaliation and the protection against it,"Retaliation, the protection that exists, and how it is evidenced. — at 6–8",State the protection and what would evidence a breach.
CX-NEIGH-0144,"Neighbourhood, Safety & Civic Voice",Code enforcement: the complaint that actually moves,CE-44,9–10,Practitioner,Code Enforcement Practitioner,Retaliation and the protection against it,"Retaliation, the protection that exists, and how it is evidenced. — at 9–10",State the protection and what would evidence a breach.
CX-NEIGH-0145,"Neighbourhood, Safety & Civic Voice",Code enforcement: the complaint that actually moves,CE-45,11–12,Lead,Code Enforcement Practitioner,Retaliation and the protection against it,"Retaliation, the protection that exists, and how it is evidenced. — at 11–12",State the protection and what would evidence a breach.
CX-NEIGH-0146,"Neighbourhood, Safety & Civic Voice",Code enforcement: the complaint that actually moves,CE-46,K–2,Explorer,Code Enforcement Practitioner,A building that finally gets fixed,"A building that finally got fixed, read for what actually caused the change. — at K–2",Present one case and identify the operative step.
CX-NEIGH-0147,"Neighbourhood, Safety & Civic Voice",Code enforcement: the complaint that actually moves,CE-47,3–5,Explorer,Code Enforcement Practitioner,A building that finally gets fixed,"A building that finally got fixed, read for what actually caused the change. — at 3–5",Present one case and identify the operative step.
CX-NEIGH-0148,"Neighbourhood, Safety & Civic Voice",Code enforcement: the complaint that actually moves,CE-48,6–8,Builder,Code Enforcement Practitioner,A building that finally gets fixed,"A building that finally got fixed, read for what actually caused the change. — at 6–8",Present one case and identify the operative step.
CX-NEIGH-0149,"Neighbourhood, Safety & Civic Voice",Code enforcement: the complaint that actually moves,CE-49,9–10,Practitioner,Code Enforcement Practitioner,A building that finally gets fixed,"A building that finally got fixed, read for what actually caused the change. — at 9–10",Present one case and identify the operative step.
CX-NEIGH-0150,"Neighbourhood, Safety & Civic Voice",Code enforcement: the complaint that actually moves,CE-50,11–12,Lead,Code Enforcement Practitioner,A building that finally gets fixed,"A building that finally got fixed, read for what actually caused the change. — at 11–12",Present one case and identify the operative step.
CX-NEIGH-0151,"Neighbourhood, Safety & Civic Voice","The city: departments, hearings, and where a decision is made",CV-1,K–2,Explorer,Civic Navigation Practitioner,Which department decides what,"Which department decides what, which is the question most complaints get wrong. — at K–2",Route five real problems to the correct department.
CX-NEIGH-0152,"Neighbourhood, Safety & Civic Voice","The city: departments, hearings, and where a decision is made",CV-2,3–5,Explorer,Civic Navigation Practitioner,Which department decides what,"Which department decides what, which is the question most complaints get wrong. — at 3–5",Route five real problems to the correct department.
CX-NEIGH-0153,"Neighbourhood, Safety & Civic Voice","The city: departments, hearings, and where a decision is made",CV-3,6–8,Builder,Civic Navigation Practitioner,Which department decides what,"Which department decides what, which is the question most complaints get wrong. — at 6–8",Route five real problems to the correct department.
CX-NEIGH-0154,"Neighbourhood, Safety & Civic Voice","The city: departments, hearings, and where a decision is made",CV-4,9–10,Practitioner,Civic Navigation Practitioner,Which department decides what,"Which department decides what, which is the question most complaints get wrong. — at 9–10",Route five real problems to the correct department.
CX-NEIGH-0155,"Neighbourhood, Safety & Civic Voice","The city: departments, hearings, and where a decision is made",CV-5,11–12,Lead,Civic Navigation Practitioner,Which department decides what,"Which department decides what, which is the question most complaints get wrong. — at 11–12",Route five real problems to the correct department.
CX-NEIGH-0156,"Neighbourhood, Safety & Civic Voice","The city: departments, hearings, and where a decision is made",CV-6,K–2,Explorer,Civic Navigation Practitioner,"Supervisors, districts and who yours is","Your district, your representative, and their actual remit. — at K–2",Identify yours and one thing they can genuinely do.
CX-NEIGH-0157,"Neighbourhood, Safety & Civic Voice","The city: departments, hearings, and where a decision is made",CV-7,3–5,Explorer,Civic Navigation Practitioner,"Supervisors, districts and who yours is","Your district, your representative, and their actual remit. — at 3–5",Identify yours and one thing they can genuinely do.
CX-NEIGH-0158,"Neighbourhood, Safety & Civic Voice","The city: departments, hearings, and where a decision is made",CV-8,6–8,Builder,Civic Navigation Practitioner,"Supervisors, districts and who yours is","Your district, your representative, and their actual remit. — at 6–8",Identify yours and one thing they can genuinely do.
CX-NEIGH-0159,"Neighbourhood, Safety & Civic Voice","The city: departments, hearings, and where a decision is made",CV-9,9–10,Practitioner,Civic Navigation Practitioner,"Supervisors, districts and who yours is","Your district, your representative, and their actual remit. — at 9–10",Identify yours and one thing they can genuinely do.
CX-NEIGH-0160,"Neighbourhood, Safety & Civic Voice","The city: departments, hearings, and where a decision is made",CV-10,11–12,Lead,Civic Navigation Practitioner,"Supervisors, districts and who yours is","Your district, your representative, and their actual remit. — at 11–12",Identify yours and one thing they can genuinely do.
CX-NEIGH-0161,"Neighbourhood, Safety & Civic Voice","The city: departments, hearings, and where a decision is made",CV-11,K–2,Explorer,Civic Navigation Practitioner,"A commission, a board and a hearing","Commissions, boards and hearings: what each is and which decides. — at K–2",Distinguish three local bodies by what they decide.
CX-NEIGH-0162,"Neighbourhood, Safety & Civic Voice","The city: departments, hearings, and where a decision is made",CV-12,3–5,Explorer,Civic Navigation Practitioner,"A commission, a board and a hearing","Commissions, boards and hearings: what each is and which decides. — at 3–5",Distinguish three local bodies by what they decide.
CX-NEIGH-0163,"Neighbourhood, Safety & Civic Voice","The city: departments, hearings, and where a decision is made",CV-13,6–8,Builder,Civic Navigation Practitioner,"A commission, a board and a hearing","Commissions, boards and hearings: what each is and which decides. — at 6–8",Distinguish three local bodies by what they decide.
CX-NEIGH-0164,"Neighbourhood, Safety & Civic Voice","The city: departments, hearings, and where a decision is made",CV-14,9–10,Practitioner,Civic Navigation Practitioner,"A commission, a board and a hearing","Commissions, boards and hearings: what each is and which decides. — at 9–10",Distinguish three local bodies by what they decide.
CX-NEIGH-0165,"Neighbourhood, Safety & Civic Voice","The city: departments, hearings, and where a decision is made",CV-15,11–12,Lead,Civic Navigation Practitioner,"A commission, a board and a hearing","Commissions, boards and hearings: what each is and which decides. — at 11–12",Distinguish three local bodies by what they decide.
CX-NEIGH-0166,"Neighbourhood, Safety & Civic Voice","The city: departments, hearings, and where a decision is made",CV-16,K–2,Explorer,Civic Navigation Practitioner,Where a budget decision is actually made,"Where a budget decision is actually made, which is rarely the meeting it is announced at. — at K–2",Trace one budget decision to where it was made.
CX-NEIGH-0167,"Neighbourhood, Safety & Civic Voice","The city: departments, hearings, and where a decision is made",CV-17,3–5,Explorer,Civic Navigation Practitioner,Where a budget decision is actually made,"Where a budget decision is actually made, which is rarely the meeting it is announced at. — at 3–5",Trace one budget decision to where it was made.
CX-NEIGH-0168,"Neighbourhood, Safety & Civic Voice","The city: departments, hearings, and where a decision is made",CV-18,6–8,Builder,Civic Navigation Practitioner,Where a budget decision is actually made,"Where a budget decision is actually made, which is rarely the meeting it is announced at. — at 6–8",Trace one budget decision to where it was made.
CX-NEIGH-0169,"Neighbourhood, Safety & Civic Voice","The city: departments, hearings, and where a decision is made",CV-19,9–10,Practitioner,Civic Navigation Practitioner,Where a budget decision is actually made,"Where a budget decision is actually made, which is rarely the meeting it is announced at. — at 9–10",Trace one budget decision to where it was made.
CX-NEIGH-0170,"Neighbourhood, Safety & Civic Voice","The city: departments, hearings, and where a decision is made",CV-20,11–12,Lead,Civic Navigation Practitioner,Where a budget decision is actually made,"Where a budget decision is actually made, which is rarely the meeting it is announced at. — at 11–12",Trace one budget decision to where it was made.
CX-NEIGH-0171,"Neighbourhood, Safety & Civic Voice","The city: departments, hearings, and where a decision is made",CV-21,K–2,Explorer,Civic Navigation Practitioner,Public comment: the rules and the two minutes,"Public comment: the rules, the two minutes, and what the format rewards. — at K–2",Prepare a comment to the published rules.
CX-NEIGH-0172,"Neighbourhood, Safety & Civic Voice","The city: departments, hearings, and where a decision is made",CV-22,3–5,Explorer,Civic Navigation Practitioner,Public comment: the rules and the two minutes,"Public comment: the rules, the two minutes, and what the format rewards. — at 3–5",Prepare a comment to the published rules.
CX-NEIGH-0173,"Neighbourhood, Safety & Civic Voice","The city: departments, hearings, and where a decision is made",CV-23,6–8,Builder,Civic Navigation Practitioner,Public comment: the rules and the two minutes,"Public comment: the rules, the two minutes, and what the format rewards. — at 6–8",Prepare a comment to the published rules.
CX-NEIGH-0174,"Neighbourhood, Safety & Civic Voice","The city: departments, hearings, and where a decision is made",CV-24,9–10,Practitioner,Civic Navigation Practitioner,Public comment: the rules and the two minutes,"Public comment: the rules, the two minutes, and what the format rewards. — at 9–10",Prepare a comment to the published rules.
CX-NEIGH-0175,"Neighbourhood, Safety & Civic Voice","The city: departments, hearings, and where a decision is made",CV-25,11–12,Lead,Civic Navigation Practitioner,Public comment: the rules and the two minutes,"Public comment: the rules, the two minutes, and what the format rewards. — at 11–12",Prepare a comment to the published rules.
CX-NEIGH-0176,"Neighbourhood, Safety & Civic Voice","The city: departments, hearings, and where a decision is made",CV-26,K–2,Explorer,Civic Navigation Practitioner,Reading an agenda before the meeting,"Reading an agenda before the meeting, and finding the item that matters. — at K–2",Read one agenda and identify the item affecting you.
CX-NEIGH-0177,"Neighbourhood, Safety & Civic Voice","The city: departments, hearings, and where a decision is made",CV-27,3–5,Explorer,Civic Navigation Practitioner,Reading an agenda before the meeting,"Reading an agenda before the meeting, and finding the item that matters. — at 3–5",Read one agenda and identify the item affecting you.
CX-NEIGH-0178,"Neighbourhood, Safety & Civic Voice","The city: departments, hearings, and where a decision is made",CV-28,6–8,Builder,Civic Navigation Practitioner,Reading an agenda before the meeting,"Reading an agenda before the meeting, and finding the item that matters. — at 6–8",Read one agenda and identify the item affecting you.
CX-NEIGH-0179,"Neighbourhood, Safety & Civic Voice","The city: departments, hearings, and where a decision is made",CV-29,9–10,Practitioner,Civic Navigation Practitioner,Reading an agenda before the meeting,"Reading an agenda before the meeting, and finding the item that matters. — at 9–10",Read one agenda and identify the item affecting you.
CX-NEIGH-0180,"Neighbourhood, Safety & Civic Voice","The city: departments, hearings, and where a decision is made",CV-30,11–12,Lead,Civic Navigation Practitioner,Reading an agenda before the meeting,"Reading an agenda before the meeting, and finding the item that matters. — at 11–12",Read one agenda and identify the item affecting you.
CX-NEIGH-0181,"Neighbourhood, Safety & Civic Voice","The city: departments, hearings, and where a decision is made",CV-31,K–2,Explorer,Civic Navigation Practitioner,A public record request,A public records request: how it is filed and what it can obtain. — at K–2,File one public records request and record what came back and how long it took.
CX-NEIGH-0182,"Neighbourhood, Safety & Civic Voice","The city: departments, hearings, and where a decision is made",CV-32,3–5,Explorer,Civic Navigation Practitioner,A public record request,A public records request: how it is filed and what it can obtain. — at 3–5,File one public records request and record what came back and how long it took.
CX-NEIGH-0183,"Neighbourhood, Safety & Civic Voice","The city: departments, hearings, and where a decision is made",CV-33,6–8,Builder,Civic Navigation Practitioner,A public record request,A public records request: how it is filed and what it can obtain. — at 6–8,File one public records request and record what came back and how long it took.
CX-NEIGH-0184,"Neighbourhood, Safety & Civic Voice","The city: departments, hearings, and where a decision is made",CV-34,9–10,Practitioner,Civic Navigation Practitioner,A public record request,A public records request: how it is filed and what it can obtain. — at 9–10,File one public records request and record what came back and how long it took.
CX-NEIGH-0185,"Neighbourhood, Safety & Civic Voice","The city: departments, hearings, and where a decision is made",CV-35,11–12,Lead,Civic Navigation Practitioner,A public record request,A public records request: how it is filed and what it can obtain. — at 11–12,File one public records request and record what came back and how long it took.
CX-NEIGH-0186,"Neighbourhood, Safety & Civic Voice","The city: departments, hearings, and where a decision is made",CV-36,K–2,Explorer,Civic Navigation Practitioner,Finding the staff person who knows,"Finding the staff member who actually knows, rather than the one who answers. — at K–2",Identify one and make contact.
CX-NEIGH-0187,"Neighbourhood, Safety & Civic Voice","The city: departments, hearings, and where a decision is made",CV-37,3–5,Explorer,Civic Navigation Practitioner,Finding the staff person who knows,"Finding the staff member who actually knows, rather than the one who answers. — at 3–5",Identify one and make contact.
CX-NEIGH-0188,"Neighbourhood, Safety & Civic Voice","The city: departments, hearings, and where a decision is made",CV-38,6–8,Builder,Civic Navigation Practitioner,Finding the staff person who knows,"Finding the staff member who actually knows, rather than the one who answers. — at 6–8",Identify one and make contact.
CX-NEIGH-0189,"Neighbourhood, Safety & Civic Voice","The city: departments, hearings, and where a decision is made",CV-39,9–10,Practitioner,Civic Navigation Practitioner,Finding the staff person who knows,"Finding the staff member who actually knows, rather than the one who answers. — at 9–10",Identify one and make contact.
CX-NEIGH-0190,"Neighbourhood, Safety & Civic Voice","The city: departments, hearings, and where a decision is made",CV-40,11–12,Lead,Civic Navigation Practitioner,Finding the staff person who knows,"Finding the staff member who actually knows, rather than the one who answers. — at 11–12",Identify one and make contact.
CX-NEIGH-0191,"Neighbourhood, Safety & Civic Voice","The city: departments, hearings, and where a decision is made",CV-41,K–2,Explorer,Civic Navigation Practitioner,Coalitions and who is already working on it,"Coalitions already working on it, and joining rather than duplicating. — at K–2",Identify one existing group and what it needs.
CX-NEIGH-0192,"Neighbourhood, Safety & Civic Voice","The city: departments, hearings, and where a decision is made",CV-42,3–5,Explorer,Civic Navigation Practitioner,Coalitions and who is already working on it,"Coalitions already working on it, and joining rather than duplicating. — at 3–5",Identify one existing group and what it needs.
CX-NEIGH-0193,"Neighbourhood, Safety & Civic Voice","The city: departments, hearings, and where a decision is made",CV-43,6–8,Builder,Civic Navigation Practitioner,Coalitions and who is already working on it,"Coalitions already working on it, and joining rather than duplicating. — at 6–8",Identify one existing group and what it needs.
CX-NEIGH-0194,"Neighbourhood, Safety & Civic Voice","The city: departments, hearings, and where a decision is made",CV-44,9–10,Practitioner,Civic Navigation Practitioner,Coalitions and who is already working on it,"Coalitions already working on it, and joining rather than duplicating. — at 9–10",Identify one existing group and what it needs.
CX-NEIGH-0195,"Neighbourhood, Safety & Civic Voice","The city: departments, hearings, and where a decision is made",CV-45,11–12,Lead,Civic Navigation Practitioner,Coalitions and who is already working on it,"Coalitions already working on it, and joining rather than duplicating. — at 11–12",Identify one existing group and what it needs.
CX-NEIGH-0196,"Neighbourhood, Safety & Civic Voice","The city: departments, hearings, and where a decision is made",CV-46,K–2,Explorer,Civic Navigation Practitioner,Following a decision after it is made,"Following a decision after the meeting, which is when most efforts stop. — at K–2",Track one decision to implementation.
CX-NEIGH-0197,"Neighbourhood, Safety & Civic Voice","The city: departments, hearings, and where a decision is made",CV-47,3–5,Explorer,Civic Navigation Practitioner,Following a decision after it is made,"Following a decision after the meeting, which is when most efforts stop. — at 3–5",Track one decision to implementation.
CX-NEIGH-0198,"Neighbourhood, Safety & Civic Voice","The city: departments, hearings, and where a decision is made",CV-48,6–8,Builder,Civic Navigation Practitioner,Following a decision after it is made,"Following a decision after the meeting, which is when most efforts stop. — at 6–8",Track one decision to implementation.
CX-NEIGH-0199,"Neighbourhood, Safety & Civic Voice","The city: departments, hearings, and where a decision is made",CV-49,9–10,Practitioner,Civic Navigation Practitioner,Following a decision after it is made,"Following a decision after the meeting, which is when most efforts stop. — at 9–10",Track one decision to implementation.
CX-NEIGH-0200,"Neighbourhood, Safety & Civic Voice","The city: departments, hearings, and where a decision is made",CV-50,11–12,Lead,Civic Navigation Practitioner,Following a decision after it is made,"Following a decision after the meeting, which is when most efforts stop. — at 11–12",Track one decision to implementation.
CX-NEIGH-0201,"Neighbourhood, Safety & Civic Voice",Voice: speaking at a meeting that decides something,VO-1,K–2,Explorer,Public Voice Practitioner,"Two minutes, and what to put in them","Two minutes: the structure that fits, and what has to be cut. — at K–2",Write and deliver a two-minute comment.
CX-NEIGH-0202,"Neighbourhood, Safety & Civic Voice",Voice: speaking at a meeting that decides something,VO-2,3–5,Explorer,Public Voice Practitioner,"Two minutes, and what to put in them","Two minutes: the structure that fits, and what has to be cut. — at 3–5",Write and deliver a two-minute comment.
CX-NEIGH-0203,"Neighbourhood, Safety & Civic Voice",Voice: speaking at a meeting that decides something,VO-3,6–8,Builder,Public Voice Practitioner,"Two minutes, and what to put in them","Two minutes: the structure that fits, and what has to be cut. — at 6–8",Write and deliver a two-minute comment.
CX-NEIGH-0204,"Neighbourhood, Safety & Civic Voice",Voice: speaking at a meeting that decides something,VO-4,9–10,Practitioner,Public Voice Practitioner,"Two minutes, and what to put in them","Two minutes: the structure that fits, and what has to be cut. — at 9–10",Write and deliver a two-minute comment.
CX-NEIGH-0205,"Neighbourhood, Safety & Civic Voice",Voice: speaking at a meeting that decides something,VO-5,11–12,Lead,Public Voice Practitioner,"Two minutes, and what to put in them","Two minutes: the structure that fits, and what has to be cut. — at 11–12",Write and deliver a two-minute comment.
CX-NEIGH-0206,"Neighbourhood, Safety & Civic Voice",Voice: speaking at a meeting that decides something,VO-6,K–2,Explorer,Public Voice Practitioner,Telling one story rather than five,One story told properly rather than five told partly. — at K–2,Deliver one story with a beginning and an ask.
CX-NEIGH-0207,"Neighbourhood, Safety & Civic Voice",Voice: speaking at a meeting that decides something,VO-7,3–5,Explorer,Public Voice Practitioner,Telling one story rather than five,One story told properly rather than five told partly. — at 3–5,Deliver one story with a beginning and an ask.
CX-NEIGH-0208,"Neighbourhood, Safety & Civic Voice",Voice: speaking at a meeting that decides something,VO-8,6–8,Builder,Public Voice Practitioner,Telling one story rather than five,One story told properly rather than five told partly. — at 6–8,Deliver one story with a beginning and an ask.
CX-NEIGH-0209,"Neighbourhood, Safety & Civic Voice",Voice: speaking at a meeting that decides something,VO-9,9–10,Practitioner,Public Voice Practitioner,Telling one story rather than five,One story told properly rather than five told partly. — at 9–10,Deliver one story with a beginning and an ask.
CX-NEIGH-0210,"Neighbourhood, Safety & Civic Voice",Voice: speaking at a meeting that decides something,VO-10,11–12,Lead,Public Voice Practitioner,Telling one story rather than five,One story told properly rather than five told partly. — at 11–12,Deliver one story with a beginning and an ask.
CX-NEIGH-0211,"Neighbourhood, Safety & Civic Voice",Voice: speaking at a meeting that decides something,VO-11,K–2,Explorer,Public Voice Practitioner,Numbers a room will remember,The one or two numbers a room will actually retain. — at K–2,Choose the numbers for a real comment and defend the choice.
CX-NEIGH-0212,"Neighbourhood, Safety & Civic Voice",Voice: speaking at a meeting that decides something,VO-12,3–5,Explorer,Public Voice Practitioner,Numbers a room will remember,The one or two numbers a room will actually retain. — at 3–5,Choose the numbers for a real comment and defend the choice.
CX-NEIGH-0213,"Neighbourhood, Safety & Civic Voice",Voice: speaking at a meeting that decides something,VO-13,6–8,Builder,Public Voice Practitioner,Numbers a room will remember,The one or two numbers a room will actually retain. — at 6–8,Choose the numbers for a real comment and defend the choice.
CX-NEIGH-0214,"Neighbourhood, Safety & Civic Voice",Voice: speaking at a meeting that decides something,VO-14,9–10,Practitioner,Public Voice Practitioner,Numbers a room will remember,The one or two numbers a room will actually retain. — at 9–10,Choose the numbers for a real comment and defend the choice.
CX-NEIGH-0215,"Neighbourhood, Safety & Civic Voice",Voice: speaking at a meeting that decides something,VO-15,11–12,Lead,Public Voice Practitioner,Numbers a room will remember,The one or two numbers a room will actually retain. — at 11–12,Choose the numbers for a real comment and defend the choice.
CX-NEIGH-0216,"Neighbourhood, Safety & Civic Voice",Voice: speaking at a meeting that decides something,VO-16,K–2,Explorer,Public Voice Practitioner,Speaking when you are angry,"Speaking when angry, using the anger without being led by it. — at K–2",Deliver a prepared comment under practice conditions.
CX-NEIGH-0217,"Neighbourhood, Safety & Civic Voice",Voice: speaking at a meeting that decides something,VO-17,3–5,Explorer,Public Voice Practitioner,Speaking when you are angry,"Speaking when angry, using the anger without being led by it. — at 3–5",Deliver a prepared comment under practice conditions.
CX-NEIGH-0218,"Neighbourhood, Safety & Civic Voice",Voice: speaking at a meeting that decides something,VO-18,6–8,Builder,Public Voice Practitioner,Speaking when you are angry,"Speaking when angry, using the anger without being led by it. — at 6–8",Deliver a prepared comment under practice conditions.
CX-NEIGH-0219,"Neighbourhood, Safety & Civic Voice",Voice: speaking at a meeting that decides something,VO-19,9–10,Practitioner,Public Voice Practitioner,Speaking when you are angry,"Speaking when angry, using the anger without being led by it. — at 9–10",Deliver a prepared comment under practice conditions.
CX-NEIGH-0220,"Neighbourhood, Safety & Civic Voice",Voice: speaking at a meeting that decides something,VO-20,11–12,Lead,Public Voice Practitioner,Speaking when you are angry,"Speaking when angry, using the anger without being led by it. — at 11–12",Deliver a prepared comment under practice conditions.
CX-NEIGH-0221,"Neighbourhood, Safety & Civic Voice",Voice: speaking at a meeting that decides something,VO-21,K–2,Explorer,Public Voice Practitioner,Speaking when you are frightened,"Speaking when frightened, and the preparation that carries you through it. — at K–2",Deliver one with the preparation that makes it possible.
CX-NEIGH-0222,"Neighbourhood, Safety & Civic Voice",Voice: speaking at a meeting that decides something,VO-22,3–5,Explorer,Public Voice Practitioner,Speaking when you are frightened,"Speaking when frightened, and the preparation that carries you through it. — at 3–5",Deliver one with the preparation that makes it possible.
CX-NEIGH-0223,"Neighbourhood, Safety & Civic Voice",Voice: speaking at a meeting that decides something,VO-23,6–8,Builder,Public Voice Practitioner,Speaking when you are frightened,"Speaking when frightened, and the preparation that carries you through it. — at 6–8",Deliver one with the preparation that makes it possible.
CX-NEIGH-0224,"Neighbourhood, Safety & Civic Voice",Voice: speaking at a meeting that decides something,VO-24,9–10,Practitioner,Public Voice Practitioner,Speaking when you are frightened,"Speaking when frightened, and the preparation that carries you through it. — at 9–10",Deliver one with the preparation that makes it possible.
CX-NEIGH-0225,"Neighbourhood, Safety & Civic Voice",Voice: speaking at a meeting that decides something,VO-25,11–12,Lead,Public Voice Practitioner,Speaking when you are frightened,"Speaking when frightened, and the preparation that carries you through it. — at 11–12",Deliver one with the preparation that makes it possible.
CX-NEIGH-0226,"Neighbourhood, Safety & Civic Voice",Voice: speaking at a meeting that decides something,VO-26,K–2,Explorer,Public Voice Practitioner,Writing it down first,"Writing it down first, which is what makes the two minutes survive nerves. — at K–2",Produce the written version before speaking.
CX-NEIGH-0227,"Neighbourhood, Safety & Civic Voice",Voice: speaking at a meeting that decides something,VO-27,3–5,Explorer,Public Voice Practitioner,Writing it down first,"Writing it down first, which is what makes the two minutes survive nerves. — at 3–5",Produce the written version before speaking.
CX-NEIGH-0228,"Neighbourhood, Safety & Civic Voice",Voice: speaking at a meeting that decides something,VO-28,6–8,Builder,Public Voice Practitioner,Writing it down first,"Writing it down first, which is what makes the two minutes survive nerves. — at 6–8",Produce the written version before speaking.
CX-NEIGH-0229,"Neighbourhood, Safety & Civic Voice",Voice: speaking at a meeting that decides something,VO-29,9–10,Practitioner,Public Voice Practitioner,Writing it down first,"Writing it down first, which is what makes the two minutes survive nerves. — at 9–10",Produce the written version before speaking.
CX-NEIGH-0230,"Neighbourhood, Safety & Civic Voice",Voice: speaking at a meeting that decides something,VO-30,11–12,Lead,Public Voice Practitioner,Writing it down first,"Writing it down first, which is what makes the two minutes survive nerves. — at 11–12",Produce the written version before speaking.
CX-NEIGH-0231,"Neighbourhood, Safety & Civic Voice",Voice: speaking at a meeting that decides something,VO-31,K–2,Explorer,Public Voice Practitioner,Bringing five people instead of one,"Bringing five people rather than one, and what that changes in the room. — at K–2",Organise five people to attend one meeting.
CX-NEIGH-0232,"Neighbourhood, Safety & Civic Voice",Voice: speaking at a meeting that decides something,VO-32,3–5,Explorer,Public Voice Practitioner,Bringing five people instead of one,"Bringing five people rather than one, and what that changes in the room. — at 3–5",Organise five people to attend one meeting.
CX-NEIGH-0233,"Neighbourhood, Safety & Civic Voice",Voice: speaking at a meeting that decides something,VO-33,6–8,Builder,Public Voice Practitioner,Bringing five people instead of one,"Bringing five people rather than one, and what that changes in the room. — at 6–8",Organise five people to attend one meeting.
CX-NEIGH-0234,"Neighbourhood, Safety & Civic Voice",Voice: speaking at a meeting that decides something,VO-34,9–10,Practitioner,Public Voice Practitioner,Bringing five people instead of one,"Bringing five people rather than one, and what that changes in the room. — at 9–10",Organise five people to attend one meeting.
CX-NEIGH-0235,"Neighbourhood, Safety & Civic Voice",Voice: speaking at a meeting that decides something,VO-35,11–12,Lead,Public Voice Practitioner,Bringing five people instead of one,"Bringing five people rather than one, and what that changes in the room. — at 11–12",Organise five people to attend one meeting.
CX-NEIGH-0236,"Neighbourhood, Safety & Civic Voice",Voice: speaking at a meeting that decides something,VO-36,K–2,Explorer,Public Voice Practitioner,What happens after you speak,"What happens after you speak, and the follow-up that decides whether it mattered. — at K–2",Write the follow-up plan.
CX-NEIGH-0237,"Neighbourhood, Safety & Civic Voice",Voice: speaking at a meeting that decides something,VO-37,3–5,Explorer,Public Voice Practitioner,What happens after you speak,"What happens after you speak, and the follow-up that decides whether it mattered. — at 3–5",Write the follow-up plan.
CX-NEIGH-0238,"Neighbourhood, Safety & Civic Voice",Voice: speaking at a meeting that decides something,VO-38,6–8,Builder,Public Voice Practitioner,What happens after you speak,"What happens after you speak, and the follow-up that decides whether it mattered. — at 6–8",Write the follow-up plan.
CX-NEIGH-0239,"Neighbourhood, Safety & Civic Voice",Voice: speaking at a meeting that decides something,VO-39,9–10,Practitioner,Public Voice Practitioner,What happens after you speak,"What happens after you speak, and the follow-up that decides whether it mattered. — at 9–10",Write the follow-up plan.
CX-NEIGH-0240,"Neighbourhood, Safety & Civic Voice",Voice: speaking at a meeting that decides something,VO-40,11–12,Lead,Public Voice Practitioner,What happens after you speak,"What happens after you speak, and the follow-up that decides whether it mattered. — at 11–12",Write the follow-up plan.
CX-NEIGH-0241,"Neighbourhood, Safety & Civic Voice",Voice: speaking at a meeting that decides something,VO-41,K–2,Explorer,Public Voice Practitioner,"Being quoted, and being misquoted","Being quoted and being misquoted, and correcting the record. — at K–2",Draft a correction to a real or worked misquote and identify exactly who to send it to.
CX-NEIGH-0242,"Neighbourhood, Safety & Civic Voice",Voice: speaking at a meeting that decides something,VO-42,3–5,Explorer,Public Voice Practitioner,"Being quoted, and being misquoted","Being quoted and being misquoted, and correcting the record. — at 3–5",Draft a correction to a real or worked misquote and identify exactly who to send it to.
CX-NEIGH-0243,"Neighbourhood, Safety & Civic Voice",Voice: speaking at a meeting that decides something,VO-43,6–8,Builder,Public Voice Practitioner,"Being quoted, and being misquoted","Being quoted and being misquoted, and correcting the record. — at 6–8",Draft a correction to a real or worked misquote and identify exactly who to send it to.
CX-NEIGH-0244,"Neighbourhood, Safety & Civic Voice",Voice: speaking at a meeting that decides something,VO-44,9–10,Practitioner,Public Voice Practitioner,"Being quoted, and being misquoted","Being quoted and being misquoted, and correcting the record. — at 9–10",Draft a correction to a real or worked misquote and identify exactly who to send it to.
CX-NEIGH-0245,"Neighbourhood, Safety & Civic Voice",Voice: speaking at a meeting that decides something,VO-45,11–12,Lead,Public Voice Practitioner,"Being quoted, and being misquoted","Being quoted and being misquoted, and correcting the record. — at 11–12",Draft a correction to a real or worked misquote and identify exactly who to send it to.
CX-NEIGH-0246,"Neighbourhood, Safety & Civic Voice",Voice: speaking at a meeting that decides something,VO-46,K–2,Explorer,Public Voice Practitioner,Doing it again next month,"Doing it again next month, because one appearance is an event and repetition is pressure. — at K–2",Commit to and attend a second meeting.
CX-NEIGH-0247,"Neighbourhood, Safety & Civic Voice",Voice: speaking at a meeting that decides something,VO-47,3–5,Explorer,Public Voice Practitioner,Doing it again next month,"Doing it again next month, because one appearance is an event and repetition is pressure. — at 3–5",Commit to and attend a second meeting.
CX-NEIGH-0248,"Neighbourhood, Safety & Civic Voice",Voice: speaking at a meeting that decides something,VO-48,6–8,Builder,Public Voice Practitioner,Doing it again next month,"Doing it again next month, because one appearance is an event and repetition is pressure. — at 6–8",Commit to and attend a second meeting.
CX-NEIGH-0249,"Neighbourhood, Safety & Civic Voice",Voice: speaking at a meeting that decides something,VO-49,9–10,Practitioner,Public Voice Practitioner,Doing it again next month,"Doing it again next month, because one appearance is an event and repetition is pressure. — at 9–10",Commit to and attend a second meeting.
CX-NEIGH-0250,"Neighbourhood, Safety & Civic Voice",Voice: speaking at a meeting that decides something,VO-50,11–12,Lead,Public Voice Practitioner,Doing it again next month,"Doing it again next month, because one appearance is an event and repetition is pressure. — at 11–12",Commit to and attend a second meeting.
CX-NOLATRADES-0001,SmartCiti.X : New Orleans Trades,The port and the crane: cargo across the levee,PC-1,K–2,Explorer,Port & Lift Reader,A city that works by water,"Why New Orleans exists where it does — the river trade above it, the Gulf below it, and what a port city's work looks like from the levee. — at K–2","Find, on a real map, the port facility nearest your parish and name two things that actually move through it."
CX-NOLATRADES-0002,SmartCiti.X : New Orleans Trades,The port and the crane: cargo across the levee,PC-2,3–5,Explorer,Port & Lift Reader,A city that works by water,"Why New Orleans exists where it does — the river trade above it, the Gulf below it, and what a port city's work looks like from the levee. — at 3–5","Find, on a real map, the port facility nearest your parish and name two things that actually move through it."
CX-NOLATRADES-0003,SmartCiti.X : New Orleans Trades,The port and the crane: cargo across the levee,PC-3,6–8,Builder,Port & Lift Reader,A city that works by water,"Why New Orleans exists where it does — the river trade above it, the Gulf below it, and what a port city's work looks like from the levee. — at 6–8","Find, on a real map, the port facility nearest your parish and name two things that actually move through it."
CX-NOLATRADES-0004,SmartCiti.X : New Orleans Trades,The port and the crane: cargo across the levee,PC-4,9–10,Practitioner,Port & Lift Reader,A city that works by water,"Why New Orleans exists where it does — the river trade above it, the Gulf below it, and what a port city's work looks like from the levee. — at 9–10","Find, on a real map, the port facility nearest your parish and name two things that actually move through it."
CX-NOLATRADES-0005,SmartCiti.X : New Orleans Trades,The port and the crane: cargo across the levee,PC-5,11–12,Lead,Port & Lift Reader,A city that works by water,"Why New Orleans exists where it does — the river trade above it, the Gulf below it, and what a port city's work looks like from the levee. — at 11–12","Find, on a real map, the port facility nearest your parish and name two things that actually move through it."
CX-NOLATRADES-0006,SmartCiti.X : New Orleans Trades,The port and the crane: cargo across the levee,PC-6,K–2,Explorer,Port & Lift Reader,The crane above the wharf,"What the operator of a wharf crane really controls — slew, trolley and hoist — and why every lift is three motions managed at once. — at K–2","Watch a real container or cargo lift, from public ground or on film, and narrate the three motions by name as they happen."
CX-NOLATRADES-0007,SmartCiti.X : New Orleans Trades,The port and the crane: cargo across the levee,PC-7,3–5,Explorer,Port & Lift Reader,The crane above the wharf,"What the operator of a wharf crane really controls — slew, trolley and hoist — and why every lift is three motions managed at once. — at 3–5","Watch a real container or cargo lift, from public ground or on film, and narrate the three motions by name as they happen."
CX-NOLATRADES-0008,SmartCiti.X : New Orleans Trades,The port and the crane: cargo across the levee,PC-8,6–8,Builder,Port & Lift Reader,The crane above the wharf,"What the operator of a wharf crane really controls — slew, trolley and hoist — and why every lift is three motions managed at once. — at 6–8","Watch a real container or cargo lift, from public ground or on film, and narrate the three motions by name as they happen."
CX-NOLATRADES-0009,SmartCiti.X : New Orleans Trades,The port and the crane: cargo across the levee,PC-9,9–10,Practitioner,Port & Lift Reader,The crane above the wharf,"What the operator of a wharf crane really controls — slew, trolley and hoist — and why every lift is three motions managed at once. — at 9–10","Watch a real container or cargo lift, from public ground or on film, and narrate the three motions by name as they happen."
CX-NOLATRADES-0010,SmartCiti.X : New Orleans Trades,The port and the crane: cargo across the levee,PC-10,11–12,Lead,Port & Lift Reader,The crane above the wharf,"What the operator of a wharf crane really controls — slew, trolley and hoist — and why every lift is three motions managed at once. — at 11–12","Watch a real container or cargo lift, from public ground or on film, and narrate the three motions by name as they happen."
CX-NOLATRADES-0011,SmartCiti.X : New Orleans Trades,The port and the crane: cargo across the levee,PC-11,K–2,Explorer,Port & Lift Reader,Rigging: the load speaks through the sling,"Slings, hitches and rated hardware — how a load's weight and balance decide the rig, and why the tag on the strap is the law of the lift. — at K–2","Examine a real ratchet strap or lifting sling, find its rated tag, and explain to someone why a frayed one is retired on the spot."
CX-NOLATRADES-0012,SmartCiti.X : New Orleans Trades,The port and the crane: cargo across the levee,PC-12,3–5,Explorer,Port & Lift Reader,Rigging: the load speaks through the sling,"Slings, hitches and rated hardware — how a load's weight and balance decide the rig, and why the tag on the strap is the law of the lift. — at 3–5","Examine a real ratchet strap or lifting sling, find its rated tag, and explain to someone why a frayed one is retired on the spot."
CX-NOLATRADES-0013,SmartCiti.X : New Orleans Trades,The port and the crane: cargo across the levee,PC-13,6–8,Builder,Port & Lift Reader,Rigging: the load speaks through the sling,"Slings, hitches and rated hardware — how a load's weight and balance decide the rig, and why the tag on the strap is the law of the lift. — at 6–8","Examine a real ratchet strap or lifting sling, find its rated tag, and explain to someone why a frayed one is retired on the spot."
CX-NOLATRADES-0014,SmartCiti.X : New Orleans Trades,The port and the crane: cargo across the levee,PC-14,9–10,Practitioner,Port & Lift Reader,Rigging: the load speaks through the sling,"Slings, hitches and rated hardware — how a load's weight and balance decide the rig, and why the tag on the strap is the law of the lift. — at 9–10","Examine a real ratchet strap or lifting sling, find its rated tag, and explain to someone why a frayed one is retired on the spot."
CX-NOLATRADES-0015,SmartCiti.X : New Orleans Trades,The port and the crane: cargo across the levee,PC-15,11–12,Lead,Port & Lift Reader,Rigging: the load speaks through the sling,"Slings, hitches and rated hardware — how a load's weight and balance decide the rig, and why the tag on the strap is the law of the lift. — at 11–12","Examine a real ratchet strap or lifting sling, find its rated tag, and explain to someone why a frayed one is retired on the spot."
CX-NOLATRADES-0016,SmartCiti.X : New Orleans Trades,The port and the crane: cargo across the levee,PC-16,K–2,Explorer,Port & Lift Reader,The signal hand,"The standard crane hand signals — one signaller, one language, no shouting over the wind. — at K–2",Learn five standard crane hand signals and demonstrate them to a partner who writes down what each one commands.
CX-NOLATRADES-0017,SmartCiti.X : New Orleans Trades,The port and the crane: cargo across the levee,PC-17,3–5,Explorer,Port & Lift Reader,The signal hand,"The standard crane hand signals — one signaller, one language, no shouting over the wind. — at 3–5",Learn five standard crane hand signals and demonstrate them to a partner who writes down what each one commands.
CX-NOLATRADES-0018,SmartCiti.X : New Orleans Trades,The port and the crane: cargo across the levee,PC-18,6–8,Builder,Port & Lift Reader,The signal hand,"The standard crane hand signals — one signaller, one language, no shouting over the wind. — at 6–8",Learn five standard crane hand signals and demonstrate them to a partner who writes down what each one commands.
CX-NOLATRADES-0019,SmartCiti.X : New Orleans Trades,The port and the crane: cargo across the levee,PC-19,9–10,Practitioner,Port & Lift Reader,The signal hand,"The standard crane hand signals — one signaller, one language, no shouting over the wind. — at 9–10",Learn five standard crane hand signals and demonstrate them to a partner who writes down what each one commands.
CX-NOLATRADES-0020,SmartCiti.X : New Orleans Trades,The port and the crane: cargo across the levee,PC-20,11–12,Lead,Port & Lift Reader,The signal hand,"The standard crane hand signals — one signaller, one language, no shouting over the wind. — at 11–12",Learn five standard crane hand signals and demonstrate them to a partner who writes down what each one commands.
CX-NOLATRADES-0021,SmartCiti.X : New Orleans Trades,The port and the crane: cargo across the levee,PC-21,K–2,Explorer,Port & Lift Reader,Swing is the enemy,"A suspended load is a pendulum: why smooth starts and stops tame the swing, and why a hurried operator makes the load dangerous. — at K–2","Hang a small weight on a string, move your hand like a crane, and show how a slow start keeps the swing small while a jerk makes it wild."
CX-NOLATRADES-0022,SmartCiti.X : New Orleans Trades,The port and the crane: cargo across the levee,PC-22,3–5,Explorer,Port & Lift Reader,Swing is the enemy,"A suspended load is a pendulum: why smooth starts and stops tame the swing, and why a hurried operator makes the load dangerous. — at 3–5","Hang a small weight on a string, move your hand like a crane, and show how a slow start keeps the swing small while a jerk makes it wild."
CX-NOLATRADES-0023,SmartCiti.X : New Orleans Trades,The port and the crane: cargo across the levee,PC-23,6–8,Builder,Port & Lift Reader,Swing is the enemy,"A suspended load is a pendulum: why smooth starts and stops tame the swing, and why a hurried operator makes the load dangerous. — at 6–8","Hang a small weight on a string, move your hand like a crane, and show how a slow start keeps the swing small while a jerk makes it wild."
CX-NOLATRADES-0024,SmartCiti.X : New Orleans Trades,The port and the crane: cargo across the levee,PC-24,9–10,Practitioner,Port & Lift Reader,Swing is the enemy,"A suspended load is a pendulum: why smooth starts and stops tame the swing, and why a hurried operator makes the load dangerous. — at 9–10","Hang a small weight on a string, move your hand like a crane, and show how a slow start keeps the swing small while a jerk makes it wild."
CX-NOLATRADES-0025,SmartCiti.X : New Orleans Trades,The port and the crane: cargo across the levee,PC-25,11–12,Lead,Port & Lift Reader,Swing is the enemy,"A suspended load is a pendulum: why smooth starts and stops tame the swing, and why a hurried operator makes the load dangerous. — at 11–12","Hang a small weight on a string, move your hand like a crane, and show how a slow start keeps the swing small while a jerk makes it wild."
CX-NOLATRADES-0026,SmartCiti.X : New Orleans Trades,The port and the crane: cargo across the levee,PC-26,K–2,Explorer,Port & Lift Reader,The box that ate the waterfront,"Containerization — how one steel box remade longshore work, the wharves, and what a New Orleans dock job is today. — at K–2","Compare a photograph of a New Orleans wharf before containers with one today, and name three kinds of work that changed."
CX-NOLATRADES-0027,SmartCiti.X : New Orleans Trades,The port and the crane: cargo across the levee,PC-27,3–5,Explorer,Port & Lift Reader,The box that ate the waterfront,"Containerization — how one steel box remade longshore work, the wharves, and what a New Orleans dock job is today. — at 3–5","Compare a photograph of a New Orleans wharf before containers with one today, and name three kinds of work that changed."
CX-NOLATRADES-0028,SmartCiti.X : New Orleans Trades,The port and the crane: cargo across the levee,PC-28,6–8,Builder,Port & Lift Reader,The box that ate the waterfront,"Containerization — how one steel box remade longshore work, the wharves, and what a New Orleans dock job is today. — at 6–8","Compare a photograph of a New Orleans wharf before containers with one today, and name three kinds of work that changed."
CX-NOLATRADES-0029,SmartCiti.X : New Orleans Trades,The port and the crane: cargo across the levee,PC-29,9–10,Practitioner,Port & Lift Reader,The box that ate the waterfront,"Containerization — how one steel box remade longshore work, the wharves, and what a New Orleans dock job is today. — at 9–10","Compare a photograph of a New Orleans wharf before containers with one today, and name three kinds of work that changed."
CX-NOLATRADES-0030,SmartCiti.X : New Orleans Trades,The port and the crane: cargo across the levee,PC-30,11–12,Lead,Port & Lift Reader,The box that ate the waterfront,"Containerization — how one steel box remade longshore work, the wharves, and what a New Orleans dock job is today. — at 11–12","Compare a photograph of a New Orleans wharf before containers with one today, and name three kinds of work that changed."
CX-NOLATRADES-0031,SmartCiti.X : New Orleans Trades,The port and the crane: cargo across the levee,PC-31,K–2,Explorer,Port & Lift Reader,Weather rules the river,"Fog on the water, wind limits on the boom, and the river's stage — the conditions that stop a lift no matter the schedule. — at K–2",Look up today's Mississippi River stage at New Orleans on the public gauge and state what that number means for the docks.
CX-NOLATRADES-0032,SmartCiti.X : New Orleans Trades,The port and the crane: cargo across the levee,PC-32,3–5,Explorer,Port & Lift Reader,Weather rules the river,"Fog on the water, wind limits on the boom, and the river's stage — the conditions that stop a lift no matter the schedule. — at 3–5",Look up today's Mississippi River stage at New Orleans on the public gauge and state what that number means for the docks.
CX-NOLATRADES-0033,SmartCiti.X : New Orleans Trades,The port and the crane: cargo across the levee,PC-33,6–8,Builder,Port & Lift Reader,Weather rules the river,"Fog on the water, wind limits on the boom, and the river's stage — the conditions that stop a lift no matter the schedule. — at 6–8",Look up today's Mississippi River stage at New Orleans on the public gauge and state what that number means for the docks.
CX-NOLATRADES-0034,SmartCiti.X : New Orleans Trades,The port and the crane: cargo across the levee,PC-34,9–10,Practitioner,Port & Lift Reader,Weather rules the river,"Fog on the water, wind limits on the boom, and the river's stage — the conditions that stop a lift no matter the schedule. — at 9–10",Look up today's Mississippi River stage at New Orleans on the public gauge and state what that number means for the docks.
CX-NOLATRADES-0035,SmartCiti.X : New Orleans Trades,The port and the crane: cargo across the levee,PC-35,11–12,Lead,Port & Lift Reader,Weather rules the river,"Fog on the water, wind limits on the boom, and the river's stage — the conditions that stop a lift no matter the schedule. — at 11–12",Look up today's Mississippi River stage at New Orleans on the public gauge and state what that number means for the docks.
CX-NOLATRADES-0036,SmartCiti.X : New Orleans Trades,The port and the crane: cargo across the levee,PC-36,K–2,Explorer,Port & Lift Reader,Who works the port,"Longshore workers, operating engineers, teamsters and their halls — the crafts a single ship call brings to the wharf together. — at K–2","From one real job posting or union page for port work in Louisiana, list the craft, the hall, and one requirement for the seat."
CX-NOLATRADES-0037,SmartCiti.X : New Orleans Trades,The port and the crane: cargo across the levee,PC-37,3–5,Explorer,Port & Lift Reader,Who works the port,"Longshore workers, operating engineers, teamsters and their halls — the crafts a single ship call brings to the wharf together. — at 3–5","From one real job posting or union page for port work in Louisiana, list the craft, the hall, and one requirement for the seat."
CX-NOLATRADES-0038,SmartCiti.X : New Orleans Trades,The port and the crane: cargo across the levee,PC-38,6–8,Builder,Port & Lift Reader,Who works the port,"Longshore workers, operating engineers, teamsters and their halls — the crafts a single ship call brings to the wharf together. — at 6–8","From one real job posting or union page for port work in Louisiana, list the craft, the hall, and one requirement for the seat."
CX-NOLATRADES-0039,SmartCiti.X : New Orleans Trades,The port and the crane: cargo across the levee,PC-39,9–10,Practitioner,Port & Lift Reader,Who works the port,"Longshore workers, operating engineers, teamsters and their halls — the crafts a single ship call brings to the wharf together. — at 9–10","From one real job posting or union page for port work in Louisiana, list the craft, the hall, and one requirement for the seat."
CX-NOLATRADES-0040,SmartCiti.X : New Orleans Trades,The port and the crane: cargo across the levee,PC-40,11–12,Lead,Port & Lift Reader,Who works the port,"Longshore workers, operating engineers, teamsters and their halls — the crafts a single ship call brings to the wharf together. — at 11–12","From one real job posting or union page for port work in Louisiana, list the craft, the hall, and one requirement for the seat."
CX-NOLATRADES-0041,SmartCiti.X : New Orleans Trades,The port and the crane: cargo across the levee,PC-41,K–2,Explorer,Port & Lift Reader,From ship to shelf,The intermodal chain — wharf to rail yard to truck to warehouse — and where the port's work touches your own parish. — at K–2,"Pick one product in your home and trace, in writing, a plausible path it took from a ship's hold to your shelf."
CX-NOLATRADES-0042,SmartCiti.X : New Orleans Trades,The port and the crane: cargo across the levee,PC-42,3–5,Explorer,Port & Lift Reader,From ship to shelf,The intermodal chain — wharf to rail yard to truck to warehouse — and where the port's work touches your own parish. — at 3–5,"Pick one product in your home and trace, in writing, a plausible path it took from a ship's hold to your shelf."
CX-NOLATRADES-0043,SmartCiti.X : New Orleans Trades,The port and the crane: cargo across the levee,PC-43,6–8,Builder,Port & Lift Reader,From ship to shelf,The intermodal chain — wharf to rail yard to truck to warehouse — and where the port's work touches your own parish. — at 6–8,"Pick one product in your home and trace, in writing, a plausible path it took from a ship's hold to your shelf."
CX-NOLATRADES-0044,SmartCiti.X : New Orleans Trades,The port and the crane: cargo across the levee,PC-44,9–10,Practitioner,Port & Lift Reader,From ship to shelf,The intermodal chain — wharf to rail yard to truck to warehouse — and where the port's work touches your own parish. — at 9–10,"Pick one product in your home and trace, in writing, a plausible path it took from a ship's hold to your shelf."
CX-NOLATRADES-0045,SmartCiti.X : New Orleans Trades,The port and the crane: cargo across the levee,PC-45,11–12,Lead,Port & Lift Reader,From ship to shelf,The intermodal chain — wharf to rail yard to truck to warehouse — and where the port's work touches your own parish. — at 11–12,"Pick one product in your home and trace, in writing, a plausible path it took from a ship's hold to your shelf."
CX-NOLATRADES-0046,SmartCiti.X : New Orleans Trades,The port and the crane: cargo across the levee,PC-46,K–2,Explorer,Port & Lift Reader,The paper trail of a lift,"Manifests, tallies and inspection logs — why the count must match, and how paper protects both the cargo and the crew. — at K–2","Receive a real delivery of any kind, check the packing note against what arrived, and record one discrepancy or a clean count."
CX-NOLATRADES-0047,SmartCiti.X : New Orleans Trades,The port and the crane: cargo across the levee,PC-47,3–5,Explorer,Port & Lift Reader,The paper trail of a lift,"Manifests, tallies and inspection logs — why the count must match, and how paper protects both the cargo and the crew. — at 3–5","Receive a real delivery of any kind, check the packing note against what arrived, and record one discrepancy or a clean count."
CX-NOLATRADES-0048,SmartCiti.X : New Orleans Trades,The port and the crane: cargo across the levee,PC-48,6–8,Builder,Port & Lift Reader,The paper trail of a lift,"Manifests, tallies and inspection logs — why the count must match, and how paper protects both the cargo and the crew. — at 6–8","Receive a real delivery of any kind, check the packing note against what arrived, and record one discrepancy or a clean count."
CX-NOLATRADES-0049,SmartCiti.X : New Orleans Trades,The port and the crane: cargo across the levee,PC-49,9–10,Practitioner,Port & Lift Reader,The paper trail of a lift,"Manifests, tallies and inspection logs — why the count must match, and how paper protects both the cargo and the crew. — at 9–10","Receive a real delivery of any kind, check the packing note against what arrived, and record one discrepancy or a clean count."
CX-NOLATRADES-0050,SmartCiti.X : New Orleans Trades,The port and the crane: cargo across the levee,PC-50,11–12,Lead,Port & Lift Reader,The paper trail of a lift,"Manifests, tallies and inspection logs — why the count must match, and how paper protects both the cargo and the crew. — at 11–12","Receive a real delivery of any kind, check the packing note against what arrived, and record one discrepancy or a clean count."
CX-NOLATRADES-0051,SmartCiti.X : New Orleans Trades,Safe ground: digging in a city below the sea,SG-1,K–2,Explorer,Safe Ground Steward,Call before you dig,"Louisiana 811 — the one call that finds every buried line before a shovel does, and the waiting time the law demands. — at K–2",Find Louisiana 811 and write down the exact steps and the waiting period a real dig at your own address would require.
CX-NOLATRADES-0052,SmartCiti.X : New Orleans Trades,Safe ground: digging in a city below the sea,SG-2,3–5,Explorer,Safe Ground Steward,Call before you dig,"Louisiana 811 — the one call that finds every buried line before a shovel does, and the waiting time the law demands. — at 3–5",Find Louisiana 811 and write down the exact steps and the waiting period a real dig at your own address would require.
CX-NOLATRADES-0053,SmartCiti.X : New Orleans Trades,Safe ground: digging in a city below the sea,SG-3,6–8,Builder,Safe Ground Steward,Call before you dig,"Louisiana 811 — the one call that finds every buried line before a shovel does, and the waiting time the law demands. — at 6–8",Find Louisiana 811 and write down the exact steps and the waiting period a real dig at your own address would require.
CX-NOLATRADES-0054,SmartCiti.X : New Orleans Trades,Safe ground: digging in a city below the sea,SG-4,9–10,Practitioner,Safe Ground Steward,Call before you dig,"Louisiana 811 — the one call that finds every buried line before a shovel does, and the waiting time the law demands. — at 9–10",Find Louisiana 811 and write down the exact steps and the waiting period a real dig at your own address would require.
CX-NOLATRADES-0055,SmartCiti.X : New Orleans Trades,Safe ground: digging in a city below the sea,SG-5,11–12,Lead,Safe Ground Steward,Call before you dig,"Louisiana 811 — the one call that finds every buried line before a shovel does, and the waiting time the law demands. — at 11–12",Find Louisiana 811 and write down the exact steps and the waiting period a real dig at your own address would require.
CX-NOLATRADES-0056,SmartCiti.X : New Orleans Trades,Safe ground: digging in a city below the sea,SG-6,K–2,Explorer,Safe Ground Steward,The flags and their colours,"The marking code painted on the street — red for electric, yellow for gas, blue for water — a public language anyone can read. — at K–2",Find real locate marks or flags in your neighbourhood and decode at least two colours for someone who never noticed them.
CX-NOLATRADES-0057,SmartCiti.X : New Orleans Trades,Safe ground: digging in a city below the sea,SG-7,3–5,Explorer,Safe Ground Steward,The flags and their colours,"The marking code painted on the street — red for electric, yellow for gas, blue for water — a public language anyone can read. — at 3–5",Find real locate marks or flags in your neighbourhood and decode at least two colours for someone who never noticed them.
CX-NOLATRADES-0058,SmartCiti.X : New Orleans Trades,Safe ground: digging in a city below the sea,SG-8,6–8,Builder,Safe Ground Steward,The flags and their colours,"The marking code painted on the street — red for electric, yellow for gas, blue for water — a public language anyone can read. — at 6–8",Find real locate marks or flags in your neighbourhood and decode at least two colours for someone who never noticed them.
CX-NOLATRADES-0059,SmartCiti.X : New Orleans Trades,Safe ground: digging in a city below the sea,SG-9,9–10,Practitioner,Safe Ground Steward,The flags and their colours,"The marking code painted on the street — red for electric, yellow for gas, blue for water — a public language anyone can read. — at 9–10",Find real locate marks or flags in your neighbourhood and decode at least two colours for someone who never noticed them.
CX-NOLATRADES-0060,SmartCiti.X : New Orleans Trades,Safe ground: digging in a city below the sea,SG-10,11–12,Lead,Safe Ground Steward,The flags and their colours,"The marking code painted on the street — red for electric, yellow for gas, blue for water — a public language anyone can read. — at 11–12",Find real locate marks or flags in your neighbourhood and decode at least two colours for someone who never noticed them.
CX-NOLATRADES-0061,SmartCiti.X : New Orleans Trades,Safe ground: digging in a city below the sea,SG-11,K–2,Explorer,Safe Ground Steward,A trench is not a hole,"Why trench walls fail without warning, what a cubic metre of soil weighs, and why nobody enters an unprotected cut — ever. — at K–2","Weigh a small bucket of damp soil, scale the number up to a collapsed trench wall, and state the weight that would land on a worker."
CX-NOLATRADES-0062,SmartCiti.X : New Orleans Trades,Safe ground: digging in a city below the sea,SG-12,3–5,Explorer,Safe Ground Steward,A trench is not a hole,"Why trench walls fail without warning, what a cubic metre of soil weighs, and why nobody enters an unprotected cut — ever. — at 3–5","Weigh a small bucket of damp soil, scale the number up to a collapsed trench wall, and state the weight that would land on a worker."
CX-NOLATRADES-0063,SmartCiti.X : New Orleans Trades,Safe ground: digging in a city below the sea,SG-13,6–8,Builder,Safe Ground Steward,A trench is not a hole,"Why trench walls fail without warning, what a cubic metre of soil weighs, and why nobody enters an unprotected cut — ever. — at 6–8","Weigh a small bucket of damp soil, scale the number up to a collapsed trench wall, and state the weight that would land on a worker."
CX-NOLATRADES-0064,SmartCiti.X : New Orleans Trades,Safe ground: digging in a city below the sea,SG-14,9–10,Practitioner,Safe Ground Steward,A trench is not a hole,"Why trench walls fail without warning, what a cubic metre of soil weighs, and why nobody enters an unprotected cut — ever. — at 9–10","Weigh a small bucket of damp soil, scale the number up to a collapsed trench wall, and state the weight that would land on a worker."
CX-NOLATRADES-0065,SmartCiti.X : New Orleans Trades,Safe ground: digging in a city below the sea,SG-15,11–12,Lead,Safe Ground Steward,A trench is not a hole,"Why trench walls fail without warning, what a cubic metre of soil weighs, and why nobody enters an unprotected cut — ever. — at 11–12","Weigh a small bucket of damp soil, scale the number up to a collapsed trench wall, and state the weight that would land on a worker."
CX-NOLATRADES-0066,SmartCiti.X : New Orleans Trades,Safe ground: digging in a city below the sea,SG-16,K–2,Explorer,Safe Ground Steward,"Shoring, shielding, sloping","The three protections that make a trench survivable, and how the depth and the soil pick between them. — at K–2","From photographs of three real excavations, identify which protection each one uses — or flag the one using none."
CX-NOLATRADES-0067,SmartCiti.X : New Orleans Trades,Safe ground: digging in a city below the sea,SG-17,3–5,Explorer,Safe Ground Steward,"Shoring, shielding, sloping","The three protections that make a trench survivable, and how the depth and the soil pick between them. — at 3–5","From photographs of three real excavations, identify which protection each one uses — or flag the one using none."
CX-NOLATRADES-0068,SmartCiti.X : New Orleans Trades,Safe ground: digging in a city below the sea,SG-18,6–8,Builder,Safe Ground Steward,"Shoring, shielding, sloping","The three protections that make a trench survivable, and how the depth and the soil pick between them. — at 6–8","From photographs of three real excavations, identify which protection each one uses — or flag the one using none."
CX-NOLATRADES-0069,SmartCiti.X : New Orleans Trades,Safe ground: digging in a city below the sea,SG-19,9–10,Practitioner,Safe Ground Steward,"Shoring, shielding, sloping","The three protections that make a trench survivable, and how the depth and the soil pick between them. — at 9–10","From photographs of three real excavations, identify which protection each one uses — or flag the one using none."
CX-NOLATRADES-0070,SmartCiti.X : New Orleans Trades,Safe ground: digging in a city below the sea,SG-20,11–12,Lead,Safe Ground Steward,"Shoring, shielding, sloping","The three protections that make a trench survivable, and how the depth and the soil pick between them. — at 11–12","From photographs of three real excavations, identify which protection each one uses — or flag the one using none."
CX-NOLATRADES-0071,SmartCiti.X : New Orleans Trades,Safe ground: digging in a city below the sea,SG-21,K–2,Explorer,Safe Ground Steward,Water under everything,"New Orleans digs into a high water table: why cuts flood from below, and what dewatering means before the real work starts. — at K–2","After a rain, note how long water stands in the lowest spot near your home, and explain what that says about digging there."
CX-NOLATRADES-0072,SmartCiti.X : New Orleans Trades,Safe ground: digging in a city below the sea,SG-22,3–5,Explorer,Safe Ground Steward,Water under everything,"New Orleans digs into a high water table: why cuts flood from below, and what dewatering means before the real work starts. — at 3–5","After a rain, note how long water stands in the lowest spot near your home, and explain what that says about digging there."
CX-NOLATRADES-0073,SmartCiti.X : New Orleans Trades,Safe ground: digging in a city below the sea,SG-23,6–8,Builder,Safe Ground Steward,Water under everything,"New Orleans digs into a high water table: why cuts flood from below, and what dewatering means before the real work starts. — at 6–8","After a rain, note how long water stands in the lowest spot near your home, and explain what that says about digging there."
CX-NOLATRADES-0074,SmartCiti.X : New Orleans Trades,Safe ground: digging in a city below the sea,SG-24,9–10,Practitioner,Safe Ground Steward,Water under everything,"New Orleans digs into a high water table: why cuts flood from below, and what dewatering means before the real work starts. — at 9–10","After a rain, note how long water stands in the lowest spot near your home, and explain what that says about digging there."
CX-NOLATRADES-0075,SmartCiti.X : New Orleans Trades,Safe ground: digging in a city below the sea,SG-25,11–12,Lead,Safe Ground Steward,Water under everything,"New Orleans digs into a high water table: why cuts flood from below, and what dewatering means before the real work starts. — at 11–12","After a rain, note how long water stands in the lowest spot near your home, and explain what that says about digging there."
CX-NOLATRADES-0076,SmartCiti.X : New Orleans Trades,Safe ground: digging in a city below the sea,SG-26,K–2,Explorer,Safe Ground Steward,The line you did not expect,"Striking a buried utility — what the alarm moment is, why all work stops at once, and who must be called before anything moves again. — at K–2","Write the stop-work steps for a struck gas line as five short commands, and have someone read them back correctly."
CX-NOLATRADES-0077,SmartCiti.X : New Orleans Trades,Safe ground: digging in a city below the sea,SG-27,3–5,Explorer,Safe Ground Steward,The line you did not expect,"Striking a buried utility — what the alarm moment is, why all work stops at once, and who must be called before anything moves again. — at 3–5","Write the stop-work steps for a struck gas line as five short commands, and have someone read them back correctly."
CX-NOLATRADES-0078,SmartCiti.X : New Orleans Trades,Safe ground: digging in a city below the sea,SG-28,6–8,Builder,Safe Ground Steward,The line you did not expect,"Striking a buried utility — what the alarm moment is, why all work stops at once, and who must be called before anything moves again. — at 6–8","Write the stop-work steps for a struck gas line as five short commands, and have someone read them back correctly."
CX-NOLATRADES-0079,SmartCiti.X : New Orleans Trades,Safe ground: digging in a city below the sea,SG-29,9–10,Practitioner,Safe Ground Steward,The line you did not expect,"Striking a buried utility — what the alarm moment is, why all work stops at once, and who must be called before anything moves again. — at 9–10","Write the stop-work steps for a struck gas line as five short commands, and have someone read them back correctly."
CX-NOLATRADES-0080,SmartCiti.X : New Orleans Trades,Safe ground: digging in a city below the sea,SG-30,11–12,Lead,Safe Ground Steward,The line you did not expect,"Striking a buried utility — what the alarm moment is, why all work stops at once, and who must be called before anything moves again. — at 11–12","Write the stop-work steps for a struck gas line as five short commands, and have someone read them back correctly."
CX-NOLATRADES-0081,SmartCiti.X : New Orleans Trades,Safe ground: digging in a city below the sea,SG-31,K–2,Explorer,Safe Ground Steward,Grade means exactly,"A trench is cut to a number, not a feeling — levels, lasers and string lines, and why half a bucket too deep is rework. — at K–2","With a string and a line level, set a level line across a real span at home and prove it with a second measurement."
CX-NOLATRADES-0082,SmartCiti.X : New Orleans Trades,Safe ground: digging in a city below the sea,SG-32,3–5,Explorer,Safe Ground Steward,Grade means exactly,"A trench is cut to a number, not a feeling — levels, lasers and string lines, and why half a bucket too deep is rework. — at 3–5","With a string and a line level, set a level line across a real span at home and prove it with a second measurement."
CX-NOLATRADES-0083,SmartCiti.X : New Orleans Trades,Safe ground: digging in a city below the sea,SG-33,6–8,Builder,Safe Ground Steward,Grade means exactly,"A trench is cut to a number, not a feeling — levels, lasers and string lines, and why half a bucket too deep is rework. — at 6–8","With a string and a line level, set a level line across a real span at home and prove it with a second measurement."
CX-NOLATRADES-0084,SmartCiti.X : New Orleans Trades,Safe ground: digging in a city below the sea,SG-34,9–10,Practitioner,Safe Ground Steward,Grade means exactly,"A trench is cut to a number, not a feeling — levels, lasers and string lines, and why half a bucket too deep is rework. — at 9–10","With a string and a line level, set a level line across a real span at home and prove it with a second measurement."
CX-NOLATRADES-0085,SmartCiti.X : New Orleans Trades,Safe ground: digging in a city below the sea,SG-35,11–12,Lead,Safe Ground Steward,Grade means exactly,"A trench is cut to a number, not a feeling — levels, lasers and string lines, and why half a bucket too deep is rework. — at 11–12","With a string and a line level, set a level line across a real span at home and prove it with a second measurement."
CX-NOLATRADES-0086,SmartCiti.X : New Orleans Trades,Safe ground: digging in a city below the sea,SG-36,K–2,Explorer,Safe Ground Steward,Soil tells its story,"Clay, sand and fill — reading what comes out of the ground, and why the spoil pile stands back from the edge it came from. — at K–2","Sample soil from two spots near home, compare how each holds together when damp, and say which would stand in a wall longer."
CX-NOLATRADES-0087,SmartCiti.X : New Orleans Trades,Safe ground: digging in a city below the sea,SG-37,3–5,Explorer,Safe Ground Steward,Soil tells its story,"Clay, sand and fill — reading what comes out of the ground, and why the spoil pile stands back from the edge it came from. — at 3–5","Sample soil from two spots near home, compare how each holds together when damp, and say which would stand in a wall longer."
CX-NOLATRADES-0088,SmartCiti.X : New Orleans Trades,Safe ground: digging in a city below the sea,SG-38,6–8,Builder,Safe Ground Steward,Soil tells its story,"Clay, sand and fill — reading what comes out of the ground, and why the spoil pile stands back from the edge it came from. — at 6–8","Sample soil from two spots near home, compare how each holds together when damp, and say which would stand in a wall longer."
CX-NOLATRADES-0089,SmartCiti.X : New Orleans Trades,Safe ground: digging in a city below the sea,SG-39,9–10,Practitioner,Safe Ground Steward,Soil tells its story,"Clay, sand and fill — reading what comes out of the ground, and why the spoil pile stands back from the edge it came from. — at 9–10","Sample soil from two spots near home, compare how each holds together when damp, and say which would stand in a wall longer."
CX-NOLATRADES-0090,SmartCiti.X : New Orleans Trades,Safe ground: digging in a city below the sea,SG-40,11–12,Lead,Safe Ground Steward,Soil tells its story,"Clay, sand and fill — reading what comes out of the ground, and why the spoil pile stands back from the edge it came from. — at 11–12","Sample soil from two spots near home, compare how each holds together when damp, and say which would stand in a wall longer."
CX-NOLATRADES-0091,SmartCiti.X : New Orleans Trades,Safe ground: digging in a city below the sea,SG-41,K–2,Explorer,Safe Ground Steward,The competent person,One named person inspects the trench each shift and after every rain — what that duty covers and why it cannot be shared. — at K–2,"Write the checklist a trench inspection must walk through after a Louisiana thunderstorm, and defend each line."
CX-NOLATRADES-0092,SmartCiti.X : New Orleans Trades,Safe ground: digging in a city below the sea,SG-42,3–5,Explorer,Safe Ground Steward,The competent person,One named person inspects the trench each shift and after every rain — what that duty covers and why it cannot be shared. — at 3–5,"Write the checklist a trench inspection must walk through after a Louisiana thunderstorm, and defend each line."
CX-NOLATRADES-0093,SmartCiti.X : New Orleans Trades,Safe ground: digging in a city below the sea,SG-43,6–8,Builder,Safe Ground Steward,The competent person,One named person inspects the trench each shift and after every rain — what that duty covers and why it cannot be shared. — at 6–8,"Write the checklist a trench inspection must walk through after a Louisiana thunderstorm, and defend each line."
CX-NOLATRADES-0094,SmartCiti.X : New Orleans Trades,Safe ground: digging in a city below the sea,SG-44,9–10,Practitioner,Safe Ground Steward,The competent person,One named person inspects the trench each shift and after every rain — what that duty covers and why it cannot be shared. — at 9–10,"Write the checklist a trench inspection must walk through after a Louisiana thunderstorm, and defend each line."
CX-NOLATRADES-0095,SmartCiti.X : New Orleans Trades,Safe ground: digging in a city below the sea,SG-45,11–12,Lead,Safe Ground Steward,The competent person,One named person inspects the trench each shift and after every rain — what that duty covers and why it cannot be shared. — at 11–12,"Write the checklist a trench inspection must walk through after a Louisiana thunderstorm, and defend each line."
CX-NOLATRADES-0096,SmartCiti.X : New Orleans Trades,Safe ground: digging in a city below the sea,SG-46,K–2,Explorer,Safe Ground Steward,Backfill and the street you leave,"Compaction in lifts, restoring the surface, and why a shortcut under the pavement becomes everyone's pothole. — at K–2","Find one patched utility cut in a real street, judge how the patch is holding, and explain what was done well or poorly."
CX-NOLATRADES-0097,SmartCiti.X : New Orleans Trades,Safe ground: digging in a city below the sea,SG-47,3–5,Explorer,Safe Ground Steward,Backfill and the street you leave,"Compaction in lifts, restoring the surface, and why a shortcut under the pavement becomes everyone's pothole. — at 3–5","Find one patched utility cut in a real street, judge how the patch is holding, and explain what was done well or poorly."
CX-NOLATRADES-0098,SmartCiti.X : New Orleans Trades,Safe ground: digging in a city below the sea,SG-48,6–8,Builder,Safe Ground Steward,Backfill and the street you leave,"Compaction in lifts, restoring the surface, and why a shortcut under the pavement becomes everyone's pothole. — at 6–8","Find one patched utility cut in a real street, judge how the patch is holding, and explain what was done well or poorly."
CX-NOLATRADES-0099,SmartCiti.X : New Orleans Trades,Safe ground: digging in a city below the sea,SG-49,9–10,Practitioner,Safe Ground Steward,Backfill and the street you leave,"Compaction in lifts, restoring the surface, and why a shortcut under the pavement becomes everyone's pothole. — at 9–10","Find one patched utility cut in a real street, judge how the patch is holding, and explain what was done well or poorly."
CX-NOLATRADES-0100,SmartCiti.X : New Orleans Trades,Safe ground: digging in a city below the sea,SG-50,11–12,Lead,Safe Ground Steward,Backfill and the street you leave,"Compaction in lifts, restoring the surface, and why a shortcut under the pavement becomes everyone's pothole. — at 11–12","Find one patched utility cut in a real street, judge how the patch is holding, and explain what was done well or poorly."
CX-NOLATRADES-0101,SmartCiti.X : New Orleans Trades,"Water in, water out: pumps, canals and the storm",WW-1,K–2,Explorer,Drainage & Storm Crew,A bowl between levee and lake,"The city's shape — below sea level, ringed by levees, drained by machines — and why every drop of rain must be lifted out. — at K–2","On a real elevation map, find your own ground height relative to the river and the lake, and state where your rain goes."
CX-NOLATRADES-0102,SmartCiti.X : New Orleans Trades,"Water in, water out: pumps, canals and the storm",WW-2,3–5,Explorer,Drainage & Storm Crew,A bowl between levee and lake,"The city's shape — below sea level, ringed by levees, drained by machines — and why every drop of rain must be lifted out. — at 3–5","On a real elevation map, find your own ground height relative to the river and the lake, and state where your rain goes."
CX-NOLATRADES-0103,SmartCiti.X : New Orleans Trades,"Water in, water out: pumps, canals and the storm",WW-3,6–8,Builder,Drainage & Storm Crew,A bowl between levee and lake,"The city's shape — below sea level, ringed by levees, drained by machines — and why every drop of rain must be lifted out. — at 6–8","On a real elevation map, find your own ground height relative to the river and the lake, and state where your rain goes."
CX-NOLATRADES-0104,SmartCiti.X : New Orleans Trades,"Water in, water out: pumps, canals and the storm",WW-4,9–10,Practitioner,Drainage & Storm Crew,A bowl between levee and lake,"The city's shape — below sea level, ringed by levees, drained by machines — and why every drop of rain must be lifted out. — at 9–10","On a real elevation map, find your own ground height relative to the river and the lake, and state where your rain goes."
CX-NOLATRADES-0105,SmartCiti.X : New Orleans Trades,"Water in, water out: pumps, canals and the storm",WW-5,11–12,Lead,Drainage & Storm Crew,A bowl between levee and lake,"The city's shape — below sea level, ringed by levees, drained by machines — and why every drop of rain must be lifted out. — at 11–12","On a real elevation map, find your own ground height relative to the river and the lake, and state where your rain goes."
CX-NOLATRADES-0106,SmartCiti.X : New Orleans Trades,"Water in, water out: pumps, canals and the storm",WW-6,K–2,Explorer,Drainage & Storm Crew,The pump stations,"The drainage pump stations and their giant screws — machinery a century old still working every storm, and the crews who run it. — at K–2",Locate the drainage pump station nearest your parish on a public map and report what area it drains and where the water lands.
CX-NOLATRADES-0107,SmartCiti.X : New Orleans Trades,"Water in, water out: pumps, canals and the storm",WW-7,3–5,Explorer,Drainage & Storm Crew,The pump stations,"The drainage pump stations and their giant screws — machinery a century old still working every storm, and the crews who run it. — at 3–5",Locate the drainage pump station nearest your parish on a public map and report what area it drains and where the water lands.
CX-NOLATRADES-0108,SmartCiti.X : New Orleans Trades,"Water in, water out: pumps, canals and the storm",WW-8,6–8,Builder,Drainage & Storm Crew,The pump stations,"The drainage pump stations and their giant screws — machinery a century old still working every storm, and the crews who run it. — at 6–8",Locate the drainage pump station nearest your parish on a public map and report what area it drains and where the water lands.
CX-NOLATRADES-0109,SmartCiti.X : New Orleans Trades,"Water in, water out: pumps, canals and the storm",WW-9,9–10,Practitioner,Drainage & Storm Crew,The pump stations,"The drainage pump stations and their giant screws — machinery a century old still working every storm, and the crews who run it. — at 9–10",Locate the drainage pump station nearest your parish on a public map and report what area it drains and where the water lands.
CX-NOLATRADES-0110,SmartCiti.X : New Orleans Trades,"Water in, water out: pumps, canals and the storm",WW-10,11–12,Lead,Drainage & Storm Crew,The pump stations,"The drainage pump stations and their giant screws — machinery a century old still working every storm, and the crews who run it. — at 11–12",Locate the drainage pump station nearest your parish on a public map and report what area it drains and where the water lands.
CX-NOLATRADES-0111,SmartCiti.X : New Orleans Trades,"Water in, water out: pumps, canals and the storm",WW-11,K–2,Explorer,Drainage & Storm Crew,The catch basin on your corner,"The street's first drain — where it leads, why leaves defeat it, and what a blocked basin does to the block above it. — at K–2","Find the nearest storm drain, inspect it from above without entering the street, and report whether it is clear and where its water goes."
CX-NOLATRADES-0112,SmartCiti.X : New Orleans Trades,"Water in, water out: pumps, canals and the storm",WW-12,3–5,Explorer,Drainage & Storm Crew,The catch basin on your corner,"The street's first drain — where it leads, why leaves defeat it, and what a blocked basin does to the block above it. — at 3–5","Find the nearest storm drain, inspect it from above without entering the street, and report whether it is clear and where its water goes."
CX-NOLATRADES-0113,SmartCiti.X : New Orleans Trades,"Water in, water out: pumps, canals and the storm",WW-13,6–8,Builder,Drainage & Storm Crew,The catch basin on your corner,"The street's first drain — where it leads, why leaves defeat it, and what a blocked basin does to the block above it. — at 6–8","Find the nearest storm drain, inspect it from above without entering the street, and report whether it is clear and where its water goes."
CX-NOLATRADES-0114,SmartCiti.X : New Orleans Trades,"Water in, water out: pumps, canals and the storm",WW-14,9–10,Practitioner,Drainage & Storm Crew,The catch basin on your corner,"The street's first drain — where it leads, why leaves defeat it, and what a blocked basin does to the block above it. — at 9–10","Find the nearest storm drain, inspect it from above without entering the street, and report whether it is clear and where its water goes."
CX-NOLATRADES-0115,SmartCiti.X : New Orleans Trades,"Water in, water out: pumps, canals and the storm",WW-15,11–12,Lead,Drainage & Storm Crew,The catch basin on your corner,"The street's first drain — where it leads, why leaves defeat it, and what a blocked basin does to the block above it. — at 11–12","Find the nearest storm drain, inspect it from above without entering the street, and report whether it is clear and where its water goes."
CX-NOLATRADES-0116,SmartCiti.X : New Orleans Trades,"Water in, water out: pumps, canals and the storm",WW-16,K–2,Explorer,Drainage & Storm Crew,Canals seen and unseen,Outfall canals in the open air and culverts under the neutral ground — the hidden second city that carries the water away. — at K–2,"Trace, on a map, the path a storm's water takes from your street to open water, naming each canal or culvert it uses."
CX-NOLATRADES-0117,SmartCiti.X : New Orleans Trades,"Water in, water out: pumps, canals and the storm",WW-17,3–5,Explorer,Drainage & Storm Crew,Canals seen and unseen,Outfall canals in the open air and culverts under the neutral ground — the hidden second city that carries the water away. — at 3–5,"Trace, on a map, the path a storm's water takes from your street to open water, naming each canal or culvert it uses."
CX-NOLATRADES-0118,SmartCiti.X : New Orleans Trades,"Water in, water out: pumps, canals and the storm",WW-18,6–8,Builder,Drainage & Storm Crew,Canals seen and unseen,Outfall canals in the open air and culverts under the neutral ground — the hidden second city that carries the water away. — at 6–8,"Trace, on a map, the path a storm's water takes from your street to open water, naming each canal or culvert it uses."
CX-NOLATRADES-0119,SmartCiti.X : New Orleans Trades,"Water in, water out: pumps, canals and the storm",WW-19,9–10,Practitioner,Drainage & Storm Crew,Canals seen and unseen,Outfall canals in the open air and culverts under the neutral ground — the hidden second city that carries the water away. — at 9–10,"Trace, on a map, the path a storm's water takes from your street to open water, naming each canal or culvert it uses."
CX-NOLATRADES-0120,SmartCiti.X : New Orleans Trades,"Water in, water out: pumps, canals and the storm",WW-20,11–12,Lead,Drainage & Storm Crew,Canals seen and unseen,Outfall canals in the open air and culverts under the neutral ground — the hidden second city that carries the water away. — at 11–12,"Trace, on a map, the path a storm's water takes from your street to open water, naming each canal or culvert it uses."
CX-NOLATRADES-0121,SmartCiti.X : New Orleans Trades,"Water in, water out: pumps, canals and the storm",WW-21,K–2,Explorer,Drainage & Storm Crew,The storm's schedule,"Hurricane season's rhythm, watch against warning, and the days-before timeline on which real preparation runs. — at K–2","Build a 72-hour countdown checklist for your own household from the public parish guidance, and post it where it can be read."
CX-NOLATRADES-0122,SmartCiti.X : New Orleans Trades,"Water in, water out: pumps, canals and the storm",WW-22,3–5,Explorer,Drainage & Storm Crew,The storm's schedule,"Hurricane season's rhythm, watch against warning, and the days-before timeline on which real preparation runs. — at 3–5","Build a 72-hour countdown checklist for your own household from the public parish guidance, and post it where it can be read."
CX-NOLATRADES-0123,SmartCiti.X : New Orleans Trades,"Water in, water out: pumps, canals and the storm",WW-23,6–8,Builder,Drainage & Storm Crew,The storm's schedule,"Hurricane season's rhythm, watch against warning, and the days-before timeline on which real preparation runs. — at 6–8","Build a 72-hour countdown checklist for your own household from the public parish guidance, and post it where it can be read."
CX-NOLATRADES-0124,SmartCiti.X : New Orleans Trades,"Water in, water out: pumps, canals and the storm",WW-24,9–10,Practitioner,Drainage & Storm Crew,The storm's schedule,"Hurricane season's rhythm, watch against warning, and the days-before timeline on which real preparation runs. — at 9–10","Build a 72-hour countdown checklist for your own household from the public parish guidance, and post it where it can be read."
CX-NOLATRADES-0125,SmartCiti.X : New Orleans Trades,"Water in, water out: pumps, canals and the storm",WW-25,11–12,Lead,Drainage & Storm Crew,The storm's schedule,"Hurricane season's rhythm, watch against warning, and the days-before timeline on which real preparation runs. — at 11–12","Build a 72-hour countdown checklist for your own household from the public parish guidance, and post it where it can be read."
CX-NOLATRADES-0126,SmartCiti.X : New Orleans Trades,"Water in, water out: pumps, canals and the storm",WW-26,K–2,Explorer,Drainage & Storm Crew,"Secure the machine, then leave","How crews prepare equipment for a storm they will not stay to watch — fuel, elevation, tie-down, records — and why people leave on time. — at K–2","Write the shutdown-and-secure list for one real machine you have access to — a mower, a generator, a vehicle — before a named storm."
CX-NOLATRADES-0127,SmartCiti.X : New Orleans Trades,"Water in, water out: pumps, canals and the storm",WW-27,3–5,Explorer,Drainage & Storm Crew,"Secure the machine, then leave","How crews prepare equipment for a storm they will not stay to watch — fuel, elevation, tie-down, records — and why people leave on time. — at 3–5","Write the shutdown-and-secure list for one real machine you have access to — a mower, a generator, a vehicle — before a named storm."
CX-NOLATRADES-0128,SmartCiti.X : New Orleans Trades,"Water in, water out: pumps, canals and the storm",WW-28,6–8,Builder,Drainage & Storm Crew,"Secure the machine, then leave","How crews prepare equipment for a storm they will not stay to watch — fuel, elevation, tie-down, records — and why people leave on time. — at 6–8","Write the shutdown-and-secure list for one real machine you have access to — a mower, a generator, a vehicle — before a named storm."
CX-NOLATRADES-0129,SmartCiti.X : New Orleans Trades,"Water in, water out: pumps, canals and the storm",WW-29,9–10,Practitioner,Drainage & Storm Crew,"Secure the machine, then leave","How crews prepare equipment for a storm they will not stay to watch — fuel, elevation, tie-down, records — and why people leave on time. — at 9–10","Write the shutdown-and-secure list for one real machine you have access to — a mower, a generator, a vehicle — before a named storm."
CX-NOLATRADES-0130,SmartCiti.X : New Orleans Trades,"Water in, water out: pumps, canals and the storm",WW-30,11–12,Lead,Drainage & Storm Crew,"Secure the machine, then leave","How crews prepare equipment for a storm they will not stay to watch — fuel, elevation, tie-down, records — and why people leave on time. — at 11–12","Write the shutdown-and-secure list for one real machine you have access to — a mower, a generator, a vehicle — before a named storm."
CX-NOLATRADES-0131,SmartCiti.X : New Orleans Trades,"Water in, water out: pumps, canals and the storm",WW-31,K–2,Explorer,Drainage & Storm Crew,After the wind: reading a damaged site,"Walking a site after a storm — what to photograph, what to report, and the one rule that never bends: a downed line is untouchable. — at K–2","From photographs of storm damage, list the hazards in the order a crew must treat them, putting any wire first."
CX-NOLATRADES-0132,SmartCiti.X : New Orleans Trades,"Water in, water out: pumps, canals and the storm",WW-32,3–5,Explorer,Drainage & Storm Crew,After the wind: reading a damaged site,"Walking a site after a storm — what to photograph, what to report, and the one rule that never bends: a downed line is untouchable. — at 3–5","From photographs of storm damage, list the hazards in the order a crew must treat them, putting any wire first."
CX-NOLATRADES-0133,SmartCiti.X : New Orleans Trades,"Water in, water out: pumps, canals and the storm",WW-33,6–8,Builder,Drainage & Storm Crew,After the wind: reading a damaged site,"Walking a site after a storm — what to photograph, what to report, and the one rule that never bends: a downed line is untouchable. — at 6–8","From photographs of storm damage, list the hazards in the order a crew must treat them, putting any wire first."
CX-NOLATRADES-0134,SmartCiti.X : New Orleans Trades,"Water in, water out: pumps, canals and the storm",WW-34,9–10,Practitioner,Drainage & Storm Crew,After the wind: reading a damaged site,"Walking a site after a storm — what to photograph, what to report, and the one rule that never bends: a downed line is untouchable. — at 9–10","From photographs of storm damage, list the hazards in the order a crew must treat them, putting any wire first."
CX-NOLATRADES-0135,SmartCiti.X : New Orleans Trades,"Water in, water out: pumps, canals and the storm",WW-35,11–12,Lead,Drainage & Storm Crew,After the wind: reading a damaged site,"Walking a site after a storm — what to photograph, what to report, and the one rule that never bends: a downed line is untouchable. — at 11–12","From photographs of storm damage, list the hazards in the order a crew must treat them, putting any wire first."
CX-NOLATRADES-0136,SmartCiti.X : New Orleans Trades,"Water in, water out: pumps, canals and the storm",WW-36,K–2,Explorer,Drainage & Storm Crew,"Mould, muck and the gut-out","Flood recovery labour — what wet walls become, the protective gear the work demands, and why speed matters in the first week. — at K–2",List the protective equipment a gut-out crew wears and match each item to the specific hazard it answers.
CX-NOLATRADES-0137,SmartCiti.X : New Orleans Trades,"Water in, water out: pumps, canals and the storm",WW-37,3–5,Explorer,Drainage & Storm Crew,"Mould, muck and the gut-out","Flood recovery labour — what wet walls become, the protective gear the work demands, and why speed matters in the first week. — at 3–5",List the protective equipment a gut-out crew wears and match each item to the specific hazard it answers.
CX-NOLATRADES-0138,SmartCiti.X : New Orleans Trades,"Water in, water out: pumps, canals and the storm",WW-38,6–8,Builder,Drainage & Storm Crew,"Mould, muck and the gut-out","Flood recovery labour — what wet walls become, the protective gear the work demands, and why speed matters in the first week. — at 6–8",List the protective equipment a gut-out crew wears and match each item to the specific hazard it answers.
CX-NOLATRADES-0139,SmartCiti.X : New Orleans Trades,"Water in, water out: pumps, canals and the storm",WW-39,9–10,Practitioner,Drainage & Storm Crew,"Mould, muck and the gut-out","Flood recovery labour — what wet walls become, the protective gear the work demands, and why speed matters in the first week. — at 9–10",List the protective equipment a gut-out crew wears and match each item to the specific hazard it answers.
CX-NOLATRADES-0140,SmartCiti.X : New Orleans Trades,"Water in, water out: pumps, canals and the storm",WW-40,11–12,Lead,Drainage & Storm Crew,"Mould, muck and the gut-out","Flood recovery labour — what wet walls become, the protective gear the work demands, and why speed matters in the first week. — at 11–12",List the protective equipment a gut-out crew wears and match each item to the specific hazard it answers.
CX-NOLATRADES-0141,SmartCiti.X : New Orleans Trades,"Water in, water out: pumps, canals and the storm",WW-41,K–2,Explorer,Drainage & Storm Crew,The generator's place,"Temporary power after a storm — and the placement rule that decides between help and tragedy: outdoors, away from windows, always. — at K–2","Find a real generator's rating plate, in person or in its manual, and mark on a sketch of your home the one safe place it could run."
CX-NOLATRADES-0142,SmartCiti.X : New Orleans Trades,"Water in, water out: pumps, canals and the storm",WW-42,3–5,Explorer,Drainage & Storm Crew,The generator's place,"Temporary power after a storm — and the placement rule that decides between help and tragedy: outdoors, away from windows, always. — at 3–5","Find a real generator's rating plate, in person or in its manual, and mark on a sketch of your home the one safe place it could run."
CX-NOLATRADES-0143,SmartCiti.X : New Orleans Trades,"Water in, water out: pumps, canals and the storm",WW-43,6–8,Builder,Drainage & Storm Crew,The generator's place,"Temporary power after a storm — and the placement rule that decides between help and tragedy: outdoors, away from windows, always. — at 6–8","Find a real generator's rating plate, in person or in its manual, and mark on a sketch of your home the one safe place it could run."
CX-NOLATRADES-0144,SmartCiti.X : New Orleans Trades,"Water in, water out: pumps, canals and the storm",WW-44,9–10,Practitioner,Drainage & Storm Crew,The generator's place,"Temporary power after a storm — and the placement rule that decides between help and tragedy: outdoors, away from windows, always. — at 9–10","Find a real generator's rating plate, in person or in its manual, and mark on a sketch of your home the one safe place it could run."
CX-NOLATRADES-0145,SmartCiti.X : New Orleans Trades,"Water in, water out: pumps, canals and the storm",WW-45,11–12,Lead,Drainage & Storm Crew,The generator's place,"Temporary power after a storm — and the placement rule that decides between help and tragedy: outdoors, away from windows, always. — at 11–12","Find a real generator's rating plate, in person or in its manual, and mark on a sketch of your home the one safe place it could run."
CX-NOLATRADES-0146,SmartCiti.X : New Orleans Trades,"Water in, water out: pumps, canals and the storm",WW-46,K–2,Explorer,Drainage & Storm Crew,Rebuild higher,"Base flood elevation, elevation certificates, and why the rebuilt house stands on piers its neighbour lacks. — at K–2",Look up whether your address sits in a mapped flood zone and report the base flood elevation the maps assign it.
CX-NOLATRADES-0147,SmartCiti.X : New Orleans Trades,"Water in, water out: pumps, canals and the storm",WW-47,3–5,Explorer,Drainage & Storm Crew,Rebuild higher,"Base flood elevation, elevation certificates, and why the rebuilt house stands on piers its neighbour lacks. — at 3–5",Look up whether your address sits in a mapped flood zone and report the base flood elevation the maps assign it.
CX-NOLATRADES-0148,SmartCiti.X : New Orleans Trades,"Water in, water out: pumps, canals and the storm",WW-48,6–8,Builder,Drainage & Storm Crew,Rebuild higher,"Base flood elevation, elevation certificates, and why the rebuilt house stands on piers its neighbour lacks. — at 6–8",Look up whether your address sits in a mapped flood zone and report the base flood elevation the maps assign it.
CX-NOLATRADES-0149,SmartCiti.X : New Orleans Trades,"Water in, water out: pumps, canals and the storm",WW-49,9–10,Practitioner,Drainage & Storm Crew,Rebuild higher,"Base flood elevation, elevation certificates, and why the rebuilt house stands on piers its neighbour lacks. — at 9–10",Look up whether your address sits in a mapped flood zone and report the base flood elevation the maps assign it.
CX-NOLATRADES-0150,SmartCiti.X : New Orleans Trades,"Water in, water out: pumps, canals and the storm",WW-50,11–12,Lead,Drainage & Storm Crew,Rebuild higher,"Base flood elevation, elevation certificates, and why the rebuilt house stands on piers its neighbour lacks. — at 11–12",Look up whether your address sits in a mapped flood zone and report the base flood elevation the maps assign it.
CX-NOLATRADES-0151,SmartCiti.X : New Orleans Trades,Power back on: the grid after the wind,PB-1,K–2,Explorer,Restoration Ready,The grid you can see from the street,"Poles, transformers, service drops and the meter — the last mile of the grid, readable from your own kerb. — at K–2","From the ground and eyes only, sketch the path power takes from the nearest pole to your meter, naming each piece."
CX-NOLATRADES-0152,SmartCiti.X : New Orleans Trades,Power back on: the grid after the wind,PB-2,3–5,Explorer,Restoration Ready,The grid you can see from the street,"Poles, transformers, service drops and the meter — the last mile of the grid, readable from your own kerb. — at 3–5","From the ground and eyes only, sketch the path power takes from the nearest pole to your meter, naming each piece."
CX-NOLATRADES-0153,SmartCiti.X : New Orleans Trades,Power back on: the grid after the wind,PB-3,6–8,Builder,Restoration Ready,The grid you can see from the street,"Poles, transformers, service drops and the meter — the last mile of the grid, readable from your own kerb. — at 6–8","From the ground and eyes only, sketch the path power takes from the nearest pole to your meter, naming each piece."
CX-NOLATRADES-0154,SmartCiti.X : New Orleans Trades,Power back on: the grid after the wind,PB-4,9–10,Practitioner,Restoration Ready,The grid you can see from the street,"Poles, transformers, service drops and the meter — the last mile of the grid, readable from your own kerb. — at 9–10","From the ground and eyes only, sketch the path power takes from the nearest pole to your meter, naming each piece."
CX-NOLATRADES-0155,SmartCiti.X : New Orleans Trades,Power back on: the grid after the wind,PB-5,11–12,Lead,Restoration Ready,The grid you can see from the street,"Poles, transformers, service drops and the meter — the last mile of the grid, readable from your own kerb. — at 11–12","From the ground and eyes only, sketch the path power takes from the nearest pole to your meter, naming each piece."
CX-NOLATRADES-0156,SmartCiti.X : New Orleans Trades,Power back on: the grid after the wind,PB-6,K–2,Explorer,Restoration Ready,Why the lights go out in Louisiana,"Wind, water and trees against wires — what actually breaks in a storm, and why the same corners go dark first. — at K–2","After any outage in your parish, find the utility's public cause statement and restate it in one plain sentence."
CX-NOLATRADES-0157,SmartCiti.X : New Orleans Trades,Power back on: the grid after the wind,PB-7,3–5,Explorer,Restoration Ready,Why the lights go out in Louisiana,"Wind, water and trees against wires — what actually breaks in a storm, and why the same corners go dark first. — at 3–5","After any outage in your parish, find the utility's public cause statement and restate it in one plain sentence."
CX-NOLATRADES-0158,SmartCiti.X : New Orleans Trades,Power back on: the grid after the wind,PB-8,6–8,Builder,Restoration Ready,Why the lights go out in Louisiana,"Wind, water and trees against wires — what actually breaks in a storm, and why the same corners go dark first. — at 6–8","After any outage in your parish, find the utility's public cause statement and restate it in one plain sentence."
CX-NOLATRADES-0159,SmartCiti.X : New Orleans Trades,Power back on: the grid after the wind,PB-9,9–10,Practitioner,Restoration Ready,Why the lights go out in Louisiana,"Wind, water and trees against wires — what actually breaks in a storm, and why the same corners go dark first. — at 9–10","After any outage in your parish, find the utility's public cause statement and restate it in one plain sentence."
CX-NOLATRADES-0160,SmartCiti.X : New Orleans Trades,Power back on: the grid after the wind,PB-10,11–12,Lead,Restoration Ready,Why the lights go out in Louisiana,"Wind, water and trees against wires — what actually breaks in a storm, and why the same corners go dark first. — at 11–12","After any outage in your parish, find the utility's public cause statement and restate it in one plain sentence."
CX-NOLATRADES-0161,SmartCiti.X : New Orleans Trades,Power back on: the grid after the wind,PB-11,K–2,Explorer,Restoration Ready,The line crew's ladder of safety,"De-energize, test, ground — the fixed order a crew works through before touching anything, and why the order never varies. — at K–2","Explain the three steps and their order to someone else, and have them tell you what goes wrong if step two is skipped."
CX-NOLATRADES-0162,SmartCiti.X : New Orleans Trades,Power back on: the grid after the wind,PB-12,3–5,Explorer,Restoration Ready,The line crew's ladder of safety,"De-energize, test, ground — the fixed order a crew works through before touching anything, and why the order never varies. — at 3–5","Explain the three steps and their order to someone else, and have them tell you what goes wrong if step two is skipped."
CX-NOLATRADES-0163,SmartCiti.X : New Orleans Trades,Power back on: the grid after the wind,PB-13,6–8,Builder,Restoration Ready,The line crew's ladder of safety,"De-energize, test, ground — the fixed order a crew works through before touching anything, and why the order never varies. — at 6–8","Explain the three steps and their order to someone else, and have them tell you what goes wrong if step two is skipped."
CX-NOLATRADES-0164,SmartCiti.X : New Orleans Trades,Power back on: the grid after the wind,PB-14,9–10,Practitioner,Restoration Ready,The line crew's ladder of safety,"De-energize, test, ground — the fixed order a crew works through before touching anything, and why the order never varies. — at 9–10","Explain the three steps and their order to someone else, and have them tell you what goes wrong if step two is skipped."
CX-NOLATRADES-0165,SmartCiti.X : New Orleans Trades,Power back on: the grid after the wind,PB-15,11–12,Lead,Restoration Ready,The line crew's ladder of safety,"De-energize, test, ground — the fixed order a crew works through before touching anything, and why the order never varies. — at 11–12","Explain the three steps and their order to someone else, and have them tell you what goes wrong if step two is skipped."
CX-NOLATRADES-0166,SmartCiti.X : New Orleans Trades,Power back on: the grid after the wind,PB-16,K–2,Explorer,Restoration Ready,Downed line discipline,Every downed wire is live until the utility says otherwise — the distance rule and the shuffle-step exit that keep bystanders alive. — at K–2,"Teach a family member the keep-back rule and the feet-together shuffle exit, and have them repeat both back correctly."
CX-NOLATRADES-0167,SmartCiti.X : New Orleans Trades,Power back on: the grid after the wind,PB-17,3–5,Explorer,Restoration Ready,Downed line discipline,Every downed wire is live until the utility says otherwise — the distance rule and the shuffle-step exit that keep bystanders alive. — at 3–5,"Teach a family member the keep-back rule and the feet-together shuffle exit, and have them repeat both back correctly."
CX-NOLATRADES-0168,SmartCiti.X : New Orleans Trades,Power back on: the grid after the wind,PB-18,6–8,Builder,Restoration Ready,Downed line discipline,Every downed wire is live until the utility says otherwise — the distance rule and the shuffle-step exit that keep bystanders alive. — at 6–8,"Teach a family member the keep-back rule and the feet-together shuffle exit, and have them repeat both back correctly."
CX-NOLATRADES-0169,SmartCiti.X : New Orleans Trades,Power back on: the grid after the wind,PB-19,9–10,Practitioner,Restoration Ready,Downed line discipline,Every downed wire is live until the utility says otherwise — the distance rule and the shuffle-step exit that keep bystanders alive. — at 9–10,"Teach a family member the keep-back rule and the feet-together shuffle exit, and have them repeat both back correctly."
CX-NOLATRADES-0170,SmartCiti.X : New Orleans Trades,Power back on: the grid after the wind,PB-20,11–12,Lead,Restoration Ready,Downed line discipline,Every downed wire is live until the utility says otherwise — the distance rule and the shuffle-step exit that keep bystanders alive. — at 11–12,"Teach a family member the keep-back rule and the feet-together shuffle exit, and have them repeat both back correctly."
CX-NOLATRADES-0171,SmartCiti.X : New Orleans Trades,Power back on: the grid after the wind,PB-21,K–2,Explorer,Restoration Ready,The order of restoration,"Hospitals and pump stations first, the biggest lines before the smallest — why restoration is a triage and your block may wait. — at K–2",Rank six fictional outage sites in restoration order and defend the ranking the way a utility would.
CX-NOLATRADES-0172,SmartCiti.X : New Orleans Trades,Power back on: the grid after the wind,PB-22,3–5,Explorer,Restoration Ready,The order of restoration,"Hospitals and pump stations first, the biggest lines before the smallest — why restoration is a triage and your block may wait. — at 3–5",Rank six fictional outage sites in restoration order and defend the ranking the way a utility would.
CX-NOLATRADES-0173,SmartCiti.X : New Orleans Trades,Power back on: the grid after the wind,PB-23,6–8,Builder,Restoration Ready,The order of restoration,"Hospitals and pump stations first, the biggest lines before the smallest — why restoration is a triage and your block may wait. — at 6–8",Rank six fictional outage sites in restoration order and defend the ranking the way a utility would.
CX-NOLATRADES-0174,SmartCiti.X : New Orleans Trades,Power back on: the grid after the wind,PB-24,9–10,Practitioner,Restoration Ready,The order of restoration,"Hospitals and pump stations first, the biggest lines before the smallest — why restoration is a triage and your block may wait. — at 9–10",Rank six fictional outage sites in restoration order and defend the ranking the way a utility would.
CX-NOLATRADES-0175,SmartCiti.X : New Orleans Trades,Power back on: the grid after the wind,PB-25,11–12,Lead,Restoration Ready,The order of restoration,"Hospitals and pump stations first, the biggest lines before the smallest — why restoration is a triage and your block may wait. — at 11–12",Rank six fictional outage sites in restoration order and defend the ranking the way a utility would.
CX-NOLATRADES-0176,SmartCiti.X : New Orleans Trades,Power back on: the grid after the wind,PB-26,K–2,Explorer,Restoration Ready,Mutual aid: crews from far away,"The convoys after a hurricane — how utilities lend crews across states, and what it takes to work a grid you have never seen. — at K–2",Find one news account of mutual-aid crews working a Louisiana storm and report where they came from and what they restored.
CX-NOLATRADES-0177,SmartCiti.X : New Orleans Trades,Power back on: the grid after the wind,PB-27,3–5,Explorer,Restoration Ready,Mutual aid: crews from far away,"The convoys after a hurricane — how utilities lend crews across states, and what it takes to work a grid you have never seen. — at 3–5",Find one news account of mutual-aid crews working a Louisiana storm and report where they came from and what they restored.
CX-NOLATRADES-0178,SmartCiti.X : New Orleans Trades,Power back on: the grid after the wind,PB-28,6–8,Builder,Restoration Ready,Mutual aid: crews from far away,"The convoys after a hurricane — how utilities lend crews across states, and what it takes to work a grid you have never seen. — at 6–8",Find one news account of mutual-aid crews working a Louisiana storm and report where they came from and what they restored.
CX-NOLATRADES-0179,SmartCiti.X : New Orleans Trades,Power back on: the grid after the wind,PB-29,9–10,Practitioner,Restoration Ready,Mutual aid: crews from far away,"The convoys after a hurricane — how utilities lend crews across states, and what it takes to work a grid you have never seen. — at 9–10",Find one news account of mutual-aid crews working a Louisiana storm and report where they came from and what they restored.
CX-NOLATRADES-0180,SmartCiti.X : New Orleans Trades,Power back on: the grid after the wind,PB-30,11–12,Lead,Restoration Ready,Mutual aid: crews from far away,"The convoys after a hurricane — how utilities lend crews across states, and what it takes to work a grid you have never seen. — at 11–12",Find one news account of mutual-aid crews working a Louisiana storm and report where they came from and what they restored.
CX-NOLATRADES-0181,SmartCiti.X : New Orleans Trades,Power back on: the grid after the wind,PB-31,K–2,Explorer,Restoration Ready,The meter and what it meters,"Reading your own meter — kilowatt-hours as a number you can watch, and what the reading says about the house behind it. — at K–2","Read your real meter twice, a day apart, and turn the difference into the cost of that day at your utility's rate."
CX-NOLATRADES-0182,SmartCiti.X : New Orleans Trades,Power back on: the grid after the wind,PB-32,3–5,Explorer,Restoration Ready,The meter and what it meters,"Reading your own meter — kilowatt-hours as a number you can watch, and what the reading says about the house behind it. — at 3–5","Read your real meter twice, a day apart, and turn the difference into the cost of that day at your utility's rate."
CX-NOLATRADES-0183,SmartCiti.X : New Orleans Trades,Power back on: the grid after the wind,PB-33,6–8,Builder,Restoration Ready,The meter and what it meters,"Reading your own meter — kilowatt-hours as a number you can watch, and what the reading says about the house behind it. — at 6–8","Read your real meter twice, a day apart, and turn the difference into the cost of that day at your utility's rate."
CX-NOLATRADES-0184,SmartCiti.X : New Orleans Trades,Power back on: the grid after the wind,PB-34,9–10,Practitioner,Restoration Ready,The meter and what it meters,"Reading your own meter — kilowatt-hours as a number you can watch, and what the reading says about the house behind it. — at 9–10","Read your real meter twice, a day apart, and turn the difference into the cost of that day at your utility's rate."
CX-NOLATRADES-0185,SmartCiti.X : New Orleans Trades,Power back on: the grid after the wind,PB-35,11–12,Lead,Restoration Ready,The meter and what it meters,"Reading your own meter — kilowatt-hours as a number you can watch, and what the reading says about the house behind it. — at 11–12","Read your real meter twice, a day apart, and turn the difference into the cost of that day at your utility's rate."
CX-NOLATRADES-0186,SmartCiti.X : New Orleans Trades,Power back on: the grid after the wind,PB-36,K–2,Explorer,Restoration Ready,"Solar, batteries and the island question",Why rooftop solar goes dark in an outage unless it can island — the safety reason lineworkers insist on it. — at K–2,"Explain to someone why a solar roof alone does not power the house in a blackout, and what equipment changes that."
CX-NOLATRADES-0187,SmartCiti.X : New Orleans Trades,Power back on: the grid after the wind,PB-37,3–5,Explorer,Restoration Ready,"Solar, batteries and the island question",Why rooftop solar goes dark in an outage unless it can island — the safety reason lineworkers insist on it. — at 3–5,"Explain to someone why a solar roof alone does not power the house in a blackout, and what equipment changes that."
CX-NOLATRADES-0188,SmartCiti.X : New Orleans Trades,Power back on: the grid after the wind,PB-38,6–8,Builder,Restoration Ready,"Solar, batteries and the island question",Why rooftop solar goes dark in an outage unless it can island — the safety reason lineworkers insist on it. — at 6–8,"Explain to someone why a solar roof alone does not power the house in a blackout, and what equipment changes that."
CX-NOLATRADES-0189,SmartCiti.X : New Orleans Trades,Power back on: the grid after the wind,PB-39,9–10,Practitioner,Restoration Ready,"Solar, batteries and the island question",Why rooftop solar goes dark in an outage unless it can island — the safety reason lineworkers insist on it. — at 9–10,"Explain to someone why a solar roof alone does not power the house in a blackout, and what equipment changes that."
CX-NOLATRADES-0190,SmartCiti.X : New Orleans Trades,Power back on: the grid after the wind,PB-40,11–12,Lead,Restoration Ready,"Solar, batteries and the island question",Why rooftop solar goes dark in an outage unless it can island — the safety reason lineworkers insist on it. — at 11–12,"Explain to someone why a solar roof alone does not power the house in a blackout, and what equipment changes that."
CX-NOLATRADES-0191,SmartCiti.X : New Orleans Trades,Power back on: the grid after the wind,PB-41,K–2,Explorer,Restoration Ready,Tools that keep you alive,"Insulated tools, tested gloves and cover-up — awareness of the equipment that stands between a lineworker and the voltage. — at K–2","From a supplier's real catalogue page, identify the voltage class printed on a lineworker's glove and what the date stamp means."
CX-NOLATRADES-0192,SmartCiti.X : New Orleans Trades,Power back on: the grid after the wind,PB-42,3–5,Explorer,Restoration Ready,Tools that keep you alive,"Insulated tools, tested gloves and cover-up — awareness of the equipment that stands between a lineworker and the voltage. — at 3–5","From a supplier's real catalogue page, identify the voltage class printed on a lineworker's glove and what the date stamp means."
CX-NOLATRADES-0193,SmartCiti.X : New Orleans Trades,Power back on: the grid after the wind,PB-43,6–8,Builder,Restoration Ready,Tools that keep you alive,"Insulated tools, tested gloves and cover-up — awareness of the equipment that stands between a lineworker and the voltage. — at 6–8","From a supplier's real catalogue page, identify the voltage class printed on a lineworker's glove and what the date stamp means."
CX-NOLATRADES-0194,SmartCiti.X : New Orleans Trades,Power back on: the grid after the wind,PB-44,9–10,Practitioner,Restoration Ready,Tools that keep you alive,"Insulated tools, tested gloves and cover-up — awareness of the equipment that stands between a lineworker and the voltage. — at 9–10","From a supplier's real catalogue page, identify the voltage class printed on a lineworker's glove and what the date stamp means."
CX-NOLATRADES-0195,SmartCiti.X : New Orleans Trades,Power back on: the grid after the wind,PB-45,11–12,Lead,Restoration Ready,Tools that keep you alive,"Insulated tools, tested gloves and cover-up — awareness of the equipment that stands between a lineworker and the voltage. — at 11–12","From a supplier's real catalogue page, identify the voltage class printed on a lineworker's glove and what the date stamp means."
CX-NOLATRADES-0196,SmartCiti.X : New Orleans Trades,Power back on: the grid after the wind,PB-46,K–2,Explorer,Restoration Ready,From apprentice to lineworker,"The pathway up the pole — apprenticeship years, climbing school, storm rotations — a career built one certified step at a time. — at K–2",Find one real lineworker apprenticeship serving Louisiana and write its entry requirements and its length.
CX-NOLATRADES-0197,SmartCiti.X : New Orleans Trades,Power back on: the grid after the wind,PB-47,3–5,Explorer,Restoration Ready,From apprentice to lineworker,"The pathway up the pole — apprenticeship years, climbing school, storm rotations — a career built one certified step at a time. — at 3–5",Find one real lineworker apprenticeship serving Louisiana and write its entry requirements and its length.
CX-NOLATRADES-0198,SmartCiti.X : New Orleans Trades,Power back on: the grid after the wind,PB-48,6–8,Builder,Restoration Ready,From apprentice to lineworker,"The pathway up the pole — apprenticeship years, climbing school, storm rotations — a career built one certified step at a time. — at 6–8",Find one real lineworker apprenticeship serving Louisiana and write its entry requirements and its length.
CX-NOLATRADES-0199,SmartCiti.X : New Orleans Trades,Power back on: the grid after the wind,PB-49,9–10,Practitioner,Restoration Ready,From apprentice to lineworker,"The pathway up the pole — apprenticeship years, climbing school, storm rotations — a career built one certified step at a time. — at 9–10",Find one real lineworker apprenticeship serving Louisiana and write its entry requirements and its length.
CX-NOLATRADES-0200,SmartCiti.X : New Orleans Trades,Power back on: the grid after the wind,PB-50,11–12,Lead,Restoration Ready,From apprentice to lineworker,"The pathway up the pole — apprenticeship years, climbing school, storm rotations — a career built one certified step at a time. — at 11–12",Find one real lineworker apprenticeship serving Louisiana and write its entry requirements and its length.
CX-NOLATRADES-0201,SmartCiti.X : New Orleans Trades,The craft pathway: from first tool to journey card,CP-1,K–2,Explorer,Craft Pathway Navigator,What a union hall is,"The hiring hall — dispatch lists, locals and the difference between looking for a job and being sent to one. — at K–2",Find one real trades local serving your parish and report what work it dispatches and how a new name gets on its list.
CX-NOLATRADES-0202,SmartCiti.X : New Orleans Trades,The craft pathway: from first tool to journey card,CP-2,3–5,Explorer,Craft Pathway Navigator,What a union hall is,"The hiring hall — dispatch lists, locals and the difference between looking for a job and being sent to one. — at 3–5",Find one real trades local serving your parish and report what work it dispatches and how a new name gets on its list.
CX-NOLATRADES-0203,SmartCiti.X : New Orleans Trades,The craft pathway: from first tool to journey card,CP-3,6–8,Builder,Craft Pathway Navigator,What a union hall is,"The hiring hall — dispatch lists, locals and the difference between looking for a job and being sent to one. — at 6–8",Find one real trades local serving your parish and report what work it dispatches and how a new name gets on its list.
CX-NOLATRADES-0204,SmartCiti.X : New Orleans Trades,The craft pathway: from first tool to journey card,CP-4,9–10,Practitioner,Craft Pathway Navigator,What a union hall is,"The hiring hall — dispatch lists, locals and the difference between looking for a job and being sent to one. — at 9–10",Find one real trades local serving your parish and report what work it dispatches and how a new name gets on its list.
CX-NOLATRADES-0205,SmartCiti.X : New Orleans Trades,The craft pathway: from first tool to journey card,CP-5,11–12,Lead,Craft Pathway Navigator,What a union hall is,"The hiring hall — dispatch lists, locals and the difference between looking for a job and being sent to one. — at 11–12",Find one real trades local serving your parish and report what work it dispatches and how a new name gets on its list.
CX-NOLATRADES-0206,SmartCiti.X : New Orleans Trades,The craft pathway: from first tool to journey card,CP-6,K–2,Explorer,Craft Pathway Navigator,Apprenticeship: earn while you learn,"Registered apprenticeship — paid hours on real work, classroom hours beside them, and a wage that steps up on schedule. — at K–2",Find one registered apprenticeship in Louisiana on the public registry and write down its entry requirements and starting wage.
CX-NOLATRADES-0207,SmartCiti.X : New Orleans Trades,The craft pathway: from first tool to journey card,CP-7,3–5,Explorer,Craft Pathway Navigator,Apprenticeship: earn while you learn,"Registered apprenticeship — paid hours on real work, classroom hours beside them, and a wage that steps up on schedule. — at 3–5",Find one registered apprenticeship in Louisiana on the public registry and write down its entry requirements and starting wage.
CX-NOLATRADES-0208,SmartCiti.X : New Orleans Trades,The craft pathway: from first tool to journey card,CP-8,6–8,Builder,Craft Pathway Navigator,Apprenticeship: earn while you learn,"Registered apprenticeship — paid hours on real work, classroom hours beside them, and a wage that steps up on schedule. — at 6–8",Find one registered apprenticeship in Louisiana on the public registry and write down its entry requirements and starting wage.
CX-NOLATRADES-0209,SmartCiti.X : New Orleans Trades,The craft pathway: from first tool to journey card,CP-9,9–10,Practitioner,Craft Pathway Navigator,Apprenticeship: earn while you learn,"Registered apprenticeship — paid hours on real work, classroom hours beside them, and a wage that steps up on schedule. — at 9–10",Find one registered apprenticeship in Louisiana on the public registry and write down its entry requirements and starting wage.
CX-NOLATRADES-0210,SmartCiti.X : New Orleans Trades,The craft pathway: from first tool to journey card,CP-10,11–12,Lead,Craft Pathway Navigator,Apprenticeship: earn while you learn,"Registered apprenticeship — paid hours on real work, classroom hours beside them, and a wage that steps up on schedule. — at 11–12",Find one registered apprenticeship in Louisiana on the public registry and write down its entry requirements and starting wage.
CX-NOLATRADES-0211,SmartCiti.X : New Orleans Trades,The craft pathway: from first tool to journey card,CP-11,K–2,Explorer,Craft Pathway Navigator,The journey card,What journey-level status certifies — verified hours and verified skill — and why the card travels wherever the craft is worked. — at K–2,Interview or read an account of one journeyworker and report what their card required and where it has taken them.
CX-NOLATRADES-0212,SmartCiti.X : New Orleans Trades,The craft pathway: from first tool to journey card,CP-12,3–5,Explorer,Craft Pathway Navigator,The journey card,What journey-level status certifies — verified hours and verified skill — and why the card travels wherever the craft is worked. — at 3–5,Interview or read an account of one journeyworker and report what their card required and where it has taken them.
CX-NOLATRADES-0213,SmartCiti.X : New Orleans Trades,The craft pathway: from first tool to journey card,CP-13,6–8,Builder,Craft Pathway Navigator,The journey card,What journey-level status certifies — verified hours and verified skill — and why the card travels wherever the craft is worked. — at 6–8,Interview or read an account of one journeyworker and report what their card required and where it has taken them.
CX-NOLATRADES-0214,SmartCiti.X : New Orleans Trades,The craft pathway: from first tool to journey card,CP-14,9–10,Practitioner,Craft Pathway Navigator,The journey card,What journey-level status certifies — verified hours and verified skill — and why the card travels wherever the craft is worked. — at 9–10,Interview or read an account of one journeyworker and report what their card required and where it has taken them.
CX-NOLATRADES-0215,SmartCiti.X : New Orleans Trades,The craft pathway: from first tool to journey card,CP-15,11–12,Lead,Craft Pathway Navigator,The journey card,What journey-level status certifies — verified hours and verified skill — and why the card travels wherever the craft is worked. — at 11–12,Interview or read an account of one journeyworker and report what their card required and where it has taken them.
CX-NOLATRADES-0216,SmartCiti.X : New Orleans Trades,The craft pathway: from first tool to journey card,CP-16,K–2,Explorer,Craft Pathway Navigator,Hours that count,"On-the-job hours and related instruction — the ledger an apprentice keeps, and why unlogged work is work that never happened. — at K–2","Keep a one-week log of your own practice at any skill, in apprentice form: date, hours, task, and who could verify it."
CX-NOLATRADES-0217,SmartCiti.X : New Orleans Trades,The craft pathway: from first tool to journey card,CP-17,3–5,Explorer,Craft Pathway Navigator,Hours that count,"On-the-job hours and related instruction — the ledger an apprentice keeps, and why unlogged work is work that never happened. — at 3–5","Keep a one-week log of your own practice at any skill, in apprentice form: date, hours, task, and who could verify it."
CX-NOLATRADES-0218,SmartCiti.X : New Orleans Trades,The craft pathway: from first tool to journey card,CP-18,6–8,Builder,Craft Pathway Navigator,Hours that count,"On-the-job hours and related instruction — the ledger an apprentice keeps, and why unlogged work is work that never happened. — at 6–8","Keep a one-week log of your own practice at any skill, in apprentice form: date, hours, task, and who could verify it."
CX-NOLATRADES-0219,SmartCiti.X : New Orleans Trades,The craft pathway: from first tool to journey card,CP-19,9–10,Practitioner,Craft Pathway Navigator,Hours that count,"On-the-job hours and related instruction — the ledger an apprentice keeps, and why unlogged work is work that never happened. — at 9–10","Keep a one-week log of your own practice at any skill, in apprentice form: date, hours, task, and who could verify it."
CX-NOLATRADES-0220,SmartCiti.X : New Orleans Trades,The craft pathway: from first tool to journey card,CP-20,11–12,Lead,Craft Pathway Navigator,Hours that count,"On-the-job hours and related instruction — the ledger an apprentice keeps, and why unlogged work is work that never happened. — at 11–12","Keep a one-week log of your own practice at any skill, in apprentice form: date, hours, task, and who could verify it."
CX-NOLATRADES-0221,SmartCiti.X : New Orleans Trades,The craft pathway: from first tool to journey card,CP-21,K–2,Explorer,Craft Pathway Navigator,The simulator and the seat,"What a training simulator honestly teaches — smooth inputs, swing management, ordered procedure — and the line it never crosses: no simulator hour counts as equipment certification. — at K–2","After any simulator or game that models real work, write two skills it truly built and two claims it could never certify, and say why."
CX-NOLATRADES-0222,SmartCiti.X : New Orleans Trades,The craft pathway: from first tool to journey card,CP-22,3–5,Explorer,Craft Pathway Navigator,The simulator and the seat,"What a training simulator honestly teaches — smooth inputs, swing management, ordered procedure — and the line it never crosses: no simulator hour counts as equipment certification. — at 3–5","After any simulator or game that models real work, write two skills it truly built and two claims it could never certify, and say why."
CX-NOLATRADES-0223,SmartCiti.X : New Orleans Trades,The craft pathway: from first tool to journey card,CP-23,6–8,Builder,Craft Pathway Navigator,The simulator and the seat,"What a training simulator honestly teaches — smooth inputs, swing management, ordered procedure — and the line it never crosses: no simulator hour counts as equipment certification. — at 6–8","After any simulator or game that models real work, write two skills it truly built and two claims it could never certify, and say why."
CX-NOLATRADES-0224,SmartCiti.X : New Orleans Trades,The craft pathway: from first tool to journey card,CP-24,9–10,Practitioner,Craft Pathway Navigator,The simulator and the seat,"What a training simulator honestly teaches — smooth inputs, swing management, ordered procedure — and the line it never crosses: no simulator hour counts as equipment certification. — at 9–10","After any simulator or game that models real work, write two skills it truly built and two claims it could never certify, and say why."
CX-NOLATRADES-0225,SmartCiti.X : New Orleans Trades,The craft pathway: from first tool to journey card,CP-25,11–12,Lead,Craft Pathway Navigator,The simulator and the seat,"What a training simulator honestly teaches — smooth inputs, swing management, ordered procedure — and the line it never crosses: no simulator hour counts as equipment certification. — at 11–12","After any simulator or game that models real work, write two skills it truly built and two claims it could never certify, and say why."
CX-NOLATRADES-0226,SmartCiti.X : New Orleans Trades,The craft pathway: from first tool to journey card,CP-26,K–2,Explorer,Craft Pathway Navigator,Credentials that travel,"OSHA cards, craft certifications and the port's TWIC — which papers real Louisiana postings ask for, by name. — at K–2","From one real Louisiana trades posting, list every credential it names and where each one is actually obtained."
CX-NOLATRADES-0227,SmartCiti.X : New Orleans Trades,The craft pathway: from first tool to journey card,CP-27,3–5,Explorer,Craft Pathway Navigator,Credentials that travel,"OSHA cards, craft certifications and the port's TWIC — which papers real Louisiana postings ask for, by name. — at 3–5","From one real Louisiana trades posting, list every credential it names and where each one is actually obtained."
CX-NOLATRADES-0228,SmartCiti.X : New Orleans Trades,The craft pathway: from first tool to journey card,CP-28,6–8,Builder,Craft Pathway Navigator,Credentials that travel,"OSHA cards, craft certifications and the port's TWIC — which papers real Louisiana postings ask for, by name. — at 6–8","From one real Louisiana trades posting, list every credential it names and where each one is actually obtained."
CX-NOLATRADES-0229,SmartCiti.X : New Orleans Trades,The craft pathway: from first tool to journey card,CP-29,9–10,Practitioner,Craft Pathway Navigator,Credentials that travel,"OSHA cards, craft certifications and the port's TWIC — which papers real Louisiana postings ask for, by name. — at 9–10","From one real Louisiana trades posting, list every credential it names and where each one is actually obtained."
CX-NOLATRADES-0230,SmartCiti.X : New Orleans Trades,The craft pathway: from first tool to journey card,CP-30,11–12,Lead,Craft Pathway Navigator,Credentials that travel,"OSHA cards, craft certifications and the port's TWIC — which papers real Louisiana postings ask for, by name. — at 11–12","From one real Louisiana trades posting, list every credential it names and where each one is actually obtained."
CX-NOLATRADES-0231,SmartCiti.X : New Orleans Trades,The craft pathway: from first tool to journey card,CP-31,K–2,Explorer,Craft Pathway Navigator,Tools of your own,"The starter toolbox — what a first-year actually needs, the care that makes tools last, and the inventory habit that keeps them. — at K–2","Inventory the real tools in your home, mark each one's condition, and restore one neglected tool to working order."
CX-NOLATRADES-0232,SmartCiti.X : New Orleans Trades,The craft pathway: from first tool to journey card,CP-32,3–5,Explorer,Craft Pathway Navigator,Tools of your own,"The starter toolbox — what a first-year actually needs, the care that makes tools last, and the inventory habit that keeps them. — at 3–5","Inventory the real tools in your home, mark each one's condition, and restore one neglected tool to working order."
CX-NOLATRADES-0233,SmartCiti.X : New Orleans Trades,The craft pathway: from first tool to journey card,CP-33,6–8,Builder,Craft Pathway Navigator,Tools of your own,"The starter toolbox — what a first-year actually needs, the care that makes tools last, and the inventory habit that keeps them. — at 6–8","Inventory the real tools in your home, mark each one's condition, and restore one neglected tool to working order."
CX-NOLATRADES-0234,SmartCiti.X : New Orleans Trades,The craft pathway: from first tool to journey card,CP-34,9–10,Practitioner,Craft Pathway Navigator,Tools of your own,"The starter toolbox — what a first-year actually needs, the care that makes tools last, and the inventory habit that keeps them. — at 9–10","Inventory the real tools in your home, mark each one's condition, and restore one neglected tool to working order."
CX-NOLATRADES-0235,SmartCiti.X : New Orleans Trades,The craft pathway: from first tool to journey card,CP-35,11–12,Lead,Craft Pathway Navigator,Tools of your own,"The starter toolbox — what a first-year actually needs, the care that makes tools last, and the inventory habit that keeps them. — at 11–12","Inventory the real tools in your home, mark each one's condition, and restore one neglected tool to working order."
CX-NOLATRADES-0236,SmartCiti.X : New Orleans Trades,The craft pathway: from first tool to journey card,CP-36,K–2,Explorer,Craft Pathway Navigator,The safety culture you join,"Stop-work authority and the near-miss report — why the newest person on site can halt it, and why writing up the close call is craft, not weakness. — at K–2","Write up one real near-miss you have witnessed anywhere, in report form: what happened, what almost happened, what changes."
CX-NOLATRADES-0237,SmartCiti.X : New Orleans Trades,The craft pathway: from first tool to journey card,CP-37,3–5,Explorer,Craft Pathway Navigator,The safety culture you join,"Stop-work authority and the near-miss report — why the newest person on site can halt it, and why writing up the close call is craft, not weakness. — at 3–5","Write up one real near-miss you have witnessed anywhere, in report form: what happened, what almost happened, what changes."
CX-NOLATRADES-0238,SmartCiti.X : New Orleans Trades,The craft pathway: from first tool to journey card,CP-38,6–8,Builder,Craft Pathway Navigator,The safety culture you join,"Stop-work authority and the near-miss report — why the newest person on site can halt it, and why writing up the close call is craft, not weakness. — at 6–8","Write up one real near-miss you have witnessed anywhere, in report form: what happened, what almost happened, what changes."
CX-NOLATRADES-0239,SmartCiti.X : New Orleans Trades,The craft pathway: from first tool to journey card,CP-39,9–10,Practitioner,Craft Pathway Navigator,The safety culture you join,"Stop-work authority and the near-miss report — why the newest person on site can halt it, and why writing up the close call is craft, not weakness. — at 9–10","Write up one real near-miss you have witnessed anywhere, in report form: what happened, what almost happened, what changes."
CX-NOLATRADES-0240,SmartCiti.X : New Orleans Trades,The craft pathway: from first tool to journey card,CP-40,11–12,Lead,Craft Pathway Navigator,The safety culture you join,"Stop-work authority and the near-miss report — why the newest person on site can halt it, and why writing up the close call is craft, not weakness. — at 11–12","Write up one real near-miss you have witnessed anywhere, in report form: what happened, what almost happened, what changes."
CX-NOLATRADES-0241,SmartCiti.X : New Orleans Trades,The craft pathway: from first tool to journey card,CP-41,K–2,Explorer,Craft Pathway Navigator,Money of the trade,"Prevailing wage, overtime and per diem — reading a trades paycheque, and the arithmetic of a storm week's hours. — at K–2","Given a real prevailing-wage rate for one Louisiana craft, compute a 50-hour storm week's gross pay with overtime, on paper."
CX-NOLATRADES-0242,SmartCiti.X : New Orleans Trades,The craft pathway: from first tool to journey card,CP-42,3–5,Explorer,Craft Pathway Navigator,Money of the trade,"Prevailing wage, overtime and per diem — reading a trades paycheque, and the arithmetic of a storm week's hours. — at 3–5","Given a real prevailing-wage rate for one Louisiana craft, compute a 50-hour storm week's gross pay with overtime, on paper."
CX-NOLATRADES-0243,SmartCiti.X : New Orleans Trades,The craft pathway: from first tool to journey card,CP-43,6–8,Builder,Craft Pathway Navigator,Money of the trade,"Prevailing wage, overtime and per diem — reading a trades paycheque, and the arithmetic of a storm week's hours. — at 6–8","Given a real prevailing-wage rate for one Louisiana craft, compute a 50-hour storm week's gross pay with overtime, on paper."
CX-NOLATRADES-0244,SmartCiti.X : New Orleans Trades,The craft pathway: from first tool to journey card,CP-44,9–10,Practitioner,Craft Pathway Navigator,Money of the trade,"Prevailing wage, overtime and per diem — reading a trades paycheque, and the arithmetic of a storm week's hours. — at 9–10","Given a real prevailing-wage rate for one Louisiana craft, compute a 50-hour storm week's gross pay with overtime, on paper."
CX-NOLATRADES-0245,SmartCiti.X : New Orleans Trades,The craft pathway: from first tool to journey card,CP-45,11–12,Lead,Craft Pathway Navigator,Money of the trade,"Prevailing wage, overtime and per diem — reading a trades paycheque, and the arithmetic of a storm week's hours. — at 11–12","Given a real prevailing-wage rate for one Louisiana craft, compute a 50-hour storm week's gross pay with overtime, on paper."
CX-NOLATRADES-0246,SmartCiti.X : New Orleans Trades,The craft pathway: from first tool to journey card,CP-46,K–2,Explorer,Craft Pathway Navigator,"Your parish, your work","The projects around you — port expansions, drainage work, restoration contracts — and which crafts each one is hiring right now. — at K–2","Name two active construction, port or drainage projects in your parish and, from public sources, list the crafts working each."
CX-NOLATRADES-0247,SmartCiti.X : New Orleans Trades,The craft pathway: from first tool to journey card,CP-47,3–5,Explorer,Craft Pathway Navigator,"Your parish, your work","The projects around you — port expansions, drainage work, restoration contracts — and which crafts each one is hiring right now. — at 3–5","Name two active construction, port or drainage projects in your parish and, from public sources, list the crafts working each."
CX-NOLATRADES-0248,SmartCiti.X : New Orleans Trades,The craft pathway: from first tool to journey card,CP-48,6–8,Builder,Craft Pathway Navigator,"Your parish, your work","The projects around you — port expansions, drainage work, restoration contracts — and which crafts each one is hiring right now. — at 6–8","Name two active construction, port or drainage projects in your parish and, from public sources, list the crafts working each."
CX-NOLATRADES-0249,SmartCiti.X : New Orleans Trades,The craft pathway: from first tool to journey card,CP-49,9–10,Practitioner,Craft Pathway Navigator,"Your parish, your work","The projects around you — port expansions, drainage work, restoration contracts — and which crafts each one is hiring right now. — at 9–10","Name two active construction, port or drainage projects in your parish and, from public sources, list the crafts working each."
CX-NOLATRADES-0250,SmartCiti.X : New Orleans Trades,The craft pathway: from first tool to journey card,CP-50,11–12,Lead,Craft Pathway Navigator,"Your parish, your work","The projects around you — port expansions, drainage work, restoration contracts — and which crafts each one is hiring right now. — at 11–12","Name two active construction, port or drainage projects in your parish and, from public sources, list the crafts working each."
CX-RESPOND-0001,SmartCiti.X : First Responder,The fire service: reading a building before it burns,FS-1,K–2,Explorer,Fire Service Reader,Reading a scene before anyone touches it,"The first thing a fire officer does is look, and say out loud what they see — how big, what is burning, what is threatened, what is needed. Naming a situation accurately is the skill under every decision that follows. — at K–2","From the public sidewalk, describe one building near your home in four sentences: how many floors, how many ways out that you can see, what is next to it, and what would be hard about it. Do not enter or approach."
CX-RESPOND-0002,SmartCiti.X : First Responder,The fire service: reading a building before it burns,FS-2,3–5,Explorer,Fire Service Reader,Reading a scene before anyone touches it,"The first thing a fire officer does is look, and say out loud what they see — how big, what is burning, what is threatened, what is needed. Naming a situation accurately is the skill under every decision that follows. — at 3–5","From the public sidewalk, describe one building near your home in four sentences: how many floors, how many ways out that you can see, what is next to it, and what would be hard about it. Do not enter or approach."
CX-RESPOND-0003,SmartCiti.X : First Responder,The fire service: reading a building before it burns,FS-3,6–8,Builder,Fire Service Reader,Reading a scene before anyone touches it,"The first thing a fire officer does is look, and say out loud what they see — how big, what is burning, what is threatened, what is needed. Naming a situation accurately is the skill under every decision that follows. — at 6–8","From the public sidewalk, describe one building near your home in four sentences: how many floors, how many ways out that you can see, what is next to it, and what would be hard about it. Do not enter or approach."
CX-RESPOND-0004,SmartCiti.X : First Responder,The fire service: reading a building before it burns,FS-4,9–10,Practitioner,Fire Service Reader,Reading a scene before anyone touches it,"The first thing a fire officer does is look, and say out loud what they see — how big, what is burning, what is threatened, what is needed. Naming a situation accurately is the skill under every decision that follows. — at 9–10","From the public sidewalk, describe one building near your home in four sentences: how many floors, how many ways out that you can see, what is next to it, and what would be hard about it. Do not enter or approach."
CX-RESPOND-0005,SmartCiti.X : First Responder,The fire service: reading a building before it burns,FS-5,11–12,Lead,Fire Service Reader,Reading a scene before anyone touches it,"The first thing a fire officer does is look, and say out loud what they see — how big, what is burning, what is threatened, what is needed. Naming a situation accurately is the skill under every decision that follows. — at 11–12","From the public sidewalk, describe one building near your home in four sentences: how many floors, how many ways out that you can see, what is next to it, and what would be hard about it. Do not enter or approach."
CX-RESPOND-0006,SmartCiti.X : First Responder,The fire service: reading a building before it burns,FS-6,K–2,Explorer,Fire Service Reader,"Somebody is in charge, and you can tell who","Every incident has one person holding command, and command gets handed over out loud so nobody is ever unsure. The point is not rank; it is that the answer to 'who decides' is never ambiguous. — at K–2","Find your fire department's published organisation chart or annual report and write down who would be in charge of a large incident, and who takes over if that person hands off."
CX-RESPOND-0007,SmartCiti.X : First Responder,The fire service: reading a building before it burns,FS-7,3–5,Explorer,Fire Service Reader,"Somebody is in charge, and you can tell who","Every incident has one person holding command, and command gets handed over out loud so nobody is ever unsure. The point is not rank; it is that the answer to 'who decides' is never ambiguous. — at 3–5","Find your fire department's published organisation chart or annual report and write down who would be in charge of a large incident, and who takes over if that person hands off."
CX-RESPOND-0008,SmartCiti.X : First Responder,The fire service: reading a building before it burns,FS-8,6–8,Builder,Fire Service Reader,"Somebody is in charge, and you can tell who","Every incident has one person holding command, and command gets handed over out loud so nobody is ever unsure. The point is not rank; it is that the answer to 'who decides' is never ambiguous. — at 6–8","Find your fire department's published organisation chart or annual report and write down who would be in charge of a large incident, and who takes over if that person hands off."
CX-RESPOND-0009,SmartCiti.X : First Responder,The fire service: reading a building before it burns,FS-9,9–10,Practitioner,Fire Service Reader,"Somebody is in charge, and you can tell who","Every incident has one person holding command, and command gets handed over out loud so nobody is ever unsure. The point is not rank; it is that the answer to 'who decides' is never ambiguous. — at 9–10","Find your fire department's published organisation chart or annual report and write down who would be in charge of a large incident, and who takes over if that person hands off."
CX-RESPOND-0010,SmartCiti.X : First Responder,The fire service: reading a building before it burns,FS-10,11–12,Lead,Fire Service Reader,"Somebody is in charge, and you can tell who","Every incident has one person holding command, and command gets handed over out loud so nobody is ever unsure. The point is not rank; it is that the answer to 'who decides' is never ambiguous. — at 11–12","Find your fire department's published organisation chart or annual report and write down who would be in charge of a large incident, and who takes over if that person hands off."
CX-RESPOND-0011,SmartCiti.X : First Responder,The fire service: reading a building before it burns,FS-11,K–2,Explorer,Fire Service Reader,"Nobody goes in alone, and everybody comes out","Crews stay together and are counted. A head-count that happens on a schedule, not when somebody feels uneasy, is what turns a missing person into a known fact within minutes. — at K–2","Agree a meeting point outside your home with everyone who lives there, and walk to it together from two different rooms. Write down how long the second route took."
CX-RESPOND-0012,SmartCiti.X : First Responder,The fire service: reading a building before it burns,FS-12,3–5,Explorer,Fire Service Reader,"Nobody goes in alone, and everybody comes out","Crews stay together and are counted. A head-count that happens on a schedule, not when somebody feels uneasy, is what turns a missing person into a known fact within minutes. — at 3–5","Agree a meeting point outside your home with everyone who lives there, and walk to it together from two different rooms. Write down how long the second route took."
CX-RESPOND-0013,SmartCiti.X : First Responder,The fire service: reading a building before it burns,FS-13,6–8,Builder,Fire Service Reader,"Nobody goes in alone, and everybody comes out","Crews stay together and are counted. A head-count that happens on a schedule, not when somebody feels uneasy, is what turns a missing person into a known fact within minutes. — at 6–8","Agree a meeting point outside your home with everyone who lives there, and walk to it together from two different rooms. Write down how long the second route took."
CX-RESPOND-0014,SmartCiti.X : First Responder,The fire service: reading a building before it burns,FS-14,9–10,Practitioner,Fire Service Reader,"Nobody goes in alone, and everybody comes out","Crews stay together and are counted. A head-count that happens on a schedule, not when somebody feels uneasy, is what turns a missing person into a known fact within minutes. — at 9–10","Agree a meeting point outside your home with everyone who lives there, and walk to it together from two different rooms. Write down how long the second route took."
CX-RESPOND-0015,SmartCiti.X : First Responder,The fire service: reading a building before it burns,FS-15,11–12,Lead,Fire Service Reader,"Nobody goes in alone, and everybody comes out","Crews stay together and are counted. A head-count that happens on a schedule, not when somebody feels uneasy, is what turns a missing person into a known fact within minutes. — at 11–12","Agree a meeting point outside your home with everyone who lives there, and walk to it together from two different rooms. Write down how long the second route took."
CX-RESPOND-0016,SmartCiti.X : First Responder,The fire service: reading a building before it burns,FS-16,K–2,Explorer,Fire Service Reader,Air is a countdown,"A firefighter's breathing air is a consumable measured in minutes, and the minutes spend faster when the work is harder. Treating a resource as a clock rather than a supply changes when you decide to leave. — at K–2","Set a timer for eight minutes and do a physical household chore without stopping. Write down what you had left to do when it rang, and what you would have cut."
CX-RESPOND-0017,SmartCiti.X : First Responder,The fire service: reading a building before it burns,FS-17,3–5,Explorer,Fire Service Reader,Air is a countdown,"A firefighter's breathing air is a consumable measured in minutes, and the minutes spend faster when the work is harder. Treating a resource as a clock rather than a supply changes when you decide to leave. — at 3–5","Set a timer for eight minutes and do a physical household chore without stopping. Write down what you had left to do when it rang, and what you would have cut."
CX-RESPOND-0018,SmartCiti.X : First Responder,The fire service: reading a building before it burns,FS-18,6–8,Builder,Fire Service Reader,Air is a countdown,"A firefighter's breathing air is a consumable measured in minutes, and the minutes spend faster when the work is harder. Treating a resource as a clock rather than a supply changes when you decide to leave. — at 6–8","Set a timer for eight minutes and do a physical household chore without stopping. Write down what you had left to do when it rang, and what you would have cut."
CX-RESPOND-0019,SmartCiti.X : First Responder,The fire service: reading a building before it burns,FS-19,9–10,Practitioner,Fire Service Reader,Air is a countdown,"A firefighter's breathing air is a consumable measured in minutes, and the minutes spend faster when the work is harder. Treating a resource as a clock rather than a supply changes when you decide to leave. — at 9–10","Set a timer for eight minutes and do a physical household chore without stopping. Write down what you had left to do when it rang, and what you would have cut."
CX-RESPOND-0020,SmartCiti.X : First Responder,The fire service: reading a building before it burns,FS-20,11–12,Lead,Fire Service Reader,Air is a countdown,"A firefighter's breathing air is a consumable measured in minutes, and the minutes spend faster when the work is harder. Treating a resource as a clock rather than a supply changes when you decide to leave. — at 11–12","Set a timer for eight minutes and do a physical household chore without stopping. Write down what you had left to do when it rang, and what you would have cut."
CX-RESPOND-0021,SmartCiti.X : First Responder,The fire service: reading a building before it burns,FS-21,K–2,Explorer,Fire Service Reader,What a building is made of decides what it does,"A building's construction type predicts how it behaves under fire — what holds, what fails, and how fast. The material is not a detail; it is the forecast. — at K–2","From public ground, identify three buildings near you and write what each looks like it is built from. Then find one published source describing construction in your area and note where you agreed or were wrong."
CX-RESPOND-0022,SmartCiti.X : First Responder,The fire service: reading a building before it burns,FS-22,3–5,Explorer,Fire Service Reader,What a building is made of decides what it does,"A building's construction type predicts how it behaves under fire — what holds, what fails, and how fast. The material is not a detail; it is the forecast. — at 3–5","From public ground, identify three buildings near you and write what each looks like it is built from. Then find one published source describing construction in your area and note where you agreed or were wrong."
CX-RESPOND-0023,SmartCiti.X : First Responder,The fire service: reading a building before it burns,FS-23,6–8,Builder,Fire Service Reader,What a building is made of decides what it does,"A building's construction type predicts how it behaves under fire — what holds, what fails, and how fast. The material is not a detail; it is the forecast. — at 6–8","From public ground, identify three buildings near you and write what each looks like it is built from. Then find one published source describing construction in your area and note where you agreed or were wrong."
CX-RESPOND-0024,SmartCiti.X : First Responder,The fire service: reading a building before it burns,FS-24,9–10,Practitioner,Fire Service Reader,What a building is made of decides what it does,"A building's construction type predicts how it behaves under fire — what holds, what fails, and how fast. The material is not a detail; it is the forecast. — at 9–10","From public ground, identify three buildings near you and write what each looks like it is built from. Then find one published source describing construction in your area and note where you agreed or were wrong."
CX-RESPOND-0025,SmartCiti.X : First Responder,The fire service: reading a building before it burns,FS-25,11–12,Lead,Fire Service Reader,What a building is made of decides what it does,"A building's construction type predicts how it behaves under fire — what holds, what fails, and how fast. The material is not a detail; it is the forecast. — at 11–12","From public ground, identify three buildings near you and write what each looks like it is built from. Then find one published source describing construction in your area and note where you agreed or were wrong."
CX-RESPOND-0026,SmartCiti.X : First Responder,The fire service: reading a building before it burns,FS-26,K–2,Explorer,Fire Service Reader,Where you park decides what you can do next,"Positioning is a commitment. An apparatus placed for one tactic forecloses others, and the decision has to be made early with incomplete information. — at K–2","Find the fire hydrant nearest your home on a map, then check from the pavement whether anything is parked or grown in front of it. Write what you found."
CX-RESPOND-0027,SmartCiti.X : First Responder,The fire service: reading a building before it burns,FS-27,3–5,Explorer,Fire Service Reader,Where you park decides what you can do next,"Positioning is a commitment. An apparatus placed for one tactic forecloses others, and the decision has to be made early with incomplete information. — at 3–5","Find the fire hydrant nearest your home on a map, then check from the pavement whether anything is parked or grown in front of it. Write what you found."
CX-RESPOND-0028,SmartCiti.X : First Responder,The fire service: reading a building before it burns,FS-28,6–8,Builder,Fire Service Reader,Where you park decides what you can do next,"Positioning is a commitment. An apparatus placed for one tactic forecloses others, and the decision has to be made early with incomplete information. — at 6–8","Find the fire hydrant nearest your home on a map, then check from the pavement whether anything is parked or grown in front of it. Write what you found."
CX-RESPOND-0029,SmartCiti.X : First Responder,The fire service: reading a building before it burns,FS-29,9–10,Practitioner,Fire Service Reader,Where you park decides what you can do next,"Positioning is a commitment. An apparatus placed for one tactic forecloses others, and the decision has to be made early with incomplete information. — at 9–10","Find the fire hydrant nearest your home on a map, then check from the pavement whether anything is parked or grown in front of it. Write what you found."
CX-RESPOND-0030,SmartCiti.X : First Responder,The fire service: reading a building before it burns,FS-30,11–12,Lead,Fire Service Reader,Where you park decides what you can do next,"Positioning is a commitment. An apparatus placed for one tactic forecloses others, and the decision has to be made early with incomplete information. — at 11–12","Find the fire hydrant nearest your home on a map, then check from the pavement whether anything is parked or grown in front of it. Write what you found."
CX-RESPOND-0031,SmartCiti.X : First Responder,The fire service: reading a building before it burns,FS-31,K–2,Explorer,Fire Service Reader,Water has to come from somewhere,"Supply is finite and arrives through a chain — hydrant, tank, relay, drafting. Reasoning about a constraint you cannot see is a habit that transfers well beyond fire. — at K–2","Using your water utility's published material, write down where your household's water comes from before it reaches your tap, in as many steps as you can name."
CX-RESPOND-0032,SmartCiti.X : First Responder,The fire service: reading a building before it burns,FS-32,3–5,Explorer,Fire Service Reader,Water has to come from somewhere,"Supply is finite and arrives through a chain — hydrant, tank, relay, drafting. Reasoning about a constraint you cannot see is a habit that transfers well beyond fire. — at 3–5","Using your water utility's published material, write down where your household's water comes from before it reaches your tap, in as many steps as you can name."
CX-RESPOND-0033,SmartCiti.X : First Responder,The fire service: reading a building before it burns,FS-33,6–8,Builder,Fire Service Reader,Water has to come from somewhere,"Supply is finite and arrives through a chain — hydrant, tank, relay, drafting. Reasoning about a constraint you cannot see is a habit that transfers well beyond fire. — at 6–8","Using your water utility's published material, write down where your household's water comes from before it reaches your tap, in as many steps as you can name."
CX-RESPOND-0034,SmartCiti.X : First Responder,The fire service: reading a building before it burns,FS-34,9–10,Practitioner,Fire Service Reader,Water has to come from somewhere,"Supply is finite and arrives through a chain — hydrant, tank, relay, drafting. Reasoning about a constraint you cannot see is a habit that transfers well beyond fire. — at 9–10","Using your water utility's published material, write down where your household's water comes from before it reaches your tap, in as many steps as you can name."
CX-RESPOND-0035,SmartCiti.X : First Responder,The fire service: reading a building before it burns,FS-35,11–12,Lead,Fire Service Reader,Water has to come from somewhere,"Supply is finite and arrives through a chain — hydrant, tank, relay, drafting. Reasoning about a constraint you cannot see is a habit that transfers well beyond fire. — at 11–12","Using your water utility's published material, write down where your household's water comes from before it reaches your tap, in as many steps as you can name."
CX-RESPOND-0036,SmartCiti.X : First Responder,The fire service: reading a building before it burns,FS-36,K–2,Explorer,Fire Service Reader,Say it back: making sure you were heard,"Closed-loop communication means the receiver repeats the instruction and the sender confirms it. It is slower by design, because the failure it prevents is silent. — at K–2",Give a three-part instruction to someone at home and have them repeat it back before acting. Do it twice more. Write down what changed between the first and third try.
CX-RESPOND-0037,SmartCiti.X : First Responder,The fire service: reading a building before it burns,FS-37,3–5,Explorer,Fire Service Reader,Say it back: making sure you were heard,"Closed-loop communication means the receiver repeats the instruction and the sender confirms it. It is slower by design, because the failure it prevents is silent. — at 3–5",Give a three-part instruction to someone at home and have them repeat it back before acting. Do it twice more. Write down what changed between the first and third try.
CX-RESPOND-0038,SmartCiti.X : First Responder,The fire service: reading a building before it burns,FS-38,6–8,Builder,Fire Service Reader,Say it back: making sure you were heard,"Closed-loop communication means the receiver repeats the instruction and the sender confirms it. It is slower by design, because the failure it prevents is silent. — at 6–8",Give a three-part instruction to someone at home and have them repeat it back before acting. Do it twice more. Write down what changed between the first and third try.
CX-RESPOND-0039,SmartCiti.X : First Responder,The fire service: reading a building before it burns,FS-39,9–10,Practitioner,Fire Service Reader,Say it back: making sure you were heard,"Closed-loop communication means the receiver repeats the instruction and the sender confirms it. It is slower by design, because the failure it prevents is silent. — at 9–10",Give a three-part instruction to someone at home and have them repeat it back before acting. Do it twice more. Write down what changed between the first and third try.
CX-RESPOND-0040,SmartCiti.X : First Responder,The fire service: reading a building before it burns,FS-40,11–12,Lead,Fire Service Reader,Say it back: making sure you were heard,"Closed-loop communication means the receiver repeats the instruction and the sender confirms it. It is slower by design, because the failure it prevents is silent. — at 11–12",Give a three-part instruction to someone at home and have them repeat it back before acting. Do it twice more. Write down what changed between the first and third try.
CX-RESPOND-0041,SmartCiti.X : First Responder,The fire service: reading a building before it burns,FS-41,K–2,Explorer,Fire Service Reader,"What is worth risking, and for what","Risk is spent deliberately against what can still be saved — a lot for a savable life, little for property, nothing for what is already lost. Saying the frame out loud is what keeps it honest. — at K–2","Write down a decision your household made where safety and convenience pulled against each other, and state plainly what was risked and what was gained."
CX-RESPOND-0042,SmartCiti.X : First Responder,The fire service: reading a building before it burns,FS-42,3–5,Explorer,Fire Service Reader,"What is worth risking, and for what","Risk is spent deliberately against what can still be saved — a lot for a savable life, little for property, nothing for what is already lost. Saying the frame out loud is what keeps it honest. — at 3–5","Write down a decision your household made where safety and convenience pulled against each other, and state plainly what was risked and what was gained."
CX-RESPOND-0043,SmartCiti.X : First Responder,The fire service: reading a building before it burns,FS-43,6–8,Builder,Fire Service Reader,"What is worth risking, and for what","Risk is spent deliberately against what can still be saved — a lot for a savable life, little for property, nothing for what is already lost. Saying the frame out loud is what keeps it honest. — at 6–8","Write down a decision your household made where safety and convenience pulled against each other, and state plainly what was risked and what was gained."
CX-RESPOND-0044,SmartCiti.X : First Responder,The fire service: reading a building before it burns,FS-44,9–10,Practitioner,Fire Service Reader,"What is worth risking, and for what","Risk is spent deliberately against what can still be saved — a lot for a savable life, little for property, nothing for what is already lost. Saying the frame out loud is what keeps it honest. — at 9–10","Write down a decision your household made where safety and convenience pulled against each other, and state plainly what was risked and what was gained."
CX-RESPOND-0045,SmartCiti.X : First Responder,The fire service: reading a building before it burns,FS-45,11–12,Lead,Fire Service Reader,"What is worth risking, and for what","Risk is spent deliberately against what can still be saved — a lot for a savable life, little for property, nothing for what is already lost. Saying the frame out loud is what keeps it honest. — at 11–12","Write down a decision your household made where safety and convenience pulled against each other, and state plainly what was risked and what was gained."
CX-RESPOND-0046,SmartCiti.X : First Responder,The fire service: reading a building before it burns,FS-46,K–2,Explorer,Fire Service Reader,The danger that arrives years later,"Smoke leaves contaminants on gear, skin and equipment, and the harm shows up decades after the fire. Reducing exposure is a routine habit, not an emergency measure. — at K–2","Check the smoke alarms where you live: how many, where, and when each was last tested. Compare what you find against your fire department's published guidance."
CX-RESPOND-0047,SmartCiti.X : First Responder,The fire service: reading a building before it burns,FS-47,3–5,Explorer,Fire Service Reader,The danger that arrives years later,"Smoke leaves contaminants on gear, skin and equipment, and the harm shows up decades after the fire. Reducing exposure is a routine habit, not an emergency measure. — at 3–5","Check the smoke alarms where you live: how many, where, and when each was last tested. Compare what you find against your fire department's published guidance."
CX-RESPOND-0048,SmartCiti.X : First Responder,The fire service: reading a building before it burns,FS-48,6–8,Builder,Fire Service Reader,The danger that arrives years later,"Smoke leaves contaminants on gear, skin and equipment, and the harm shows up decades after the fire. Reducing exposure is a routine habit, not an emergency measure. — at 6–8","Check the smoke alarms where you live: how many, where, and when each was last tested. Compare what you find against your fire department's published guidance."
CX-RESPOND-0049,SmartCiti.X : First Responder,The fire service: reading a building before it burns,FS-49,9–10,Practitioner,Fire Service Reader,The danger that arrives years later,"Smoke leaves contaminants on gear, skin and equipment, and the harm shows up decades after the fire. Reducing exposure is a routine habit, not an emergency measure. — at 9–10","Check the smoke alarms where you live: how many, where, and when each was last tested. Compare what you find against your fire department's published guidance."
CX-RESPOND-0050,SmartCiti.X : First Responder,The fire service: reading a building before it burns,FS-50,11–12,Lead,Fire Service Reader,The danger that arrives years later,"Smoke leaves contaminants on gear, skin and equipment, and the harm shows up decades after the fire. Reducing exposure is a routine habit, not an emergency measure. — at 11–12","Check the smoke alarms where you live: how many, where, and when each was last tested. Compare what you find against your fire department's published guidance."
CX-RESPOND-0051,SmartCiti.X : First Responder,"Law enforcement: authority, limits and accountability",PS-1,K–2,Explorer,Public Safety Civics Reader,"Where the authority comes from, and where it stops","Police powers are granted by law and bounded by it. Knowing the source of an authority and its edge is the beginning of civic literacy, for officers and for everyone else. — at K–2","Find the published law or charter that establishes the police agency serving your area, and write down one power it grants and one limit it places."
CX-RESPOND-0052,SmartCiti.X : First Responder,"Law enforcement: authority, limits and accountability",PS-2,3–5,Explorer,Public Safety Civics Reader,"Where the authority comes from, and where it stops","Police powers are granted by law and bounded by it. Knowing the source of an authority and its edge is the beginning of civic literacy, for officers and for everyone else. — at 3–5","Find the published law or charter that establishes the police agency serving your area, and write down one power it grants and one limit it places."
CX-RESPOND-0053,SmartCiti.X : First Responder,"Law enforcement: authority, limits and accountability",PS-3,6–8,Builder,Public Safety Civics Reader,"Where the authority comes from, and where it stops","Police powers are granted by law and bounded by it. Knowing the source of an authority and its edge is the beginning of civic literacy, for officers and for everyone else. — at 6–8","Find the published law or charter that establishes the police agency serving your area, and write down one power it grants and one limit it places."
CX-RESPOND-0054,SmartCiti.X : First Responder,"Law enforcement: authority, limits and accountability",PS-4,9–10,Practitioner,Public Safety Civics Reader,"Where the authority comes from, and where it stops","Police powers are granted by law and bounded by it. Knowing the source of an authority and its edge is the beginning of civic literacy, for officers and for everyone else. — at 9–10","Find the published law or charter that establishes the police agency serving your area, and write down one power it grants and one limit it places."
CX-RESPOND-0055,SmartCiti.X : First Responder,"Law enforcement: authority, limits and accountability",PS-5,11–12,Lead,Public Safety Civics Reader,"Where the authority comes from, and where it stops","Police powers are granted by law and bounded by it. Knowing the source of an authority and its edge is the beginning of civic literacy, for officers and for everyone else. — at 11–12","Find the published law or charter that establishes the police agency serving your area, and write down one power it grants and one limit it places."
CX-RESPOND-0056,SmartCiti.X : First Responder,"Law enforcement: authority, limits and accountability",PS-6,K–2,Explorer,Public Safety Civics Reader,"Time as a resource, not a shortage","Slowing an encounter down often changes its outcome. Distance, cover and patience buy the time in which a situation can resolve without force. — at K–2","Find your agency's published policy on de-escalation and write down, in its own words, one thing it says an officer should do before using force."
CX-RESPOND-0057,SmartCiti.X : First Responder,"Law enforcement: authority, limits and accountability",PS-7,3–5,Explorer,Public Safety Civics Reader,"Time as a resource, not a shortage","Slowing an encounter down often changes its outcome. Distance, cover and patience buy the time in which a situation can resolve without force. — at 3–5","Find your agency's published policy on de-escalation and write down, in its own words, one thing it says an officer should do before using force."
CX-RESPOND-0058,SmartCiti.X : First Responder,"Law enforcement: authority, limits and accountability",PS-8,6–8,Builder,Public Safety Civics Reader,"Time as a resource, not a shortage","Slowing an encounter down often changes its outcome. Distance, cover and patience buy the time in which a situation can resolve without force. — at 6–8","Find your agency's published policy on de-escalation and write down, in its own words, one thing it says an officer should do before using force."
CX-RESPOND-0059,SmartCiti.X : First Responder,"Law enforcement: authority, limits and accountability",PS-9,9–10,Practitioner,Public Safety Civics Reader,"Time as a resource, not a shortage","Slowing an encounter down often changes its outcome. Distance, cover and patience buy the time in which a situation can resolve without force. — at 9–10","Find your agency's published policy on de-escalation and write down, in its own words, one thing it says an officer should do before using force."
CX-RESPOND-0060,SmartCiti.X : First Responder,"Law enforcement: authority, limits and accountability",PS-10,11–12,Lead,Public Safety Civics Reader,"Time as a resource, not a shortage","Slowing an encounter down often changes its outcome. Distance, cover and patience buy the time in which a situation can resolve without force. — at 11–12","Find your agency's published policy on de-escalation and write down, in its own words, one thing it says an officer should do before using force."
CX-RESPOND-0061,SmartCiti.X : First Responder,"Law enforcement: authority, limits and accountability",PS-11,K–2,Explorer,Public Safety Civics Reader,The call that is not a crime,Many calls are a health crisis wearing an emergency's clothes. Recognising that early and routing it to the right responder is a decision made in the first minute. — at K–2,"Find out which number or service in your area handles a mental-health crisis, and whether it is the same as the emergency number. Write down both."
CX-RESPOND-0062,SmartCiti.X : First Responder,"Law enforcement: authority, limits and accountability",PS-12,3–5,Explorer,Public Safety Civics Reader,The call that is not a crime,Many calls are a health crisis wearing an emergency's clothes. Recognising that early and routing it to the right responder is a decision made in the first minute. — at 3–5,"Find out which number or service in your area handles a mental-health crisis, and whether it is the same as the emergency number. Write down both."
CX-RESPOND-0063,SmartCiti.X : First Responder,"Law enforcement: authority, limits and accountability",PS-13,6–8,Builder,Public Safety Civics Reader,The call that is not a crime,Many calls are a health crisis wearing an emergency's clothes. Recognising that early and routing it to the right responder is a decision made in the first minute. — at 6–8,"Find out which number or service in your area handles a mental-health crisis, and whether it is the same as the emergency number. Write down both."
CX-RESPOND-0064,SmartCiti.X : First Responder,"Law enforcement: authority, limits and accountability",PS-14,9–10,Practitioner,Public Safety Civics Reader,The call that is not a crime,Many calls are a health crisis wearing an emergency's clothes. Recognising that early and routing it to the right responder is a decision made in the first minute. — at 9–10,"Find out which number or service in your area handles a mental-health crisis, and whether it is the same as the emergency number. Write down both."
CX-RESPOND-0065,SmartCiti.X : First Responder,"Law enforcement: authority, limits and accountability",PS-15,11–12,Lead,Public Safety Civics Reader,The call that is not a crime,Many calls are a health crisis wearing an emergency's clothes. Recognising that early and routing it to the right responder is a decision made in the first minute. — at 11–12,"Find out which number or service in your area handles a mental-health crisis, and whether it is the same as the emergency number. Write down both."
CX-RESPOND-0066,SmartCiti.X : First Responder,"Law enforcement: authority, limits and accountability",PS-16,K–2,Explorer,Public Safety Civics Reader,Force gets written down and reviewed,"Where force is used it is reported, reviewed and counted. An accountability practice only works if it happens every time, including when nothing went wrong. — at K–2","Find whether your agency publishes a use-of-force report or annual statistics. Write down what it publishes, or write down that it publishes none."
CX-RESPOND-0067,SmartCiti.X : First Responder,"Law enforcement: authority, limits and accountability",PS-17,3–5,Explorer,Public Safety Civics Reader,Force gets written down and reviewed,"Where force is used it is reported, reviewed and counted. An accountability practice only works if it happens every time, including when nothing went wrong. — at 3–5","Find whether your agency publishes a use-of-force report or annual statistics. Write down what it publishes, or write down that it publishes none."
CX-RESPOND-0068,SmartCiti.X : First Responder,"Law enforcement: authority, limits and accountability",PS-18,6–8,Builder,Public Safety Civics Reader,Force gets written down and reviewed,"Where force is used it is reported, reviewed and counted. An accountability practice only works if it happens every time, including when nothing went wrong. — at 6–8","Find whether your agency publishes a use-of-force report or annual statistics. Write down what it publishes, or write down that it publishes none."
CX-RESPOND-0069,SmartCiti.X : First Responder,"Law enforcement: authority, limits and accountability",PS-19,9–10,Practitioner,Public Safety Civics Reader,Force gets written down and reviewed,"Where force is used it is reported, reviewed and counted. An accountability practice only works if it happens every time, including when nothing went wrong. — at 9–10","Find whether your agency publishes a use-of-force report or annual statistics. Write down what it publishes, or write down that it publishes none."
CX-RESPOND-0070,SmartCiti.X : First Responder,"Law enforcement: authority, limits and accountability",PS-20,11–12,Lead,Public Safety Civics Reader,Force gets written down and reviewed,"Where force is used it is reported, reviewed and counted. An accountability practice only works if it happens every time, including when nothing went wrong. — at 11–12","Find whether your agency publishes a use-of-force report or annual statistics. Write down what it publishes, or write down that it publishes none."
CX-RESPOND-0071,SmartCiti.X : First Responder,"Law enforcement: authority, limits and accountability",PS-21,K–2,Explorer,Public Safety Civics Reader,Procedural justice in an ordinary stop,"Whether people accept an outcome depends heavily on whether they were told why, given a voice, and treated with respect. Most encounters are ordinary, and that is precisely where it is decided. — at K–2","Write four things you would want said to you in a routine encounter with any authority, then compare them against your agency's published expectations for officer conduct."
CX-RESPOND-0072,SmartCiti.X : First Responder,"Law enforcement: authority, limits and accountability",PS-22,3–5,Explorer,Public Safety Civics Reader,Procedural justice in an ordinary stop,"Whether people accept an outcome depends heavily on whether they were told why, given a voice, and treated with respect. Most encounters are ordinary, and that is precisely where it is decided. — at 3–5","Write four things you would want said to you in a routine encounter with any authority, then compare them against your agency's published expectations for officer conduct."
CX-RESPOND-0073,SmartCiti.X : First Responder,"Law enforcement: authority, limits and accountability",PS-23,6–8,Builder,Public Safety Civics Reader,Procedural justice in an ordinary stop,"Whether people accept an outcome depends heavily on whether they were told why, given a voice, and treated with respect. Most encounters are ordinary, and that is precisely where it is decided. — at 6–8","Write four things you would want said to you in a routine encounter with any authority, then compare them against your agency's published expectations for officer conduct."
CX-RESPOND-0074,SmartCiti.X : First Responder,"Law enforcement: authority, limits and accountability",PS-24,9–10,Practitioner,Public Safety Civics Reader,Procedural justice in an ordinary stop,"Whether people accept an outcome depends heavily on whether they were told why, given a voice, and treated with respect. Most encounters are ordinary, and that is precisely where it is decided. — at 9–10","Write four things you would want said to you in a routine encounter with any authority, then compare them against your agency's published expectations for officer conduct."
CX-RESPOND-0075,SmartCiti.X : First Responder,"Law enforcement: authority, limits and accountability",PS-25,11–12,Lead,Public Safety Civics Reader,Procedural justice in an ordinary stop,"Whether people accept an outcome depends heavily on whether they were told why, given a voice, and treated with respect. Most encounters are ordinary, and that is precisely where it is decided. — at 11–12","Write four things you would want said to you in a routine encounter with any authority, then compare them against your agency's published expectations for officer conduct."
CX-RESPOND-0076,SmartCiti.X : First Responder,"Law enforcement: authority, limits and accountability",PS-26,K–2,Explorer,Public Safety Civics Reader,"Who watches, from outside","Independent review — a board, an inspector, an ombudsman, a court — exists so that an institution is not the only judge of itself. — at K–2","Find whether your area has a civilian oversight body for policing. Write down its name and what it can actually do, or write down that there is none."
CX-RESPOND-0077,SmartCiti.X : First Responder,"Law enforcement: authority, limits and accountability",PS-27,3–5,Explorer,Public Safety Civics Reader,"Who watches, from outside","Independent review — a board, an inspector, an ombudsman, a court — exists so that an institution is not the only judge of itself. — at 3–5","Find whether your area has a civilian oversight body for policing. Write down its name and what it can actually do, or write down that there is none."
CX-RESPOND-0078,SmartCiti.X : First Responder,"Law enforcement: authority, limits and accountability",PS-28,6–8,Builder,Public Safety Civics Reader,"Who watches, from outside","Independent review — a board, an inspector, an ombudsman, a court — exists so that an institution is not the only judge of itself. — at 6–8","Find whether your area has a civilian oversight body for policing. Write down its name and what it can actually do, or write down that there is none."
CX-RESPOND-0079,SmartCiti.X : First Responder,"Law enforcement: authority, limits and accountability",PS-29,9–10,Practitioner,Public Safety Civics Reader,"Who watches, from outside","Independent review — a board, an inspector, an ombudsman, a court — exists so that an institution is not the only judge of itself. — at 9–10","Find whether your area has a civilian oversight body for policing. Write down its name and what it can actually do, or write down that there is none."
CX-RESPOND-0080,SmartCiti.X : First Responder,"Law enforcement: authority, limits and accountability",PS-30,11–12,Lead,Public Safety Civics Reader,"Who watches, from outside","Independent review — a board, an inspector, an ombudsman, a court — exists so that an institution is not the only judge of itself. — at 11–12","Find whether your area has a civilian oversight body for policing. Write down its name and what it can actually do, or write down that there is none."
CX-RESPOND-0081,SmartCiti.X : First Responder,"Law enforcement: authority, limits and accountability",PS-31,K–2,Explorer,Public Safety Civics Reader,The report is the record,What happened becomes what was written. Evidence integrity and accurate reporting are the difference between a case and a story. — at K–2,"Write a factual account of something that happened at home today in under 120 words, using only what you directly observed. Mark every sentence that was actually an assumption."
CX-RESPOND-0082,SmartCiti.X : First Responder,"Law enforcement: authority, limits and accountability",PS-32,3–5,Explorer,Public Safety Civics Reader,The report is the record,What happened becomes what was written. Evidence integrity and accurate reporting are the difference between a case and a story. — at 3–5,"Write a factual account of something that happened at home today in under 120 words, using only what you directly observed. Mark every sentence that was actually an assumption."
CX-RESPOND-0083,SmartCiti.X : First Responder,"Law enforcement: authority, limits and accountability",PS-33,6–8,Builder,Public Safety Civics Reader,The report is the record,What happened becomes what was written. Evidence integrity and accurate reporting are the difference between a case and a story. — at 6–8,"Write a factual account of something that happened at home today in under 120 words, using only what you directly observed. Mark every sentence that was actually an assumption."
CX-RESPOND-0084,SmartCiti.X : First Responder,"Law enforcement: authority, limits and accountability",PS-34,9–10,Practitioner,Public Safety Civics Reader,The report is the record,What happened becomes what was written. Evidence integrity and accurate reporting are the difference between a case and a story. — at 9–10,"Write a factual account of something that happened at home today in under 120 words, using only what you directly observed. Mark every sentence that was actually an assumption."
CX-RESPOND-0085,SmartCiti.X : First Responder,"Law enforcement: authority, limits and accountability",PS-35,11–12,Lead,Public Safety Civics Reader,The report is the record,What happened becomes what was written. Evidence integrity and accurate reporting are the difference between a case and a story. — at 11–12,"Write a factual account of something that happened at home today in under 120 words, using only what you directly observed. Mark every sentence that was actually an assumption."
CX-RESPOND-0086,SmartCiti.X : First Responder,"Law enforcement: authority, limits and accountability",PS-36,K–2,Explorer,Public Safety Civics Reader,"Bias is a thing you check for, not a thing you deny","Impartial policing treats bias as a normal human failure mode to be designed against, with data, review and habit — not as an accusation to be rebutted. — at K–2","Find whether your agency publishes stop or arrest data broken down by demographic. Write down what is published, and one question the published data cannot answer."
CX-RESPOND-0087,SmartCiti.X : First Responder,"Law enforcement: authority, limits and accountability",PS-37,3–5,Explorer,Public Safety Civics Reader,"Bias is a thing you check for, not a thing you deny","Impartial policing treats bias as a normal human failure mode to be designed against, with data, review and habit — not as an accusation to be rebutted. — at 3–5","Find whether your agency publishes stop or arrest data broken down by demographic. Write down what is published, and one question the published data cannot answer."
CX-RESPOND-0088,SmartCiti.X : First Responder,"Law enforcement: authority, limits and accountability",PS-38,6–8,Builder,Public Safety Civics Reader,"Bias is a thing you check for, not a thing you deny","Impartial policing treats bias as a normal human failure mode to be designed against, with data, review and habit — not as an accusation to be rebutted. — at 6–8","Find whether your agency publishes stop or arrest data broken down by demographic. Write down what is published, and one question the published data cannot answer."
CX-RESPOND-0089,SmartCiti.X : First Responder,"Law enforcement: authority, limits and accountability",PS-39,9–10,Practitioner,Public Safety Civics Reader,"Bias is a thing you check for, not a thing you deny","Impartial policing treats bias as a normal human failure mode to be designed against, with data, review and habit — not as an accusation to be rebutted. — at 9–10","Find whether your agency publishes stop or arrest data broken down by demographic. Write down what is published, and one question the published data cannot answer."
CX-RESPOND-0090,SmartCiti.X : First Responder,"Law enforcement: authority, limits and accountability",PS-40,11–12,Lead,Public Safety Civics Reader,"Bias is a thing you check for, not a thing you deny","Impartial policing treats bias as a normal human failure mode to be designed against, with data, review and habit — not as an accusation to be rebutted. — at 11–12","Find whether your agency publishes stop or arrest data broken down by demographic. Write down what is published, and one question the published data cannot answer."
CX-RESPOND-0091,SmartCiti.X : First Responder,"Law enforcement: authority, limits and accountability",PS-41,K–2,Explorer,Public Safety Civics Reader,Your role inside somebody else's incident,"At a fire, a flood or a medical emergency the police officer is not in charge. Knowing which incidents are yours and which you support is a professional skill. — at K–2","Using published local material, write down who holds command at a structure fire, at a flood, and at a large public event in your area."
CX-RESPOND-0092,SmartCiti.X : First Responder,"Law enforcement: authority, limits and accountability",PS-42,3–5,Explorer,Public Safety Civics Reader,Your role inside somebody else's incident,"At a fire, a flood or a medical emergency the police officer is not in charge. Knowing which incidents are yours and which you support is a professional skill. — at 3–5","Using published local material, write down who holds command at a structure fire, at a flood, and at a large public event in your area."
CX-RESPOND-0093,SmartCiti.X : First Responder,"Law enforcement: authority, limits and accountability",PS-43,6–8,Builder,Public Safety Civics Reader,Your role inside somebody else's incident,"At a fire, a flood or a medical emergency the police officer is not in charge. Knowing which incidents are yours and which you support is a professional skill. — at 6–8","Using published local material, write down who holds command at a structure fire, at a flood, and at a large public event in your area."
CX-RESPOND-0094,SmartCiti.X : First Responder,"Law enforcement: authority, limits and accountability",PS-44,9–10,Practitioner,Public Safety Civics Reader,Your role inside somebody else's incident,"At a fire, a flood or a medical emergency the police officer is not in charge. Knowing which incidents are yours and which you support is a professional skill. — at 9–10","Using published local material, write down who holds command at a structure fire, at a flood, and at a large public event in your area."
CX-RESPOND-0095,SmartCiti.X : First Responder,"Law enforcement: authority, limits and accountability",PS-45,11–12,Lead,Public Safety Civics Reader,Your role inside somebody else's incident,"At a fire, a flood or a medical emergency the police officer is not in charge. Knowing which incidents are yours and which you support is a professional skill. — at 11–12","Using published local material, write down who holds command at a structure fire, at a flood, and at a large public event in your area."
CX-RESPOND-0096,SmartCiti.X : First Responder,"Law enforcement: authority, limits and accountability",PS-46,K–2,Explorer,Public Safety Civics Reader,The cost carried home,"Cumulative exposure to other people's worst days has a measurable toll. Peer support and a culture that permits using it are part of the job, not an admission about it. — at K–2","Find out whether your local agency publishes anything about peer support or employee assistance for its staff. Write down what you found, and what you could not find."
CX-RESPOND-0097,SmartCiti.X : First Responder,"Law enforcement: authority, limits and accountability",PS-47,3–5,Explorer,Public Safety Civics Reader,The cost carried home,"Cumulative exposure to other people's worst days has a measurable toll. Peer support and a culture that permits using it are part of the job, not an admission about it. — at 3–5","Find out whether your local agency publishes anything about peer support or employee assistance for its staff. Write down what you found, and what you could not find."
CX-RESPOND-0098,SmartCiti.X : First Responder,"Law enforcement: authority, limits and accountability",PS-48,6–8,Builder,Public Safety Civics Reader,The cost carried home,"Cumulative exposure to other people's worst days has a measurable toll. Peer support and a culture that permits using it are part of the job, not an admission about it. — at 6–8","Find out whether your local agency publishes anything about peer support or employee assistance for its staff. Write down what you found, and what you could not find."
CX-RESPOND-0099,SmartCiti.X : First Responder,"Law enforcement: authority, limits and accountability",PS-49,9–10,Practitioner,Public Safety Civics Reader,The cost carried home,"Cumulative exposure to other people's worst days has a measurable toll. Peer support and a culture that permits using it are part of the job, not an admission about it. — at 9–10","Find out whether your local agency publishes anything about peer support or employee assistance for its staff. Write down what you found, and what you could not find."
CX-RESPOND-0100,SmartCiti.X : First Responder,"Law enforcement: authority, limits and accountability",PS-50,11–12,Lead,Public Safety Civics Reader,The cost carried home,"Cumulative exposure to other people's worst days has a measurable toll. Peer support and a culture that permits using it are part of the job, not an admission about it. — at 11–12","Find out whether your local agency publishes anything about peer support or employee assistance for its staff. Write down what you found, and what you could not find."
CX-RESPOND-0101,SmartCiti.X : First Responder,Emergency medical services: the first ten minutes,MR-1,K–2,Explorer,Medical Response Reader,Is it safe to be here at all,"The first assessment is not of the patient but of the scene. A responder who becomes a second patient has made the situation worse, not better. — at K–2","Walk through your home and write down three things that would make it hard or unsafe for a stretcher crew to reach a bedroom — stairs, clutter, a narrow turn, a locked gate."
CX-RESPOND-0102,SmartCiti.X : First Responder,Emergency medical services: the first ten minutes,MR-2,3–5,Explorer,Medical Response Reader,Is it safe to be here at all,"The first assessment is not of the patient but of the scene. A responder who becomes a second patient has made the situation worse, not better. — at 3–5","Walk through your home and write down three things that would make it hard or unsafe for a stretcher crew to reach a bedroom — stairs, clutter, a narrow turn, a locked gate."
CX-RESPOND-0103,SmartCiti.X : First Responder,Emergency medical services: the first ten minutes,MR-3,6–8,Builder,Medical Response Reader,Is it safe to be here at all,"The first assessment is not of the patient but of the scene. A responder who becomes a second patient has made the situation worse, not better. — at 6–8","Walk through your home and write down three things that would make it hard or unsafe for a stretcher crew to reach a bedroom — stairs, clutter, a narrow turn, a locked gate."
CX-RESPOND-0104,SmartCiti.X : First Responder,Emergency medical services: the first ten minutes,MR-4,9–10,Practitioner,Medical Response Reader,Is it safe to be here at all,"The first assessment is not of the patient but of the scene. A responder who becomes a second patient has made the situation worse, not better. — at 9–10","Walk through your home and write down three things that would make it hard or unsafe for a stretcher crew to reach a bedroom — stairs, clutter, a narrow turn, a locked gate."
CX-RESPOND-0105,SmartCiti.X : First Responder,Emergency medical services: the first ten minutes,MR-5,11–12,Lead,Medical Response Reader,Is it safe to be here at all,"The first assessment is not of the patient but of the scene. A responder who becomes a second patient has made the situation worse, not better. — at 11–12","Walk through your home and write down three things that would make it hard or unsafe for a stretcher crew to reach a bedroom — stairs, clutter, a narrow turn, a locked gate."
CX-RESPOND-0106,SmartCiti.X : First Responder,Emergency medical services: the first ten minutes,MR-6,K–2,Explorer,Medical Response Reader,A framework beats a hunch,"Assessment follows a fixed order every time, so that nothing important is skipped when attention narrows under stress. The order is the point. — at K–2","Write down the order in which you check a household problem — a leak, a smell, a power cut. Then do it in that order next time and note where the written order was wrong."
CX-RESPOND-0107,SmartCiti.X : First Responder,Emergency medical services: the first ten minutes,MR-7,3–5,Explorer,Medical Response Reader,A framework beats a hunch,"Assessment follows a fixed order every time, so that nothing important is skipped when attention narrows under stress. The order is the point. — at 3–5","Write down the order in which you check a household problem — a leak, a smell, a power cut. Then do it in that order next time and note where the written order was wrong."
CX-RESPOND-0108,SmartCiti.X : First Responder,Emergency medical services: the first ten minutes,MR-8,6–8,Builder,Medical Response Reader,A framework beats a hunch,"Assessment follows a fixed order every time, so that nothing important is skipped when attention narrows under stress. The order is the point. — at 6–8","Write down the order in which you check a household problem — a leak, a smell, a power cut. Then do it in that order next time and note where the written order was wrong."
CX-RESPOND-0109,SmartCiti.X : First Responder,Emergency medical services: the first ten minutes,MR-9,9–10,Practitioner,Medical Response Reader,A framework beats a hunch,"Assessment follows a fixed order every time, so that nothing important is skipped when attention narrows under stress. The order is the point. — at 9–10","Write down the order in which you check a household problem — a leak, a smell, a power cut. Then do it in that order next time and note where the written order was wrong."
CX-RESPOND-0110,SmartCiti.X : First Responder,Emergency medical services: the first ten minutes,MR-10,11–12,Lead,Medical Response Reader,A framework beats a hunch,"Assessment follows a fixed order every time, so that nothing important is skipped when attention narrows under stress. The order is the point. — at 11–12","Write down the order in which you check a household problem — a leak, a smell, a power cut. Then do it in that order next time and note where the written order was wrong."
CX-RESPOND-0111,SmartCiti.X : First Responder,Emergency medical services: the first ten minutes,MR-11,K–2,Explorer,Medical Response Reader,The edge of your own certification,"Every level of EMS certification has a defined scope, and the professional skill is knowing where yours ends and saying so out loud rather than reaching past it. — at K–2",Find your state's published scope-of-practice summary and write down two things a paramedic may do that an EMT may not.
CX-RESPOND-0112,SmartCiti.X : First Responder,Emergency medical services: the first ten minutes,MR-12,3–5,Explorer,Medical Response Reader,The edge of your own certification,"Every level of EMS certification has a defined scope, and the professional skill is knowing where yours ends and saying so out loud rather than reaching past it. — at 3–5",Find your state's published scope-of-practice summary and write down two things a paramedic may do that an EMT may not.
CX-RESPOND-0113,SmartCiti.X : First Responder,Emergency medical services: the first ten minutes,MR-13,6–8,Builder,Medical Response Reader,The edge of your own certification,"Every level of EMS certification has a defined scope, and the professional skill is knowing where yours ends and saying so out loud rather than reaching past it. — at 6–8",Find your state's published scope-of-practice summary and write down two things a paramedic may do that an EMT may not.
CX-RESPOND-0114,SmartCiti.X : First Responder,Emergency medical services: the first ten minutes,MR-14,9–10,Practitioner,Medical Response Reader,The edge of your own certification,"Every level of EMS certification has a defined scope, and the professional skill is knowing where yours ends and saying so out loud rather than reaching past it. — at 9–10",Find your state's published scope-of-practice summary and write down two things a paramedic may do that an EMT may not.
CX-RESPOND-0115,SmartCiti.X : First Responder,Emergency medical services: the first ten minutes,MR-15,11–12,Lead,Medical Response Reader,The edge of your own certification,"Every level of EMS certification has a defined scope, and the professional skill is knowing where yours ends and saying so out loud rather than reaching past it. — at 11–12",Find your state's published scope-of-practice summary and write down two things a paramedic may do that an EMT may not.
CX-RESPOND-0116,SmartCiti.X : First Responder,Emergency medical services: the first ten minutes,MR-16,K–2,Explorer,Medical Response Reader,"Somebody else's licence, somebody else's protocol",Much of what EMS does is performed under the authority of a physician medical director. Working inside someone else's clinical authority is a structural feature of the job. — at K–2,"Find who provides medical direction for the EMS agency serving your area, or write down that the information is not published."
CX-RESPOND-0117,SmartCiti.X : First Responder,Emergency medical services: the first ten minutes,MR-17,3–5,Explorer,Medical Response Reader,"Somebody else's licence, somebody else's protocol",Much of what EMS does is performed under the authority of a physician medical director. Working inside someone else's clinical authority is a structural feature of the job. — at 3–5,"Find who provides medical direction for the EMS agency serving your area, or write down that the information is not published."
CX-RESPOND-0118,SmartCiti.X : First Responder,Emergency medical services: the first ten minutes,MR-18,6–8,Builder,Medical Response Reader,"Somebody else's licence, somebody else's protocol",Much of what EMS does is performed under the authority of a physician medical director. Working inside someone else's clinical authority is a structural feature of the job. — at 6–8,"Find who provides medical direction for the EMS agency serving your area, or write down that the information is not published."
CX-RESPOND-0119,SmartCiti.X : First Responder,Emergency medical services: the first ten minutes,MR-19,9–10,Practitioner,Medical Response Reader,"Somebody else's licence, somebody else's protocol",Much of what EMS does is performed under the authority of a physician medical director. Working inside someone else's clinical authority is a structural feature of the job. — at 9–10,"Find who provides medical direction for the EMS agency serving your area, or write down that the information is not published."
CX-RESPOND-0120,SmartCiti.X : First Responder,Emergency medical services: the first ten minutes,MR-20,11–12,Lead,Medical Response Reader,"Somebody else's licence, somebody else's protocol",Much of what EMS does is performed under the authority of a physician medical director. Working inside someone else's clinical authority is a structural feature of the job. — at 11–12,"Find who provides medical direction for the EMS agency serving your area, or write down that the information is not published."
CX-RESPOND-0121,SmartCiti.X : First Responder,Emergency medical services: the first ten minutes,MR-21,K–2,Explorer,Medical Response Reader,The handover,"Care transfers through a short, structured spoken summary and the record behind it. Most information lost in a hospital corridor is lost right there. — at K–2","Summarise a complicated household situation to someone in exactly 30 seconds, in a fixed order, then have them repeat it back. Note what they dropped."
CX-RESPOND-0122,SmartCiti.X : First Responder,Emergency medical services: the first ten minutes,MR-22,3–5,Explorer,Medical Response Reader,The handover,"Care transfers through a short, structured spoken summary and the record behind it. Most information lost in a hospital corridor is lost right there. — at 3–5","Summarise a complicated household situation to someone in exactly 30 seconds, in a fixed order, then have them repeat it back. Note what they dropped."
CX-RESPOND-0123,SmartCiti.X : First Responder,Emergency medical services: the first ten minutes,MR-23,6–8,Builder,Medical Response Reader,The handover,"Care transfers through a short, structured spoken summary and the record behind it. Most information lost in a hospital corridor is lost right there. — at 6–8","Summarise a complicated household situation to someone in exactly 30 seconds, in a fixed order, then have them repeat it back. Note what they dropped."
CX-RESPOND-0124,SmartCiti.X : First Responder,Emergency medical services: the first ten minutes,MR-24,9–10,Practitioner,Medical Response Reader,The handover,"Care transfers through a short, structured spoken summary and the record behind it. Most information lost in a hospital corridor is lost right there. — at 9–10","Summarise a complicated household situation to someone in exactly 30 seconds, in a fixed order, then have them repeat it back. Note what they dropped."
CX-RESPOND-0125,SmartCiti.X : First Responder,Emergency medical services: the first ten minutes,MR-25,11–12,Lead,Medical Response Reader,The handover,"Care transfers through a short, structured spoken summary and the record behind it. Most information lost in a hospital corridor is lost right there. — at 11–12","Summarise a complicated household situation to someone in exactly 30 seconds, in a fixed order, then have them repeat it back. Note what they dropped."
CX-RESPOND-0126,SmartCiti.X : First Responder,Emergency medical services: the first ten minutes,MR-26,K–2,Explorer,Medical Response Reader,"Consent, capacity and the right to refuse","An adult who understands the consequences may refuse care. Recognising and respecting that is a legal and ethical duty, and it is uncomfortable by design. — at K–2","Find your state's published Good Samaritan provision and write down, in plain words, what it does and does not protect."
CX-RESPOND-0127,SmartCiti.X : First Responder,Emergency medical services: the first ten minutes,MR-27,3–5,Explorer,Medical Response Reader,"Consent, capacity and the right to refuse","An adult who understands the consequences may refuse care. Recognising and respecting that is a legal and ethical duty, and it is uncomfortable by design. — at 3–5","Find your state's published Good Samaritan provision and write down, in plain words, what it does and does not protect."
CX-RESPOND-0128,SmartCiti.X : First Responder,Emergency medical services: the first ten minutes,MR-28,6–8,Builder,Medical Response Reader,"Consent, capacity and the right to refuse","An adult who understands the consequences may refuse care. Recognising and respecting that is a legal and ethical duty, and it is uncomfortable by design. — at 6–8","Find your state's published Good Samaritan provision and write down, in plain words, what it does and does not protect."
CX-RESPOND-0129,SmartCiti.X : First Responder,Emergency medical services: the first ten minutes,MR-29,9–10,Practitioner,Medical Response Reader,"Consent, capacity and the right to refuse","An adult who understands the consequences may refuse care. Recognising and respecting that is a legal and ethical duty, and it is uncomfortable by design. — at 9–10","Find your state's published Good Samaritan provision and write down, in plain words, what it does and does not protect."
CX-RESPOND-0130,SmartCiti.X : First Responder,Emergency medical services: the first ten minutes,MR-30,11–12,Lead,Medical Response Reader,"Consent, capacity and the right to refuse","An adult who understands the consequences may refuse care. Recognising and respecting that is a legal and ethical duty, and it is uncomfortable by design. — at 11–12","Find your state's published Good Samaritan provision and write down, in plain words, what it does and does not protect."
CX-RESPOND-0131,SmartCiti.X : First Responder,Emergency medical services: the first ten minutes,MR-31,K–2,Explorer,Medical Response Reader,When there are more patients than hands,"A mass casualty incident changes the goal from doing everything for one person to doing the most good across many. The role each responder holds is assigned, not chosen. — at K–2",Find one published description of how your region organises a multiple-casualty incident and write down the roles it names. Do not attempt any sorting method yourself.
CX-RESPOND-0132,SmartCiti.X : First Responder,Emergency medical services: the first ten minutes,MR-32,3–5,Explorer,Medical Response Reader,When there are more patients than hands,"A mass casualty incident changes the goal from doing everything for one person to doing the most good across many. The role each responder holds is assigned, not chosen. — at 3–5",Find one published description of how your region organises a multiple-casualty incident and write down the roles it names. Do not attempt any sorting method yourself.
CX-RESPOND-0133,SmartCiti.X : First Responder,Emergency medical services: the first ten minutes,MR-33,6–8,Builder,Medical Response Reader,When there are more patients than hands,"A mass casualty incident changes the goal from doing everything for one person to doing the most good across many. The role each responder holds is assigned, not chosen. — at 6–8",Find one published description of how your region organises a multiple-casualty incident and write down the roles it names. Do not attempt any sorting method yourself.
CX-RESPOND-0134,SmartCiti.X : First Responder,Emergency medical services: the first ten minutes,MR-34,9–10,Practitioner,Medical Response Reader,When there are more patients than hands,"A mass casualty incident changes the goal from doing everything for one person to doing the most good across many. The role each responder holds is assigned, not chosen. — at 9–10",Find one published description of how your region organises a multiple-casualty incident and write down the roles it names. Do not attempt any sorting method yourself.
CX-RESPOND-0135,SmartCiti.X : First Responder,Emergency medical services: the first ten minutes,MR-35,11–12,Lead,Medical Response Reader,When there are more patients than hands,"A mass casualty incident changes the goal from doing everything for one person to doing the most good across many. The role each responder holds is assigned, not chosen. — at 11–12",Find one published description of how your region organises a multiple-casualty incident and write down the roles it names. Do not attempt any sorting method yourself.
CX-RESPOND-0136,SmartCiti.X : First Responder,Emergency medical services: the first ten minutes,MR-36,K–2,Explorer,Medical Response Reader,Two people are a crew,"A two-person team has no spare capacity, so its communication has to be deliberate: state what you are doing, say when you are stuck, speak up when something looks wrong. — at K–2",Do a two-person household task where each person must say aloud what they are doing before doing it. Write what that changed and what it cost in time.
CX-RESPOND-0137,SmartCiti.X : First Responder,Emergency medical services: the first ten minutes,MR-37,3–5,Explorer,Medical Response Reader,Two people are a crew,"A two-person team has no spare capacity, so its communication has to be deliberate: state what you are doing, say when you are stuck, speak up when something looks wrong. — at 3–5",Do a two-person household task where each person must say aloud what they are doing before doing it. Write what that changed and what it cost in time.
CX-RESPOND-0138,SmartCiti.X : First Responder,Emergency medical services: the first ten minutes,MR-38,6–8,Builder,Medical Response Reader,Two people are a crew,"A two-person team has no spare capacity, so its communication has to be deliberate: state what you are doing, say when you are stuck, speak up when something looks wrong. — at 6–8",Do a two-person household task where each person must say aloud what they are doing before doing it. Write what that changed and what it cost in time.
CX-RESPOND-0139,SmartCiti.X : First Responder,Emergency medical services: the first ten minutes,MR-39,9–10,Practitioner,Medical Response Reader,Two people are a crew,"A two-person team has no spare capacity, so its communication has to be deliberate: state what you are doing, say when you are stuck, speak up when something looks wrong. — at 9–10",Do a two-person household task where each person must say aloud what they are doing before doing it. Write what that changed and what it cost in time.
CX-RESPOND-0140,SmartCiti.X : First Responder,Emergency medical services: the first ten minutes,MR-40,11–12,Lead,Medical Response Reader,Two people are a crew,"A two-person team has no spare capacity, so its communication has to be deliberate: state what you are doing, say when you are stuck, speak up when something looks wrong. — at 11–12",Do a two-person household task where each person must say aloud what they are doing before doing it. Write what that changed and what it cost in time.
CX-RESPOND-0141,SmartCiti.X : First Responder,Emergency medical services: the first ten minutes,MR-41,K–2,Explorer,Medical Response Reader,"Routine protection, not emergency protection","Infection and exposure control works because it is done every time, on ordinary calls, long before anyone knows a call was dangerous. — at K–2","Write down what your household does routinely, not occasionally, to prevent illness spreading, and one thing it only does when somebody is already ill."
CX-RESPOND-0142,SmartCiti.X : First Responder,Emergency medical services: the first ten minutes,MR-42,3–5,Explorer,Medical Response Reader,"Routine protection, not emergency protection","Infection and exposure control works because it is done every time, on ordinary calls, long before anyone knows a call was dangerous. — at 3–5","Write down what your household does routinely, not occasionally, to prevent illness spreading, and one thing it only does when somebody is already ill."
CX-RESPOND-0143,SmartCiti.X : First Responder,Emergency medical services: the first ten minutes,MR-43,6–8,Builder,Medical Response Reader,"Routine protection, not emergency protection","Infection and exposure control works because it is done every time, on ordinary calls, long before anyone knows a call was dangerous. — at 6–8","Write down what your household does routinely, not occasionally, to prevent illness spreading, and one thing it only does when somebody is already ill."
CX-RESPOND-0144,SmartCiti.X : First Responder,Emergency medical services: the first ten minutes,MR-44,9–10,Practitioner,Medical Response Reader,"Routine protection, not emergency protection","Infection and exposure control works because it is done every time, on ordinary calls, long before anyone knows a call was dangerous. — at 9–10","Write down what your household does routinely, not occasionally, to prevent illness spreading, and one thing it only does when somebody is already ill."
CX-RESPOND-0145,SmartCiti.X : First Responder,Emergency medical services: the first ten minutes,MR-45,11–12,Lead,Medical Response Reader,"Routine protection, not emergency protection","Infection and exposure control works because it is done every time, on ordinary calls, long before anyone knows a call was dangerous. — at 11–12","Write down what your household does routinely, not occasionally, to prevent illness spreading, and one thing it only does when somebody is already ill."
CX-RESPOND-0146,SmartCiti.X : First Responder,Emergency medical services: the first ten minutes,MR-46,K–2,Explorer,Medical Response Reader,Tired people make different decisions,Fatigue and accumulated distress change judgement measurably. Systems that acknowledge this build in relief and supervision rather than relying on individual toughness. — at K–2,Track your own sleep for three days and write down one decision you made while tired that you would have made differently rested.
CX-RESPOND-0147,SmartCiti.X : First Responder,Emergency medical services: the first ten minutes,MR-47,3–5,Explorer,Medical Response Reader,Tired people make different decisions,Fatigue and accumulated distress change judgement measurably. Systems that acknowledge this build in relief and supervision rather than relying on individual toughness. — at 3–5,Track your own sleep for three days and write down one decision you made while tired that you would have made differently rested.
CX-RESPOND-0148,SmartCiti.X : First Responder,Emergency medical services: the first ten minutes,MR-48,6–8,Builder,Medical Response Reader,Tired people make different decisions,Fatigue and accumulated distress change judgement measurably. Systems that acknowledge this build in relief and supervision rather than relying on individual toughness. — at 6–8,Track your own sleep for three days and write down one decision you made while tired that you would have made differently rested.
CX-RESPOND-0149,SmartCiti.X : First Responder,Emergency medical services: the first ten minutes,MR-49,9–10,Practitioner,Medical Response Reader,Tired people make different decisions,Fatigue and accumulated distress change judgement measurably. Systems that acknowledge this build in relief and supervision rather than relying on individual toughness. — at 9–10,Track your own sleep for three days and write down one decision you made while tired that you would have made differently rested.
CX-RESPOND-0150,SmartCiti.X : First Responder,Emergency medical services: the first ten minutes,MR-50,11–12,Lead,Medical Response Reader,Tired people make different decisions,Fatigue and accumulated distress change judgement measurably. Systems that acknowledge this build in relief and supervision rather than relying on individual toughness. — at 11–12,Track your own sleep for three days and write down one decision you made while tired that you would have made differently rested.
CX-RESPOND-0151,SmartCiti.X : First Responder,"Emergency management: before, during and after",EM-1,K–2,Explorer,Emergency Management Reader,"Hold your position, and only your position",In an incident command structure every person has one job and one person they report to. Freelancing outside your position is the failure the whole structure exists to prevent. — at K–2,Find your county or parish emergency management office and write down the positions its published plan names.
CX-RESPOND-0152,SmartCiti.X : First Responder,"Emergency management: before, during and after",EM-2,3–5,Explorer,Emergency Management Reader,"Hold your position, and only your position",In an incident command structure every person has one job and one person they report to. Freelancing outside your position is the failure the whole structure exists to prevent. — at 3–5,Find your county or parish emergency management office and write down the positions its published plan names.
CX-RESPOND-0153,SmartCiti.X : First Responder,"Emergency management: before, during and after",EM-3,6–8,Builder,Emergency Management Reader,"Hold your position, and only your position",In an incident command structure every person has one job and one person they report to. Freelancing outside your position is the failure the whole structure exists to prevent. — at 6–8,Find your county or parish emergency management office and write down the positions its published plan names.
CX-RESPOND-0154,SmartCiti.X : First Responder,"Emergency management: before, during and after",EM-4,9–10,Practitioner,Emergency Management Reader,"Hold your position, and only your position",In an incident command structure every person has one job and one person they report to. Freelancing outside your position is the failure the whole structure exists to prevent. — at 9–10,Find your county or parish emergency management office and write down the positions its published plan names.
CX-RESPOND-0155,SmartCiti.X : First Responder,"Emergency management: before, during and after",EM-5,11–12,Lead,Emergency Management Reader,"Hold your position, and only your position",In an incident command structure every person has one job and one person they report to. Freelancing outside your position is the failure the whole structure exists to prevent. — at 11–12,Find your county or parish emergency management office and write down the positions its published plan names.
CX-RESPOND-0156,SmartCiti.X : First Responder,"Emergency management: before, during and after",EM-6,K–2,Explorer,Emergency Management Reader,The room where the coordination happens,An emergency operations centre coordinates; it does not command the scene. Knowing the difference between coordinating resources and directing responders is the core of the discipline. — at K–2,"Find whether your jurisdiction publishes the location or function of its emergency operations centre, and write down what it says the centre does."
CX-RESPOND-0157,SmartCiti.X : First Responder,"Emergency management: before, during and after",EM-7,3–5,Explorer,Emergency Management Reader,The room where the coordination happens,An emergency operations centre coordinates; it does not command the scene. Knowing the difference between coordinating resources and directing responders is the core of the discipline. — at 3–5,"Find whether your jurisdiction publishes the location or function of its emergency operations centre, and write down what it says the centre does."
CX-RESPOND-0158,SmartCiti.X : First Responder,"Emergency management: before, during and after",EM-8,6–8,Builder,Emergency Management Reader,The room where the coordination happens,An emergency operations centre coordinates; it does not command the scene. Knowing the difference between coordinating resources and directing responders is the core of the discipline. — at 6–8,"Find whether your jurisdiction publishes the location or function of its emergency operations centre, and write down what it says the centre does."
CX-RESPOND-0159,SmartCiti.X : First Responder,"Emergency management: before, during and after",EM-9,9–10,Practitioner,Emergency Management Reader,The room where the coordination happens,An emergency operations centre coordinates; it does not command the scene. Knowing the difference between coordinating resources and directing responders is the core of the discipline. — at 9–10,"Find whether your jurisdiction publishes the location or function of its emergency operations centre, and write down what it says the centre does."
CX-RESPOND-0160,SmartCiti.X : First Responder,"Emergency management: before, during and after",EM-10,11–12,Lead,Emergency Management Reader,The room where the coordination happens,An emergency operations centre coordinates; it does not command the scene. Knowing the difference between coordinating resources and directing responders is the core of the discipline. — at 11–12,"Find whether your jurisdiction publishes the location or function of its emergency operations centre, and write down what it says the centre does."
CX-RESPOND-0161,SmartCiti.X : First Responder,"Emergency management: before, during and after",EM-11,K–2,Explorer,Emergency Management Reader,Asking for help correctly,Mutual aid moves people and equipment between jurisdictions through agreements signed long before the emergency. The paperwork is the reason help arrives. — at K–2,Find one published mutual aid agreement or compact your state participates in and write down what it covers.
CX-RESPOND-0162,SmartCiti.X : First Responder,"Emergency management: before, during and after",EM-12,3–5,Explorer,Emergency Management Reader,Asking for help correctly,Mutual aid moves people and equipment between jurisdictions through agreements signed long before the emergency. The paperwork is the reason help arrives. — at 3–5,Find one published mutual aid agreement or compact your state participates in and write down what it covers.
CX-RESPOND-0163,SmartCiti.X : First Responder,"Emergency management: before, during and after",EM-13,6–8,Builder,Emergency Management Reader,Asking for help correctly,Mutual aid moves people and equipment between jurisdictions through agreements signed long before the emergency. The paperwork is the reason help arrives. — at 6–8,Find one published mutual aid agreement or compact your state participates in and write down what it covers.
CX-RESPOND-0164,SmartCiti.X : First Responder,"Emergency management: before, during and after",EM-14,9–10,Practitioner,Emergency Management Reader,Asking for help correctly,Mutual aid moves people and equipment between jurisdictions through agreements signed long before the emergency. The paperwork is the reason help arrives. — at 9–10,Find one published mutual aid agreement or compact your state participates in and write down what it covers.
CX-RESPOND-0165,SmartCiti.X : First Responder,"Emergency management: before, during and after",EM-15,11–12,Lead,Emergency Management Reader,Asking for help correctly,Mutual aid moves people and equipment between jurisdictions through agreements signed long before the emergency. The paperwork is the reason help arrives. — at 11–12,Find one published mutual aid agreement or compact your state participates in and write down what it covers.
CX-RESPOND-0166,SmartCiti.X : First Responder,"Emergency management: before, during and after",EM-16,K–2,Explorer,Emergency Management Reader,The clock everyone works to,"Response is organised into operational periods with a planning cycle, so that a long emergency becomes a series of manageable shifts with written objectives. — at K–2",Plan a household task in two blocks with written objectives for each. Write what changed between block one and block two.
CX-RESPOND-0167,SmartCiti.X : First Responder,"Emergency management: before, during and after",EM-17,3–5,Explorer,Emergency Management Reader,The clock everyone works to,"Response is organised into operational periods with a planning cycle, so that a long emergency becomes a series of manageable shifts with written objectives. — at 3–5",Plan a household task in two blocks with written objectives for each. Write what changed between block one and block two.
CX-RESPOND-0168,SmartCiti.X : First Responder,"Emergency management: before, during and after",EM-18,6–8,Builder,Emergency Management Reader,The clock everyone works to,"Response is organised into operational periods with a planning cycle, so that a long emergency becomes a series of manageable shifts with written objectives. — at 6–8",Plan a household task in two blocks with written objectives for each. Write what changed between block one and block two.
CX-RESPOND-0169,SmartCiti.X : First Responder,"Emergency management: before, during and after",EM-19,9–10,Practitioner,Emergency Management Reader,The clock everyone works to,"Response is organised into operational periods with a planning cycle, so that a long emergency becomes a series of manageable shifts with written objectives. — at 9–10",Plan a household task in two blocks with written objectives for each. Write what changed between block one and block two.
CX-RESPOND-0170,SmartCiti.X : First Responder,"Emergency management: before, during and after",EM-20,11–12,Lead,Emergency Management Reader,The clock everyone works to,"Response is organised into operational periods with a planning cycle, so that a long emergency becomes a series of manageable shifts with written objectives. — at 11–12",Plan a household task in two blocks with written objectives for each. Write what changed between block one and block two.
CX-RESPOND-0171,SmartCiti.X : First Responder,"Emergency management: before, during and after",EM-21,K–2,Explorer,Emergency Management Reader,Warning people so they act,"A warning that does not reach people, or does not tell them what to do, has not worked. Public information is a response function, not a press function. — at K–2","Sign up for your jurisdiction's emergency alert system, or if you already have, find what channels it uses and write down which ones would reach you at 3am."
CX-RESPOND-0172,SmartCiti.X : First Responder,"Emergency management: before, during and after",EM-22,3–5,Explorer,Emergency Management Reader,Warning people so they act,"A warning that does not reach people, or does not tell them what to do, has not worked. Public information is a response function, not a press function. — at 3–5","Sign up for your jurisdiction's emergency alert system, or if you already have, find what channels it uses and write down which ones would reach you at 3am."
CX-RESPOND-0173,SmartCiti.X : First Responder,"Emergency management: before, during and after",EM-23,6–8,Builder,Emergency Management Reader,Warning people so they act,"A warning that does not reach people, or does not tell them what to do, has not worked. Public information is a response function, not a press function. — at 6–8","Sign up for your jurisdiction's emergency alert system, or if you already have, find what channels it uses and write down which ones would reach you at 3am."
CX-RESPOND-0174,SmartCiti.X : First Responder,"Emergency management: before, during and after",EM-24,9–10,Practitioner,Emergency Management Reader,Warning people so they act,"A warning that does not reach people, or does not tell them what to do, has not worked. Public information is a response function, not a press function. — at 9–10","Sign up for your jurisdiction's emergency alert system, or if you already have, find what channels it uses and write down which ones would reach you at 3am."
CX-RESPOND-0175,SmartCiti.X : First Responder,"Emergency management: before, during and after",EM-25,11–12,Lead,Emergency Management Reader,Warning people so they act,"A warning that does not reach people, or does not tell them what to do, has not worked. Public information is a response function, not a press function. — at 11–12","Sign up for your jurisdiction's emergency alert system, or if you already have, find what channels it uses and write down which ones would reach you at 3am."
CX-RESPOND-0176,SmartCiti.X : First Responder,"Emergency management: before, during and after",EM-26,K–2,Explorer,Emergency Management Reader,Where people go,"Mass care and sheltering is a coordinated operation with real constraints — capacity, accessibility, pets, medication, food. Most of its problems are logistics. — at K–2","Find the designated shelter nearest you and write down whether the published material says anything about accessibility, pets, or medical needs."
CX-RESPOND-0177,SmartCiti.X : First Responder,"Emergency management: before, during and after",EM-27,3–5,Explorer,Emergency Management Reader,Where people go,"Mass care and sheltering is a coordinated operation with real constraints — capacity, accessibility, pets, medication, food. Most of its problems are logistics. — at 3–5","Find the designated shelter nearest you and write down whether the published material says anything about accessibility, pets, or medical needs."
CX-RESPOND-0178,SmartCiti.X : First Responder,"Emergency management: before, during and after",EM-28,6–8,Builder,Emergency Management Reader,Where people go,"Mass care and sheltering is a coordinated operation with real constraints — capacity, accessibility, pets, medication, food. Most of its problems are logistics. — at 6–8","Find the designated shelter nearest you and write down whether the published material says anything about accessibility, pets, or medical needs."
CX-RESPOND-0179,SmartCiti.X : First Responder,"Emergency management: before, during and after",EM-29,9–10,Practitioner,Emergency Management Reader,Where people go,"Mass care and sheltering is a coordinated operation with real constraints — capacity, accessibility, pets, medication, food. Most of its problems are logistics. — at 9–10","Find the designated shelter nearest you and write down whether the published material says anything about accessibility, pets, or medical needs."
CX-RESPOND-0180,SmartCiti.X : First Responder,"Emergency management: before, during and after",EM-30,11–12,Lead,Emergency Management Reader,Where people go,"Mass care and sheltering is a coordinated operation with real constraints — capacity, accessibility, pets, medication, food. Most of its problems are logistics. — at 11–12","Find the designated shelter nearest you and write down whether the published material says anything about accessibility, pets, or medical needs."
CX-RESPOND-0181,SmartCiti.X : First Responder,"Emergency management: before, during and after",EM-31,K–2,Explorer,Emergency Management Reader,Counting the damage,"Damage assessment turns a disaster into numbers that unlock assistance. It is slow, unglamorous, and determines what a community can rebuild. — at K–2","Find one published damage assessment or after-action report from a past event in your state, and write down two categories it counted."
CX-RESPOND-0182,SmartCiti.X : First Responder,"Emergency management: before, during and after",EM-32,3–5,Explorer,Emergency Management Reader,Counting the damage,"Damage assessment turns a disaster into numbers that unlock assistance. It is slow, unglamorous, and determines what a community can rebuild. — at 3–5","Find one published damage assessment or after-action report from a past event in your state, and write down two categories it counted."
CX-RESPOND-0183,SmartCiti.X : First Responder,"Emergency management: before, during and after",EM-33,6–8,Builder,Emergency Management Reader,Counting the damage,"Damage assessment turns a disaster into numbers that unlock assistance. It is slow, unglamorous, and determines what a community can rebuild. — at 6–8","Find one published damage assessment or after-action report from a past event in your state, and write down two categories it counted."
CX-RESPOND-0184,SmartCiti.X : First Responder,"Emergency management: before, during and after",EM-34,9–10,Practitioner,Emergency Management Reader,Counting the damage,"Damage assessment turns a disaster into numbers that unlock assistance. It is slow, unglamorous, and determines what a community can rebuild. — at 9–10","Find one published damage assessment or after-action report from a past event in your state, and write down two categories it counted."
CX-RESPOND-0185,SmartCiti.X : First Responder,"Emergency management: before, during and after",EM-35,11–12,Lead,Emergency Management Reader,Counting the damage,"Damage assessment turns a disaster into numbers that unlock assistance. It is slow, unglamorous, and determines what a community can rebuild. — at 11–12","Find one published damage assessment or after-action report from a past event in your state, and write down two categories it counted."
CX-RESPOND-0186,SmartCiti.X : First Responder,"Emergency management: before, during and after",EM-36,K–2,Explorer,Emergency Management Reader,The responder's own organisation has to keep working,"Continuity of operations means the agency itself — payroll, dispatch, records — survives the event it is responding to. — at K–2","Write down three things your household depends on that would stop working in a three-day power outage, and what the substitute would be."
CX-RESPOND-0187,SmartCiti.X : First Responder,"Emergency management: before, during and after",EM-37,3–5,Explorer,Emergency Management Reader,The responder's own organisation has to keep working,"Continuity of operations means the agency itself — payroll, dispatch, records — survives the event it is responding to. — at 3–5","Write down three things your household depends on that would stop working in a three-day power outage, and what the substitute would be."
CX-RESPOND-0188,SmartCiti.X : First Responder,"Emergency management: before, during and after",EM-38,6–8,Builder,Emergency Management Reader,The responder's own organisation has to keep working,"Continuity of operations means the agency itself — payroll, dispatch, records — survives the event it is responding to. — at 6–8","Write down three things your household depends on that would stop working in a three-day power outage, and what the substitute would be."
CX-RESPOND-0189,SmartCiti.X : First Responder,"Emergency management: before, during and after",EM-39,9–10,Practitioner,Emergency Management Reader,The responder's own organisation has to keep working,"Continuity of operations means the agency itself — payroll, dispatch, records — survives the event it is responding to. — at 9–10","Write down three things your household depends on that would stop working in a three-day power outage, and what the substitute would be."
CX-RESPOND-0190,SmartCiti.X : First Responder,"Emergency management: before, during and after",EM-40,11–12,Lead,Emergency Management Reader,The responder's own organisation has to keep working,"Continuity of operations means the agency itself — payroll, dispatch, records — survives the event it is responding to. — at 11–12","Write down three things your household depends on that would stop working in a three-day power outage, and what the substitute would be."
CX-RESPOND-0191,SmartCiti.X : First Responder,"Emergency management: before, during and after",EM-41,K–2,Explorer,Emergency Management Reader,Helping without getting in the way,Spontaneous volunteers and unrequested donations can consume more capacity than they add. Affiliating in advance is what makes willingness useful. — at K–2,"Find one organisation in your area that registers disaster volunteers before an event, and write down what it asks of them."
CX-RESPOND-0192,SmartCiti.X : First Responder,"Emergency management: before, during and after",EM-42,3–5,Explorer,Emergency Management Reader,Helping without getting in the way,Spontaneous volunteers and unrequested donations can consume more capacity than they add. Affiliating in advance is what makes willingness useful. — at 3–5,"Find one organisation in your area that registers disaster volunteers before an event, and write down what it asks of them."
CX-RESPOND-0193,SmartCiti.X : First Responder,"Emergency management: before, during and after",EM-43,6–8,Builder,Emergency Management Reader,Helping without getting in the way,Spontaneous volunteers and unrequested donations can consume more capacity than they add. Affiliating in advance is what makes willingness useful. — at 6–8,"Find one organisation in your area that registers disaster volunteers before an event, and write down what it asks of them."
CX-RESPOND-0194,SmartCiti.X : First Responder,"Emergency management: before, during and after",EM-44,9–10,Practitioner,Emergency Management Reader,Helping without getting in the way,Spontaneous volunteers and unrequested donations can consume more capacity than they add. Affiliating in advance is what makes willingness useful. — at 9–10,"Find one organisation in your area that registers disaster volunteers before an event, and write down what it asks of them."
CX-RESPOND-0195,SmartCiti.X : First Responder,"Emergency management: before, during and after",EM-45,11–12,Lead,Emergency Management Reader,Helping without getting in the way,Spontaneous volunteers and unrequested donations can consume more capacity than they add. Affiliating in advance is what makes willingness useful. — at 11–12,"Find one organisation in your area that registers disaster volunteers before an event, and write down what it asks of them."
CX-RESPOND-0196,SmartCiti.X : First Responder,"Emergency management: before, during and after",EM-46,K–2,Explorer,Emergency Management Reader,Planning for everyone who is actually there,"A plan that works only for people who can walk, see, hear, read the language and travel by car does not work. Access and functional needs are designed in or they are absent. — at K–2","Re-read your household's emergency plan as if one member could not walk or could not read the local language, and write down the first thing that breaks."
CX-RESPOND-0197,SmartCiti.X : First Responder,"Emergency management: before, during and after",EM-47,3–5,Explorer,Emergency Management Reader,Planning for everyone who is actually there,"A plan that works only for people who can walk, see, hear, read the language and travel by car does not work. Access and functional needs are designed in or they are absent. — at 3–5","Re-read your household's emergency plan as if one member could not walk or could not read the local language, and write down the first thing that breaks."
CX-RESPOND-0198,SmartCiti.X : First Responder,"Emergency management: before, during and after",EM-48,6–8,Builder,Emergency Management Reader,Planning for everyone who is actually there,"A plan that works only for people who can walk, see, hear, read the language and travel by car does not work. Access and functional needs are designed in or they are absent. — at 6–8","Re-read your household's emergency plan as if one member could not walk or could not read the local language, and write down the first thing that breaks."
CX-RESPOND-0199,SmartCiti.X : First Responder,"Emergency management: before, during and after",EM-49,9–10,Practitioner,Emergency Management Reader,Planning for everyone who is actually there,"A plan that works only for people who can walk, see, hear, read the language and travel by car does not work. Access and functional needs are designed in or they are absent. — at 9–10","Re-read your household's emergency plan as if one member could not walk or could not read the local language, and write down the first thing that breaks."
CX-RESPOND-0200,SmartCiti.X : First Responder,"Emergency management: before, during and after",EM-50,11–12,Lead,Emergency Management Reader,Planning for everyone who is actually there,"A plan that works only for people who can walk, see, hear, read the language and travel by car does not work. Access and functional needs are designed in or they are absent. — at 11–12","Re-read your household's emergency plan as if one member could not walk or could not read the local language, and write down the first thing that breaks."
CX-RESPOND-0201,SmartCiti.X : First Responder,Social work and crisis response: the part nobody photographs,CR-1,K–2,Explorer,Crisis Response Reader,Ethics when the ground is moving,"Professional boundaries are hardest and most necessary under disaster conditions, when everyone is improvising and the usual structures are gone. — at K–2",Find the published social work code of ethics and write down two obligations it states that would be hard to hold during a disaster.
CX-RESPOND-0202,SmartCiti.X : First Responder,Social work and crisis response: the part nobody photographs,CR-2,3–5,Explorer,Crisis Response Reader,Ethics when the ground is moving,"Professional boundaries are hardest and most necessary under disaster conditions, when everyone is improvising and the usual structures are gone. — at 3–5",Find the published social work code of ethics and write down two obligations it states that would be hard to hold during a disaster.
CX-RESPOND-0203,SmartCiti.X : First Responder,Social work and crisis response: the part nobody photographs,CR-3,6–8,Builder,Crisis Response Reader,Ethics when the ground is moving,"Professional boundaries are hardest and most necessary under disaster conditions, when everyone is improvising and the usual structures are gone. — at 6–8",Find the published social work code of ethics and write down two obligations it states that would be hard to hold during a disaster.
CX-RESPOND-0204,SmartCiti.X : First Responder,Social work and crisis response: the part nobody photographs,CR-4,9–10,Practitioner,Crisis Response Reader,Ethics when the ground is moving,"Professional boundaries are hardest and most necessary under disaster conditions, when everyone is improvising and the usual structures are gone. — at 9–10",Find the published social work code of ethics and write down two obligations it states that would be hard to hold during a disaster.
CX-RESPOND-0205,SmartCiti.X : First Responder,Social work and crisis response: the part nobody photographs,CR-5,11–12,Lead,Crisis Response Reader,Ethics when the ground is moving,"Professional boundaries are hardest and most necessary under disaster conditions, when everyone is improvising and the usual structures are gone. — at 11–12",Find the published social work code of ethics and write down two obligations it states that would be hard to hold during a disaster.
CX-RESPOND-0206,SmartCiti.X : First Responder,Social work and crisis response: the part nobody photographs,CR-6,K–2,Explorer,Crisis Response Reader,Assume there is a history you cannot see,"Trauma-informed practice is a default posture, not a special mode: it assumes people's reactions have causes you do not know and are not entitled to. — at K–2",Write down three ways a person might behave when frightened that could easily be mistaken for rudeness or non-cooperation.
CX-RESPOND-0207,SmartCiti.X : First Responder,Social work and crisis response: the part nobody photographs,CR-7,3–5,Explorer,Crisis Response Reader,Assume there is a history you cannot see,"Trauma-informed practice is a default posture, not a special mode: it assumes people's reactions have causes you do not know and are not entitled to. — at 3–5",Write down three ways a person might behave when frightened that could easily be mistaken for rudeness or non-cooperation.
CX-RESPOND-0208,SmartCiti.X : First Responder,Social work and crisis response: the part nobody photographs,CR-8,6–8,Builder,Crisis Response Reader,Assume there is a history you cannot see,"Trauma-informed practice is a default posture, not a special mode: it assumes people's reactions have causes you do not know and are not entitled to. — at 6–8",Write down three ways a person might behave when frightened that could easily be mistaken for rudeness or non-cooperation.
CX-RESPOND-0209,SmartCiti.X : First Responder,Social work and crisis response: the part nobody photographs,CR-9,9–10,Practitioner,Crisis Response Reader,Assume there is a history you cannot see,"Trauma-informed practice is a default posture, not a special mode: it assumes people's reactions have causes you do not know and are not entitled to. — at 9–10",Write down three ways a person might behave when frightened that could easily be mistaken for rudeness or non-cooperation.
CX-RESPOND-0210,SmartCiti.X : First Responder,Social work and crisis response: the part nobody photographs,CR-10,11–12,Lead,Crisis Response Reader,Assume there is a history you cannot see,"Trauma-informed practice is a default posture, not a special mode: it assumes people's reactions have causes you do not know and are not entitled to. — at 11–12",Write down three ways a person might behave when frightened that could easily be mistaken for rudeness or non-cooperation.
CX-RESPOND-0211,SmartCiti.X : First Responder,Social work and crisis response: the part nobody photographs,CR-11,K–2,Explorer,Crisis Response Reader,The first thing you say,Engagement in a crisis contact is about lowering threat and establishing that the person is being treated as a person. It is mostly listening and time. — at K–2,Find published guidance on psychological first aid and write down three things it says NOT to do. Do not practise any technique on anyone.
CX-RESPOND-0212,SmartCiti.X : First Responder,Social work and crisis response: the part nobody photographs,CR-12,3–5,Explorer,Crisis Response Reader,The first thing you say,Engagement in a crisis contact is about lowering threat and establishing that the person is being treated as a person. It is mostly listening and time. — at 3–5,Find published guidance on psychological first aid and write down three things it says NOT to do. Do not practise any technique on anyone.
CX-RESPOND-0213,SmartCiti.X : First Responder,Social work and crisis response: the part nobody photographs,CR-13,6–8,Builder,Crisis Response Reader,The first thing you say,Engagement in a crisis contact is about lowering threat and establishing that the person is being treated as a person. It is mostly listening and time. — at 6–8,Find published guidance on psychological first aid and write down three things it says NOT to do. Do not practise any technique on anyone.
CX-RESPOND-0214,SmartCiti.X : First Responder,Social work and crisis response: the part nobody photographs,CR-14,9–10,Practitioner,Crisis Response Reader,The first thing you say,Engagement in a crisis contact is about lowering threat and establishing that the person is being treated as a person. It is mostly listening and time. — at 9–10,Find published guidance on psychological first aid and write down three things it says NOT to do. Do not practise any technique on anyone.
CX-RESPOND-0215,SmartCiti.X : First Responder,Social work and crisis response: the part nobody photographs,CR-15,11–12,Lead,Crisis Response Reader,The first thing you say,Engagement in a crisis contact is about lowering threat and establishing that the person is being treated as a person. It is mostly listening and time. — at 11–12,Find published guidance on psychological first aid and write down three things it says NOT to do. Do not practise any technique on anyone.
CX-RESPOND-0216,SmartCiti.X : First Responder,Social work and crisis response: the part nobody photographs,CR-16,K–2,Explorer,Crisis Response Reader,Knowing where to send somebody,A referral is only as good as the pathway behind it. Screening identifies a need; the pathway is what turns it into help that actually arrives. — at K–2,"Map three real services in your area — food, housing, behavioural health — and write down, for each, how a person would actually reach it and what it costs."
CX-RESPOND-0217,SmartCiti.X : First Responder,Social work and crisis response: the part nobody photographs,CR-17,3–5,Explorer,Crisis Response Reader,Knowing where to send somebody,A referral is only as good as the pathway behind it. Screening identifies a need; the pathway is what turns it into help that actually arrives. — at 3–5,"Map three real services in your area — food, housing, behavioural health — and write down, for each, how a person would actually reach it and what it costs."
CX-RESPOND-0218,SmartCiti.X : First Responder,Social work and crisis response: the part nobody photographs,CR-18,6–8,Builder,Crisis Response Reader,Knowing where to send somebody,A referral is only as good as the pathway behind it. Screening identifies a need; the pathway is what turns it into help that actually arrives. — at 6–8,"Map three real services in your area — food, housing, behavioural health — and write down, for each, how a person would actually reach it and what it costs."
CX-RESPOND-0219,SmartCiti.X : First Responder,Social work and crisis response: the part nobody photographs,CR-19,9–10,Practitioner,Crisis Response Reader,Knowing where to send somebody,A referral is only as good as the pathway behind it. Screening identifies a need; the pathway is what turns it into help that actually arrives. — at 9–10,"Map three real services in your area — food, housing, behavioural health — and write down, for each, how a person would actually reach it and what it costs."
CX-RESPOND-0220,SmartCiti.X : First Responder,Social work and crisis response: the part nobody photographs,CR-20,11–12,Lead,Crisis Response Reader,Knowing where to send somebody,A referral is only as good as the pathway behind it. Screening identifies a need; the pathway is what turns it into help that actually arrives. — at 11–12,"Map three real services in your area — food, housing, behavioural health — and write down, for each, how a person would actually reach it and what it costs."
CX-RESPOND-0221,SmartCiti.X : First Responder,Social work and crisis response: the part nobody photographs,CR-21,K–2,Explorer,Crisis Response Reader,When you are required to report,"Mandated reporting is a legal duty with defined triggers. Knowing whether you are a mandated reporter, and on what, is not optional knowledge. — at K–2","Find your state's published list of mandated reporters and write down whether a teacher, a coach and a volunteer are included."
CX-RESPOND-0222,SmartCiti.X : First Responder,Social work and crisis response: the part nobody photographs,CR-22,3–5,Explorer,Crisis Response Reader,When you are required to report,"Mandated reporting is a legal duty with defined triggers. Knowing whether you are a mandated reporter, and on what, is not optional knowledge. — at 3–5","Find your state's published list of mandated reporters and write down whether a teacher, a coach and a volunteer are included."
CX-RESPOND-0223,SmartCiti.X : First Responder,Social work and crisis response: the part nobody photographs,CR-23,6–8,Builder,Crisis Response Reader,When you are required to report,"Mandated reporting is a legal duty with defined triggers. Knowing whether you are a mandated reporter, and on what, is not optional knowledge. — at 6–8","Find your state's published list of mandated reporters and write down whether a teacher, a coach and a volunteer are included."
CX-RESPOND-0224,SmartCiti.X : First Responder,Social work and crisis response: the part nobody photographs,CR-24,9–10,Practitioner,Crisis Response Reader,When you are required to report,"Mandated reporting is a legal duty with defined triggers. Knowing whether you are a mandated reporter, and on what, is not optional knowledge. — at 9–10","Find your state's published list of mandated reporters and write down whether a teacher, a coach and a volunteer are included."
CX-RESPOND-0225,SmartCiti.X : First Responder,Social work and crisis response: the part nobody photographs,CR-25,11–12,Lead,Crisis Response Reader,When you are required to report,"Mandated reporting is a legal duty with defined triggers. Knowing whether you are a mandated reporter, and on what, is not optional knowledge. — at 11–12","Find your state's published list of mandated reporters and write down whether a teacher, a coach and a volunteer are included."
CX-RESPOND-0226,SmartCiti.X : First Responder,Social work and crisis response: the part nobody photographs,CR-26,K–2,Explorer,Crisis Response Reader,"Two professions, one call",Co-response pairs a clinician with another service. It works when each knows exactly which decisions are theirs and says so before the door opens. — at K–2,"Find whether your area runs any co-response or crisis team, and write down which professions it pairs, or that none is published."
CX-RESPOND-0227,SmartCiti.X : First Responder,Social work and crisis response: the part nobody photographs,CR-27,3–5,Explorer,Crisis Response Reader,"Two professions, one call",Co-response pairs a clinician with another service. It works when each knows exactly which decisions are theirs and says so before the door opens. — at 3–5,"Find whether your area runs any co-response or crisis team, and write down which professions it pairs, or that none is published."
CX-RESPOND-0228,SmartCiti.X : First Responder,Social work and crisis response: the part nobody photographs,CR-28,6–8,Builder,Crisis Response Reader,"Two professions, one call",Co-response pairs a clinician with another service. It works when each knows exactly which decisions are theirs and says so before the door opens. — at 6–8,"Find whether your area runs any co-response or crisis team, and write down which professions it pairs, or that none is published."
CX-RESPOND-0229,SmartCiti.X : First Responder,Social work and crisis response: the part nobody photographs,CR-29,9–10,Practitioner,Crisis Response Reader,"Two professions, one call",Co-response pairs a clinician with another service. It works when each knows exactly which decisions are theirs and says so before the door opens. — at 9–10,"Find whether your area runs any co-response or crisis team, and write down which professions it pairs, or that none is published."
CX-RESPOND-0230,SmartCiti.X : First Responder,Social work and crisis response: the part nobody photographs,CR-30,11–12,Lead,Crisis Response Reader,"Two professions, one call",Co-response pairs a clinician with another service. It works when each knows exactly which decisions are theirs and says so before the door opens. — at 11–12,"Find whether your area runs any co-response or crisis team, and write down which professions it pairs, or that none is published."
CX-RESPOND-0231,SmartCiti.X : First Responder,Social work and crisis response: the part nobody photographs,CR-31,K–2,Explorer,Crisis Response Reader,You are not the default,"Cultural humility means treating your own assumptions as the unusual case, and language access as a requirement rather than a courtesy. — at K–2","Find out what languages emergency information is published in for your area, and write down what a household speaking a fourth language would actually do."
CX-RESPOND-0232,SmartCiti.X : First Responder,Social work and crisis response: the part nobody photographs,CR-32,3–5,Explorer,Crisis Response Reader,You are not the default,"Cultural humility means treating your own assumptions as the unusual case, and language access as a requirement rather than a courtesy. — at 3–5","Find out what languages emergency information is published in for your area, and write down what a household speaking a fourth language would actually do."
CX-RESPOND-0233,SmartCiti.X : First Responder,Social work and crisis response: the part nobody photographs,CR-33,6–8,Builder,Crisis Response Reader,You are not the default,"Cultural humility means treating your own assumptions as the unusual case, and language access as a requirement rather than a courtesy. — at 6–8","Find out what languages emergency information is published in for your area, and write down what a household speaking a fourth language would actually do."
CX-RESPOND-0234,SmartCiti.X : First Responder,Social work and crisis response: the part nobody photographs,CR-34,9–10,Practitioner,Crisis Response Reader,You are not the default,"Cultural humility means treating your own assumptions as the unusual case, and language access as a requirement rather than a courtesy. — at 9–10","Find out what languages emergency information is published in for your area, and write down what a household speaking a fourth language would actually do."
CX-RESPOND-0235,SmartCiti.X : First Responder,Social work and crisis response: the part nobody photographs,CR-35,11–12,Lead,Crisis Response Reader,You are not the default,"Cultural humility means treating your own assumptions as the unusual case, and language access as a requirement rather than a courtesy. — at 11–12","Find out what languages emergency information is published in for your area, and write down what a household speaking a fourth language would actually do."
CX-RESPOND-0236,SmartCiti.X : First Responder,Social work and crisis response: the part nobody photographs,CR-36,K–2,Explorer,Crisis Response Reader,"Writing it down, and who may read it","Documentation is care, and confidentiality is a duty with specific legal limits. Both matter most when a situation is chaotic. — at K–2",Find one published privacy notice from a health or social service and write down two situations where it says information may be shared without consent.
CX-RESPOND-0237,SmartCiti.X : First Responder,Social work and crisis response: the part nobody photographs,CR-37,3–5,Explorer,Crisis Response Reader,"Writing it down, and who may read it","Documentation is care, and confidentiality is a duty with specific legal limits. Both matter most when a situation is chaotic. — at 3–5",Find one published privacy notice from a health or social service and write down two situations where it says information may be shared without consent.
CX-RESPOND-0238,SmartCiti.X : First Responder,Social work and crisis response: the part nobody photographs,CR-38,6–8,Builder,Crisis Response Reader,"Writing it down, and who may read it","Documentation is care, and confidentiality is a duty with specific legal limits. Both matter most when a situation is chaotic. — at 6–8",Find one published privacy notice from a health or social service and write down two situations where it says information may be shared without consent.
CX-RESPOND-0239,SmartCiti.X : First Responder,Social work and crisis response: the part nobody photographs,CR-39,9–10,Practitioner,Crisis Response Reader,"Writing it down, and who may read it","Documentation is care, and confidentiality is a duty with specific legal limits. Both matter most when a situation is chaotic. — at 9–10",Find one published privacy notice from a health or social service and write down two situations where it says information may be shared without consent.
CX-RESPOND-0240,SmartCiti.X : First Responder,Social work and crisis response: the part nobody photographs,CR-40,11–12,Lead,Crisis Response Reader,"Writing it down, and who may read it","Documentation is care, and confidentiality is a duty with specific legal limits. Both matter most when a situation is chaotic. — at 11–12",Find one published privacy notice from a health or social service and write down two situations where it says information may be shared without consent.
CX-RESPOND-0241,SmartCiti.X : First Responder,Social work and crisis response: the part nobody photographs,CR-41,K–2,Explorer,Crisis Response Reader,Psychological first aid is not therapy,"In a disaster the immediate work is safety, calm, connection and practical help — not treatment. Knowing the difference protects people from well-meant harm. — at K–2","Write down, from the published guidance you found earlier, the boundary between what psychological first aid offers and what requires a licensed professional."
CX-RESPOND-0242,SmartCiti.X : First Responder,Social work and crisis response: the part nobody photographs,CR-42,3–5,Explorer,Crisis Response Reader,Psychological first aid is not therapy,"In a disaster the immediate work is safety, calm, connection and practical help — not treatment. Knowing the difference protects people from well-meant harm. — at 3–5","Write down, from the published guidance you found earlier, the boundary between what psychological first aid offers and what requires a licensed professional."
CX-RESPOND-0243,SmartCiti.X : First Responder,Social work and crisis response: the part nobody photographs,CR-43,6–8,Builder,Crisis Response Reader,Psychological first aid is not therapy,"In a disaster the immediate work is safety, calm, connection and practical help — not treatment. Knowing the difference protects people from well-meant harm. — at 6–8","Write down, from the published guidance you found earlier, the boundary between what psychological first aid offers and what requires a licensed professional."
CX-RESPOND-0244,SmartCiti.X : First Responder,Social work and crisis response: the part nobody photographs,CR-44,9–10,Practitioner,Crisis Response Reader,Psychological first aid is not therapy,"In a disaster the immediate work is safety, calm, connection and practical help — not treatment. Knowing the difference protects people from well-meant harm. — at 9–10","Write down, from the published guidance you found earlier, the boundary between what psychological first aid offers and what requires a licensed professional."
CX-RESPOND-0245,SmartCiti.X : First Responder,Social work and crisis response: the part nobody photographs,CR-45,11–12,Lead,Crisis Response Reader,Psychological first aid is not therapy,"In a disaster the immediate work is safety, calm, connection and practical help — not treatment. Knowing the difference protects people from well-meant harm. — at 11–12","Write down, from the published guidance you found earlier, the boundary between what psychological first aid offers and what requires a licensed professional."
CX-RESPOND-0246,SmartCiti.X : First Responder,Social work and crisis response: the part nobody photographs,CR-46,K–2,Explorer,Crisis Response Reader,The harm that accumulates in the helper,Vicarious trauma is an occupational exposure with a known shape. Supervision exists to catch it in people who will not report it about themselves. — at K–2,"Write down who would notice if you were not coping, and whether they would say so to you. Then write down who you would notice, and whether you would say so."
CX-RESPOND-0247,SmartCiti.X : First Responder,Social work and crisis response: the part nobody photographs,CR-47,3–5,Explorer,Crisis Response Reader,The harm that accumulates in the helper,Vicarious trauma is an occupational exposure with a known shape. Supervision exists to catch it in people who will not report it about themselves. — at 3–5,"Write down who would notice if you were not coping, and whether they would say so to you. Then write down who you would notice, and whether you would say so."
CX-RESPOND-0248,SmartCiti.X : First Responder,Social work and crisis response: the part nobody photographs,CR-48,6–8,Builder,Crisis Response Reader,The harm that accumulates in the helper,Vicarious trauma is an occupational exposure with a known shape. Supervision exists to catch it in people who will not report it about themselves. — at 6–8,"Write down who would notice if you were not coping, and whether they would say so to you. Then write down who you would notice, and whether you would say so."
CX-RESPOND-0249,SmartCiti.X : First Responder,Social work and crisis response: the part nobody photographs,CR-49,9–10,Practitioner,Crisis Response Reader,The harm that accumulates in the helper,Vicarious trauma is an occupational exposure with a known shape. Supervision exists to catch it in people who will not report it about themselves. — at 9–10,"Write down who would notice if you were not coping, and whether they would say so to you. Then write down who you would notice, and whether you would say so."
CX-RESPOND-0250,SmartCiti.X : First Responder,Social work and crisis response: the part nobody photographs,CR-50,11–12,Lead,Crisis Response Reader,The harm that accumulates in the helper,Vicarious trauma is an occupational exposure with a known shape. Supervision exists to catch it in people who will not report it about themselves. — at 11–12,"Write down who would notice if you were not coping, and whether they would say so to you. Then write down who you would notice, and whether you would say so."
CX-TRANSPORT-0001,Transport & Mobility,Moving through the city without a car,TM-1,K–2,Explorer,City Navigator,Reading a network map,"Lines, interchanges and frequency — a transit map as a graph of what is actually reachable, and what the map exaggerates. — at K–2",Plan and complete (or fully paper-run) a three-leg journey on a real network using only its map and timetable.
CX-TRANSPORT-0002,Transport & Mobility,Moving through the city without a car,TM-2,3–5,Explorer,City Navigator,Reading a network map,"Lines, interchanges and frequency — a transit map as a graph of what is actually reachable, and what the map exaggerates. — at 3–5",Plan and complete (or fully paper-run) a three-leg journey on a real network using only its map and timetable.
CX-TRANSPORT-0003,Transport & Mobility,Moving through the city without a car,TM-3,6–8,Builder,City Navigator,Reading a network map,"Lines, interchanges and frequency — a transit map as a graph of what is actually reachable, and what the map exaggerates. — at 6–8",Plan and complete (or fully paper-run) a three-leg journey on a real network using only its map and timetable.
CX-TRANSPORT-0004,Transport & Mobility,Moving through the city without a car,TM-4,9–10,Practitioner,City Navigator,Reading a network map,"Lines, interchanges and frequency — a transit map as a graph of what is actually reachable, and what the map exaggerates. — at 9–10",Plan and complete (or fully paper-run) a three-leg journey on a real network using only its map and timetable.
CX-TRANSPORT-0005,Transport & Mobility,Moving through the city without a car,TM-5,11–12,Lead,City Navigator,Reading a network map,"Lines, interchanges and frequency — a transit map as a graph of what is actually reachable, and what the map exaggerates. — at 11–12",Plan and complete (or fully paper-run) a three-leg journey on a real network using only its map and timetable.
CX-TRANSPORT-0006,Transport & Mobility,Moving through the city without a car,TM-6,K–2,Explorer,City Navigator,"Fares, passes and the cheapest way in","Singles, caps, passes and concessions — pricing a month of real travel and the discounts people never claim. — at K–2","Price one month of your actual journeys three ways and identify the cheapest legitimate option, including any concession you qualify for."
CX-TRANSPORT-0007,Transport & Mobility,Moving through the city without a car,TM-7,3–5,Explorer,City Navigator,"Fares, passes and the cheapest way in","Singles, caps, passes and concessions — pricing a month of real travel and the discounts people never claim. — at 3–5","Price one month of your actual journeys three ways and identify the cheapest legitimate option, including any concession you qualify for."
CX-TRANSPORT-0008,Transport & Mobility,Moving through the city without a car,TM-8,6–8,Builder,City Navigator,"Fares, passes and the cheapest way in","Singles, caps, passes and concessions — pricing a month of real travel and the discounts people never claim. — at 6–8","Price one month of your actual journeys three ways and identify the cheapest legitimate option, including any concession you qualify for."
CX-TRANSPORT-0009,Transport & Mobility,Moving through the city without a car,TM-9,9–10,Practitioner,City Navigator,"Fares, passes and the cheapest way in","Singles, caps, passes and concessions — pricing a month of real travel and the discounts people never claim. — at 9–10","Price one month of your actual journeys three ways and identify the cheapest legitimate option, including any concession you qualify for."
CX-TRANSPORT-0010,Transport & Mobility,Moving through the city without a car,TM-10,11–12,Lead,City Navigator,"Fares, passes and the cheapest way in","Singles, caps, passes and concessions — pricing a month of real travel and the discounts people never claim. — at 11–12","Price one month of your actual journeys three ways and identify the cheapest legitimate option, including any concession you qualify for."
CX-TRANSPORT-0011,Transport & Mobility,Moving through the city without a car,TM-11,K–2,Explorer,City Navigator,The timetable and the truth,"Scheduled versus real service, live trackers, and building the buffer that makes you on time without waiting your life away. — at K–2",Compare scheduled and actual arrivals for one route across five observations and derive the buffer you would actually use.
CX-TRANSPORT-0012,Transport & Mobility,Moving through the city without a car,TM-12,3–5,Explorer,City Navigator,The timetable and the truth,"Scheduled versus real service, live trackers, and building the buffer that makes you on time without waiting your life away. — at 3–5",Compare scheduled and actual arrivals for one route across five observations and derive the buffer you would actually use.
CX-TRANSPORT-0013,Transport & Mobility,Moving through the city without a car,TM-13,6–8,Builder,City Navigator,The timetable and the truth,"Scheduled versus real service, live trackers, and building the buffer that makes you on time without waiting your life away. — at 6–8",Compare scheduled and actual arrivals for one route across five observations and derive the buffer you would actually use.
CX-TRANSPORT-0014,Transport & Mobility,Moving through the city without a car,TM-14,9–10,Practitioner,City Navigator,The timetable and the truth,"Scheduled versus real service, live trackers, and building the buffer that makes you on time without waiting your life away. — at 9–10",Compare scheduled and actual arrivals for one route across five observations and derive the buffer you would actually use.
CX-TRANSPORT-0015,Transport & Mobility,Moving through the city without a car,TM-15,11–12,Lead,City Navigator,The timetable and the truth,"Scheduled versus real service, live trackers, and building the buffer that makes you on time without waiting your life away. — at 11–12",Compare scheduled and actual arrivals for one route across five observations and derive the buffer you would actually use.
CX-TRANSPORT-0016,Transport & Mobility,Moving through the city without a car,TM-16,K–2,Explorer,City Navigator,The last mile,"The gap between the stop and the door — walking routes, shared bikes and scooters, and judging each option's real cost and risk. — at K–2","Solve one real last-mile problem two different ways and compare them on time, cost and safety."
CX-TRANSPORT-0017,Transport & Mobility,Moving through the city without a car,TM-17,3–5,Explorer,City Navigator,The last mile,"The gap between the stop and the door — walking routes, shared bikes and scooters, and judging each option's real cost and risk. — at 3–5","Solve one real last-mile problem two different ways and compare them on time, cost and safety."
CX-TRANSPORT-0018,Transport & Mobility,Moving through the city without a car,TM-18,6–8,Builder,City Navigator,The last mile,"The gap between the stop and the door — walking routes, shared bikes and scooters, and judging each option's real cost and risk. — at 6–8","Solve one real last-mile problem two different ways and compare them on time, cost and safety."
CX-TRANSPORT-0019,Transport & Mobility,Moving through the city without a car,TM-19,9–10,Practitioner,City Navigator,The last mile,"The gap between the stop and the door — walking routes, shared bikes and scooters, and judging each option's real cost and risk. — at 9–10","Solve one real last-mile problem two different ways and compare them on time, cost and safety."
CX-TRANSPORT-0020,Transport & Mobility,Moving through the city without a car,TM-20,11–12,Lead,City Navigator,The last mile,"The gap between the stop and the door — walking routes, shared bikes and scooters, and judging each option's real cost and risk. — at 11–12","Solve one real last-mile problem two different ways and compare them on time, cost and safety."
CX-TRANSPORT-0021,Transport & Mobility,Moving through the city without a car,TM-21,K–2,Explorer,City Navigator,"Travelling with wheels, bags and small people","Buggies, luggage, wheelchairs and toddlers on transit — the accessible routes, the boarding rules and the etiquette that matters. — at K–2","Plan a fully step-free journey on a real network for a named passenger with a mobility constraint, verifying each link's accessibility."
CX-TRANSPORT-0022,Transport & Mobility,Moving through the city without a car,TM-22,3–5,Explorer,City Navigator,"Travelling with wheels, bags and small people","Buggies, luggage, wheelchairs and toddlers on transit — the accessible routes, the boarding rules and the etiquette that matters. — at 3–5","Plan a fully step-free journey on a real network for a named passenger with a mobility constraint, verifying each link's accessibility."
CX-TRANSPORT-0023,Transport & Mobility,Moving through the city without a car,TM-23,6–8,Builder,City Navigator,"Travelling with wheels, bags and small people","Buggies, luggage, wheelchairs and toddlers on transit — the accessible routes, the boarding rules and the etiquette that matters. — at 6–8","Plan a fully step-free journey on a real network for a named passenger with a mobility constraint, verifying each link's accessibility."
CX-TRANSPORT-0024,Transport & Mobility,Moving through the city without a car,TM-24,9–10,Practitioner,City Navigator,"Travelling with wheels, bags and small people","Buggies, luggage, wheelchairs and toddlers on transit — the accessible routes, the boarding rules and the etiquette that matters. — at 9–10","Plan a fully step-free journey on a real network for a named passenger with a mobility constraint, verifying each link's accessibility."
CX-TRANSPORT-0025,Transport & Mobility,Moving through the city without a car,TM-25,11–12,Lead,City Navigator,"Travelling with wheels, bags and small people","Buggies, luggage, wheelchairs and toddlers on transit — the accessible routes, the boarding rules and the etiquette that matters. — at 11–12","Plan a fully step-free journey on a real network for a named passenger with a mobility constraint, verifying each link's accessibility."
CX-TRANSPORT-0026,Transport & Mobility,Moving through the city without a car,TM-26,K–2,Explorer,City Navigator,Night travel and the safety calculus,"Late services, lit routes, staffed stations and the trade-offs people quietly make — planning night moves deliberately. — at K–2","Plan a late-night journey home from a real venue with a primary and a fallback, and state the safety reasoning for each choice."
CX-TRANSPORT-0027,Transport & Mobility,Moving through the city without a car,TM-27,3–5,Explorer,City Navigator,Night travel and the safety calculus,"Late services, lit routes, staffed stations and the trade-offs people quietly make — planning night moves deliberately. — at 3–5","Plan a late-night journey home from a real venue with a primary and a fallback, and state the safety reasoning for each choice."
CX-TRANSPORT-0028,Transport & Mobility,Moving through the city without a car,TM-28,6–8,Builder,City Navigator,Night travel and the safety calculus,"Late services, lit routes, staffed stations and the trade-offs people quietly make — planning night moves deliberately. — at 6–8","Plan a late-night journey home from a real venue with a primary and a fallback, and state the safety reasoning for each choice."
CX-TRANSPORT-0029,Transport & Mobility,Moving through the city without a car,TM-29,9–10,Practitioner,City Navigator,Night travel and the safety calculus,"Late services, lit routes, staffed stations and the trade-offs people quietly make — planning night moves deliberately. — at 9–10","Plan a late-night journey home from a real venue with a primary and a fallback, and state the safety reasoning for each choice."
CX-TRANSPORT-0030,Transport & Mobility,Moving through the city without a car,TM-30,11–12,Lead,City Navigator,Night travel and the safety calculus,"Late services, lit routes, staffed stations and the trade-offs people quietly make — planning night moves deliberately. — at 11–12","Plan a late-night journey home from a real venue with a primary and a fallback, and state the safety reasoning for each choice."
CX-TRANSPORT-0031,Transport & Mobility,Moving through the city without a car,TM-31,K–2,Explorer,City Navigator,When the service falls over,"Strikes, closures, stranded platforms — rerouting in the moment and knowing your rights to refunds and alternatives. — at K–2","Given a real or staged disruption, produce a reroute within ten minutes and file (or fully draft) the refund claim the rules allow."
CX-TRANSPORT-0032,Transport & Mobility,Moving through the city without a car,TM-32,3–5,Explorer,City Navigator,When the service falls over,"Strikes, closures, stranded platforms — rerouting in the moment and knowing your rights to refunds and alternatives. — at 3–5","Given a real or staged disruption, produce a reroute within ten minutes and file (or fully draft) the refund claim the rules allow."
CX-TRANSPORT-0033,Transport & Mobility,Moving through the city without a car,TM-33,6–8,Builder,City Navigator,When the service falls over,"Strikes, closures, stranded platforms — rerouting in the moment and knowing your rights to refunds and alternatives. — at 6–8","Given a real or staged disruption, produce a reroute within ten minutes and file (or fully draft) the refund claim the rules allow."
CX-TRANSPORT-0034,Transport & Mobility,Moving through the city without a car,TM-34,9–10,Practitioner,City Navigator,When the service falls over,"Strikes, closures, stranded platforms — rerouting in the moment and knowing your rights to refunds and alternatives. — at 9–10","Given a real or staged disruption, produce a reroute within ten minutes and file (or fully draft) the refund claim the rules allow."
CX-TRANSPORT-0035,Transport & Mobility,Moving through the city without a car,TM-35,11–12,Lead,City Navigator,When the service falls over,"Strikes, closures, stranded platforms — rerouting in the moment and knowing your rights to refunds and alternatives. — at 11–12","Given a real or staged disruption, produce a reroute within ten minutes and file (or fully draft) the refund claim the rules allow."
CX-TRANSPORT-0036,Transport & Mobility,Moving through the city without a car,TM-36,K–2,Explorer,City Navigator,"Intercity: coach, rail and the booking game","Advance fares, split tickets, railcards and the hour when prices change — long-distance travel bought well. — at K–2",Price one real intercity trip three ways at two booking horizons and document the cheapest defensible combination.
CX-TRANSPORT-0037,Transport & Mobility,Moving through the city without a car,TM-37,3–5,Explorer,City Navigator,"Intercity: coach, rail and the booking game","Advance fares, split tickets, railcards and the hour when prices change — long-distance travel bought well. — at 3–5",Price one real intercity trip three ways at two booking horizons and document the cheapest defensible combination.
CX-TRANSPORT-0038,Transport & Mobility,Moving through the city without a car,TM-38,6–8,Builder,City Navigator,"Intercity: coach, rail and the booking game","Advance fares, split tickets, railcards and the hour when prices change — long-distance travel bought well. — at 6–8",Price one real intercity trip three ways at two booking horizons and document the cheapest defensible combination.
CX-TRANSPORT-0039,Transport & Mobility,Moving through the city without a car,TM-39,9–10,Practitioner,City Navigator,"Intercity: coach, rail and the booking game","Advance fares, split tickets, railcards and the hour when prices change — long-distance travel bought well. — at 9–10",Price one real intercity trip three ways at two booking horizons and document the cheapest defensible combination.
CX-TRANSPORT-0040,Transport & Mobility,Moving through the city without a car,TM-40,11–12,Lead,City Navigator,"Intercity: coach, rail and the booking game","Advance fares, split tickets, railcards and the hour when prices change — long-distance travel bought well. — at 11–12",Price one real intercity trip three ways at two booking horizons and document the cheapest defensible combination.
CX-TRANSPORT-0041,Transport & Mobility,Moving through the city without a car,TM-41,K–2,Explorer,City Navigator,"Taxis, rideshare and the meter","When a cab is the right tool, estimating a fare before riding, surge pricing, and the licensed-versus-unlicensed line. — at K–2","Estimate a real taxi/rideshare fare before booking, compare the actual, and verify the vehicle and driver checks you should always make."
CX-TRANSPORT-0042,Transport & Mobility,Moving through the city without a car,TM-42,3–5,Explorer,City Navigator,"Taxis, rideshare and the meter","When a cab is the right tool, estimating a fare before riding, surge pricing, and the licensed-versus-unlicensed line. — at 3–5","Estimate a real taxi/rideshare fare before booking, compare the actual, and verify the vehicle and driver checks you should always make."
CX-TRANSPORT-0043,Transport & Mobility,Moving through the city without a car,TM-43,6–8,Builder,City Navigator,"Taxis, rideshare and the meter","When a cab is the right tool, estimating a fare before riding, surge pricing, and the licensed-versus-unlicensed line. — at 6–8","Estimate a real taxi/rideshare fare before booking, compare the actual, and verify the vehicle and driver checks you should always make."
CX-TRANSPORT-0044,Transport & Mobility,Moving through the city without a car,TM-44,9–10,Practitioner,City Navigator,"Taxis, rideshare and the meter","When a cab is the right tool, estimating a fare before riding, surge pricing, and the licensed-versus-unlicensed line. — at 9–10","Estimate a real taxi/rideshare fare before booking, compare the actual, and verify the vehicle and driver checks you should always make."
CX-TRANSPORT-0045,Transport & Mobility,Moving through the city without a car,TM-45,11–12,Lead,City Navigator,"Taxis, rideshare and the meter","When a cab is the right tool, estimating a fare before riding, surge pricing, and the licensed-versus-unlicensed line. — at 11–12","Estimate a real taxi/rideshare fare before booking, compare the actual, and verify the vehicle and driver checks you should always make."
CX-TRANSPORT-0046,Transport & Mobility,Moving through the city without a car,TM-46,K–2,Explorer,City Navigator,Your personal mobility budget,"Time, money and energy across all modes — auditing how you actually move and redesigning the pattern on evidence. — at K–2","Log every journey for one week with time and cost, then redesign your default mode for one regular trip and trial it."
CX-TRANSPORT-0047,Transport & Mobility,Moving through the city without a car,TM-47,3–5,Explorer,City Navigator,Your personal mobility budget,"Time, money and energy across all modes — auditing how you actually move and redesigning the pattern on evidence. — at 3–5","Log every journey for one week with time and cost, then redesign your default mode for one regular trip and trial it."
CX-TRANSPORT-0048,Transport & Mobility,Moving through the city without a car,TM-48,6–8,Builder,City Navigator,Your personal mobility budget,"Time, money and energy across all modes — auditing how you actually move and redesigning the pattern on evidence. — at 6–8","Log every journey for one week with time and cost, then redesign your default mode for one regular trip and trial it."
CX-TRANSPORT-0049,Transport & Mobility,Moving through the city without a car,TM-49,9–10,Practitioner,City Navigator,Your personal mobility budget,"Time, money and energy across all modes — auditing how you actually move and redesigning the pattern on evidence. — at 9–10","Log every journey for one week with time and cost, then redesign your default mode for one regular trip and trial it."
CX-TRANSPORT-0050,Transport & Mobility,Moving through the city without a car,TM-50,11–12,Lead,City Navigator,Your personal mobility budget,"Time, money and energy across all modes — auditing how you actually move and redesigning the pattern on evidence. — at 11–12","Log every journey for one week with time and cost, then redesign your default mode for one regular trip and trial it."
CX-TRANSPORT-0051,Transport & Mobility,The bicycle and its cousins,BK-1,K–2,Explorer,Rider Mechanic,The machine under you,"Frame, drivetrain, brakes, contact points — naming the parts and knowing which failures stop a ride versus end one. — at K–2","Identify every major component on a real bike and classify five common faults as ride-on, fix-first or walk-home."
CX-TRANSPORT-0052,Transport & Mobility,The bicycle and its cousins,BK-2,3–5,Explorer,Rider Mechanic,The machine under you,"Frame, drivetrain, brakes, contact points — naming the parts and knowing which failures stop a ride versus end one. — at 3–5","Identify every major component on a real bike and classify five common faults as ride-on, fix-first or walk-home."
CX-TRANSPORT-0053,Transport & Mobility,The bicycle and its cousins,BK-3,6–8,Builder,Rider Mechanic,The machine under you,"Frame, drivetrain, brakes, contact points — naming the parts and knowing which failures stop a ride versus end one. — at 6–8","Identify every major component on a real bike and classify five common faults as ride-on, fix-first or walk-home."
CX-TRANSPORT-0054,Transport & Mobility,The bicycle and its cousins,BK-4,9–10,Practitioner,Rider Mechanic,The machine under you,"Frame, drivetrain, brakes, contact points — naming the parts and knowing which failures stop a ride versus end one. — at 9–10","Identify every major component on a real bike and classify five common faults as ride-on, fix-first or walk-home."
CX-TRANSPORT-0055,Transport & Mobility,The bicycle and its cousins,BK-5,11–12,Lead,Rider Mechanic,The machine under you,"Frame, drivetrain, brakes, contact points — naming the parts and knowing which failures stop a ride versus end one. — at 11–12","Identify every major component on a real bike and classify five common faults as ride-on, fix-first or walk-home."
CX-TRANSPORT-0056,Transport & Mobility,The bicycle and its cousins,BK-6,K–2,Explorer,Rider Mechanic,The M-check before you roll,"The two-minute pre-ride inspection — brakes, wheels, headset, drivetrain — that catches most mechanical surprises. — at K–2","Perform a full M-check on a real bike, find the planted or genuine fault, and fix or flag it correctly."
CX-TRANSPORT-0057,Transport & Mobility,The bicycle and its cousins,BK-7,3–5,Explorer,Rider Mechanic,The M-check before you roll,"The two-minute pre-ride inspection — brakes, wheels, headset, drivetrain — that catches most mechanical surprises. — at 3–5","Perform a full M-check on a real bike, find the planted or genuine fault, and fix or flag it correctly."
CX-TRANSPORT-0058,Transport & Mobility,The bicycle and its cousins,BK-8,6–8,Builder,Rider Mechanic,The M-check before you roll,"The two-minute pre-ride inspection — brakes, wheels, headset, drivetrain — that catches most mechanical surprises. — at 6–8","Perform a full M-check on a real bike, find the planted or genuine fault, and fix or flag it correctly."
CX-TRANSPORT-0059,Transport & Mobility,The bicycle and its cousins,BK-9,9–10,Practitioner,Rider Mechanic,The M-check before you roll,"The two-minute pre-ride inspection — brakes, wheels, headset, drivetrain — that catches most mechanical surprises. — at 9–10","Perform a full M-check on a real bike, find the planted or genuine fault, and fix or flag it correctly."
CX-TRANSPORT-0060,Transport & Mobility,The bicycle and its cousins,BK-10,11–12,Lead,Rider Mechanic,The M-check before you roll,"The two-minute pre-ride inspection — brakes, wheels, headset, drivetrain — that catches most mechanical surprises. — at 11–12","Perform a full M-check on a real bike, find the planted or genuine fault, and fix or flag it correctly."
CX-TRANSPORT-0061,Transport & Mobility,The bicycle and its cousins,BK-11,K–2,Explorer,Rider Mechanic,Fixing the flat,"Removing a wheel, finding the cause, patching or replacing the tube, and getting the wheel back on straight. — at K–2","Repair a real puncture end to end, including finding what caused it, and ride the result."
CX-TRANSPORT-0062,Transport & Mobility,The bicycle and its cousins,BK-12,3–5,Explorer,Rider Mechanic,Fixing the flat,"Removing a wheel, finding the cause, patching or replacing the tube, and getting the wheel back on straight. — at 3–5","Repair a real puncture end to end, including finding what caused it, and ride the result."
CX-TRANSPORT-0063,Transport & Mobility,The bicycle and its cousins,BK-13,6–8,Builder,Rider Mechanic,Fixing the flat,"Removing a wheel, finding the cause, patching or replacing the tube, and getting the wheel back on straight. — at 6–8","Repair a real puncture end to end, including finding what caused it, and ride the result."
CX-TRANSPORT-0064,Transport & Mobility,The bicycle and its cousins,BK-14,9–10,Practitioner,Rider Mechanic,Fixing the flat,"Removing a wheel, finding the cause, patching or replacing the tube, and getting the wheel back on straight. — at 9–10","Repair a real puncture end to end, including finding what caused it, and ride the result."
CX-TRANSPORT-0065,Transport & Mobility,The bicycle and its cousins,BK-15,11–12,Lead,Rider Mechanic,Fixing the flat,"Removing a wheel, finding the cause, patching or replacing the tube, and getting the wheel back on straight. — at 11–12","Repair a real puncture end to end, including finding what caused it, and ride the result."
CX-TRANSPORT-0066,Transport & Mobility,The bicycle and its cousins,BK-16,K–2,Explorer,Rider Mechanic,Brakes and gears that actually work,"Cable tension, pad wear and indexing — the two adjustments that transform most neglected bikes. — at K–2",Adjust the brakes and index the gears on a real bike until both pass a named performance test.
CX-TRANSPORT-0067,Transport & Mobility,The bicycle and its cousins,BK-17,3–5,Explorer,Rider Mechanic,Brakes and gears that actually work,"Cable tension, pad wear and indexing — the two adjustments that transform most neglected bikes. — at 3–5",Adjust the brakes and index the gears on a real bike until both pass a named performance test.
CX-TRANSPORT-0068,Transport & Mobility,The bicycle and its cousins,BK-18,6–8,Builder,Rider Mechanic,Brakes and gears that actually work,"Cable tension, pad wear and indexing — the two adjustments that transform most neglected bikes. — at 6–8",Adjust the brakes and index the gears on a real bike until both pass a named performance test.
CX-TRANSPORT-0069,Transport & Mobility,The bicycle and its cousins,BK-19,9–10,Practitioner,Rider Mechanic,Brakes and gears that actually work,"Cable tension, pad wear and indexing — the two adjustments that transform most neglected bikes. — at 9–10",Adjust the brakes and index the gears on a real bike until both pass a named performance test.
CX-TRANSPORT-0070,Transport & Mobility,The bicycle and its cousins,BK-20,11–12,Lead,Rider Mechanic,Brakes and gears that actually work,"Cable tension, pad wear and indexing — the two adjustments that transform most neglected bikes. — at 11–12",Adjust the brakes and index the gears on a real bike until both pass a named performance test.
CX-TRANSPORT-0071,Transport & Mobility,The bicycle and its cousins,BK-21,K–2,Explorer,Rider Mechanic,Riding in traffic,"Road position, eye contact, the door zone and the left-turning lorry — the defensive craft of city cycling. — at K–2","Ride (or walk-and-narrate) a real urban route, calling out position choices and the two highest-risk conflict points."
CX-TRANSPORT-0072,Transport & Mobility,The bicycle and its cousins,BK-22,3–5,Explorer,Rider Mechanic,Riding in traffic,"Road position, eye contact, the door zone and the left-turning lorry — the defensive craft of city cycling. — at 3–5","Ride (or walk-and-narrate) a real urban route, calling out position choices and the two highest-risk conflict points."
CX-TRANSPORT-0073,Transport & Mobility,The bicycle and its cousins,BK-23,6–8,Builder,Rider Mechanic,Riding in traffic,"Road position, eye contact, the door zone and the left-turning lorry — the defensive craft of city cycling. — at 6–8","Ride (or walk-and-narrate) a real urban route, calling out position choices and the two highest-risk conflict points."
CX-TRANSPORT-0074,Transport & Mobility,The bicycle and its cousins,BK-24,9–10,Practitioner,Rider Mechanic,Riding in traffic,"Road position, eye contact, the door zone and the left-turning lorry — the defensive craft of city cycling. — at 9–10","Ride (or walk-and-narrate) a real urban route, calling out position choices and the two highest-risk conflict points."
CX-TRANSPORT-0075,Transport & Mobility,The bicycle and its cousins,BK-25,11–12,Lead,Rider Mechanic,Riding in traffic,"Road position, eye contact, the door zone and the left-turning lorry — the defensive craft of city cycling. — at 11–12","Ride (or walk-and-narrate) a real urban route, calling out position choices and the two highest-risk conflict points."
CX-TRANSPORT-0076,Transport & Mobility,The bicycle and its cousins,BK-26,K–2,Explorer,Rider Mechanic,"Locks, theft and keeping the bike","Lock types, locking technique, registration and where bikes actually get stolen — defence in depth for a parked bike. — at K–2","Lock a real bike correctly in a public rack, register its frame number, and critique three locking jobs you find nearby."
CX-TRANSPORT-0077,Transport & Mobility,The bicycle and its cousins,BK-27,3–5,Explorer,Rider Mechanic,"Locks, theft and keeping the bike","Lock types, locking technique, registration and where bikes actually get stolen — defence in depth for a parked bike. — at 3–5","Lock a real bike correctly in a public rack, register its frame number, and critique three locking jobs you find nearby."
CX-TRANSPORT-0078,Transport & Mobility,The bicycle and its cousins,BK-28,6–8,Builder,Rider Mechanic,"Locks, theft and keeping the bike","Lock types, locking technique, registration and where bikes actually get stolen — defence in depth for a parked bike. — at 6–8","Lock a real bike correctly in a public rack, register its frame number, and critique three locking jobs you find nearby."
CX-TRANSPORT-0079,Transport & Mobility,The bicycle and its cousins,BK-29,9–10,Practitioner,Rider Mechanic,"Locks, theft and keeping the bike","Lock types, locking technique, registration and where bikes actually get stolen — defence in depth for a parked bike. — at 9–10","Lock a real bike correctly in a public rack, register its frame number, and critique three locking jobs you find nearby."
CX-TRANSPORT-0080,Transport & Mobility,The bicycle and its cousins,BK-30,11–12,Lead,Rider Mechanic,"Locks, theft and keeping the bike","Lock types, locking technique, registration and where bikes actually get stolen — defence in depth for a parked bike. — at 11–12","Lock a real bike correctly in a public rack, register its frame number, and critique three locking jobs you find nearby."
CX-TRANSPORT-0081,Transport & Mobility,The bicycle and its cousins,BK-31,K–2,Explorer,Rider Mechanic,Carrying things and people,"Racks, panniers, trailers and child seats — turning a bike into a vehicle that does errands. — at K–2","Complete a real shopping or school-run trip by bike with the load properly mounted, and report what worked and what shifted."
CX-TRANSPORT-0082,Transport & Mobility,The bicycle and its cousins,BK-32,3–5,Explorer,Rider Mechanic,Carrying things and people,"Racks, panniers, trailers and child seats — turning a bike into a vehicle that does errands. — at 3–5","Complete a real shopping or school-run trip by bike with the load properly mounted, and report what worked and what shifted."
CX-TRANSPORT-0083,Transport & Mobility,The bicycle and its cousins,BK-33,6–8,Builder,Rider Mechanic,Carrying things and people,"Racks, panniers, trailers and child seats — turning a bike into a vehicle that does errands. — at 6–8","Complete a real shopping or school-run trip by bike with the load properly mounted, and report what worked and what shifted."
CX-TRANSPORT-0084,Transport & Mobility,The bicycle and its cousins,BK-34,9–10,Practitioner,Rider Mechanic,Carrying things and people,"Racks, panniers, trailers and child seats — turning a bike into a vehicle that does errands. — at 9–10","Complete a real shopping or school-run trip by bike with the load properly mounted, and report what worked and what shifted."
CX-TRANSPORT-0085,Transport & Mobility,The bicycle and its cousins,BK-35,11–12,Lead,Rider Mechanic,Carrying things and people,"Racks, panniers, trailers and child seats — turning a bike into a vehicle that does errands. — at 11–12","Complete a real shopping or school-run trip by bike with the load properly mounted, and report what worked and what shifted."
CX-TRANSPORT-0086,Transport & Mobility,The bicycle and its cousins,BK-36,K–2,Explorer,Rider Mechanic,The electric assist,"E-bikes and e-scooters: motors, range reality, charging safely (the battery fire problem), and the laws that differ by vehicle. — at K–2","For one real e-vehicle, state its legal class and rules where you live, and demonstrate or describe its safe charging setup."
CX-TRANSPORT-0087,Transport & Mobility,The bicycle and its cousins,BK-37,3–5,Explorer,Rider Mechanic,The electric assist,"E-bikes and e-scooters: motors, range reality, charging safely (the battery fire problem), and the laws that differ by vehicle. — at 3–5","For one real e-vehicle, state its legal class and rules where you live, and demonstrate or describe its safe charging setup."
CX-TRANSPORT-0088,Transport & Mobility,The bicycle and its cousins,BK-38,6–8,Builder,Rider Mechanic,The electric assist,"E-bikes and e-scooters: motors, range reality, charging safely (the battery fire problem), and the laws that differ by vehicle. — at 6–8","For one real e-vehicle, state its legal class and rules where you live, and demonstrate or describe its safe charging setup."
CX-TRANSPORT-0089,Transport & Mobility,The bicycle and its cousins,BK-39,9–10,Practitioner,Rider Mechanic,The electric assist,"E-bikes and e-scooters: motors, range reality, charging safely (the battery fire problem), and the laws that differ by vehicle. — at 9–10","For one real e-vehicle, state its legal class and rules where you live, and demonstrate or describe its safe charging setup."
CX-TRANSPORT-0090,Transport & Mobility,The bicycle and its cousins,BK-40,11–12,Lead,Rider Mechanic,The electric assist,"E-bikes and e-scooters: motors, range reality, charging safely (the battery fire problem), and the laws that differ by vehicle. — at 11–12","For one real e-vehicle, state its legal class and rules where you live, and demonstrate or describe its safe charging setup."
CX-TRANSPORT-0091,Transport & Mobility,The bicycle and its cousins,BK-41,K–2,Explorer,Rider Mechanic,"Weather, night and the visible rider","Lights, reflectives, rain technique and ice honesty — extending the riding year without extending the risk. — at K–2","Equip a real bike for legal, effective night riding and demonstrate the visibility difference from a driver's viewpoint."
CX-TRANSPORT-0092,Transport & Mobility,The bicycle and its cousins,BK-42,3–5,Explorer,Rider Mechanic,"Weather, night and the visible rider","Lights, reflectives, rain technique and ice honesty — extending the riding year without extending the risk. — at 3–5","Equip a real bike for legal, effective night riding and demonstrate the visibility difference from a driver's viewpoint."
CX-TRANSPORT-0093,Transport & Mobility,The bicycle and its cousins,BK-43,6–8,Builder,Rider Mechanic,"Weather, night and the visible rider","Lights, reflectives, rain technique and ice honesty — extending the riding year without extending the risk. — at 6–8","Equip a real bike for legal, effective night riding and demonstrate the visibility difference from a driver's viewpoint."
CX-TRANSPORT-0094,Transport & Mobility,The bicycle and its cousins,BK-44,9–10,Practitioner,Rider Mechanic,"Weather, night and the visible rider","Lights, reflectives, rain technique and ice honesty — extending the riding year without extending the risk. — at 9–10","Equip a real bike for legal, effective night riding and demonstrate the visibility difference from a driver's viewpoint."
CX-TRANSPORT-0095,Transport & Mobility,The bicycle and its cousins,BK-45,11–12,Lead,Rider Mechanic,"Weather, night and the visible rider","Lights, reflectives, rain technique and ice honesty — extending the riding year without extending the risk. — at 11–12","Equip a real bike for legal, effective night riding and demonstrate the visibility difference from a driver's viewpoint."
CX-TRANSPORT-0096,Transport & Mobility,The bicycle and its cousins,BK-46,K–2,Explorer,Rider Mechanic,The service schedule,"What wears on a bike, the maintenance calendar, and the jobs worth paying a shop to do. — at K–2","Write and begin the twelve-month maintenance plan for a real bike, performing this month's items yourself."
CX-TRANSPORT-0097,Transport & Mobility,The bicycle and its cousins,BK-47,3–5,Explorer,Rider Mechanic,The service schedule,"What wears on a bike, the maintenance calendar, and the jobs worth paying a shop to do. — at 3–5","Write and begin the twelve-month maintenance plan for a real bike, performing this month's items yourself."
CX-TRANSPORT-0098,Transport & Mobility,The bicycle and its cousins,BK-48,6–8,Builder,Rider Mechanic,The service schedule,"What wears on a bike, the maintenance calendar, and the jobs worth paying a shop to do. — at 6–8","Write and begin the twelve-month maintenance plan for a real bike, performing this month's items yourself."
CX-TRANSPORT-0099,Transport & Mobility,The bicycle and its cousins,BK-49,9–10,Practitioner,Rider Mechanic,The service schedule,"What wears on a bike, the maintenance calendar, and the jobs worth paying a shop to do. — at 9–10","Write and begin the twelve-month maintenance plan for a real bike, performing this month's items yourself."
CX-TRANSPORT-0100,Transport & Mobility,The bicycle and its cousins,BK-50,11–12,Lead,Rider Mechanic,The service schedule,"What wears on a bike, the maintenance calendar, and the jobs worth paying a shop to do. — at 11–12","Write and begin the twelve-month maintenance plan for a real bike, performing this month's items yourself."
CX-TRANSPORT-0101,Transport & Mobility,"The car: owning, running, letting go",CR-1,K–2,Explorer,Car Custodian,What a car really costs,"Depreciation, insurance, fuel, maintenance, parking — total cost of ownership versus the sticker that gets all the attention. — at K–2",Compute the honest annual cost of one real car (or a planned one) and its cost per kilometre against the alternatives.
CX-TRANSPORT-0102,Transport & Mobility,"The car: owning, running, letting go",CR-2,3–5,Explorer,Car Custodian,What a car really costs,"Depreciation, insurance, fuel, maintenance, parking — total cost of ownership versus the sticker that gets all the attention. — at 3–5",Compute the honest annual cost of one real car (or a planned one) and its cost per kilometre against the alternatives.
CX-TRANSPORT-0103,Transport & Mobility,"The car: owning, running, letting go",CR-3,6–8,Builder,Car Custodian,What a car really costs,"Depreciation, insurance, fuel, maintenance, parking — total cost of ownership versus the sticker that gets all the attention. — at 6–8",Compute the honest annual cost of one real car (or a planned one) and its cost per kilometre against the alternatives.
CX-TRANSPORT-0104,Transport & Mobility,"The car: owning, running, letting go",CR-4,9–10,Practitioner,Car Custodian,What a car really costs,"Depreciation, insurance, fuel, maintenance, parking — total cost of ownership versus the sticker that gets all the attention. — at 9–10",Compute the honest annual cost of one real car (or a planned one) and its cost per kilometre against the alternatives.
CX-TRANSPORT-0105,Transport & Mobility,"The car: owning, running, letting go",CR-5,11–12,Lead,Car Custodian,What a car really costs,"Depreciation, insurance, fuel, maintenance, parking — total cost of ownership versus the sticker that gets all the attention. — at 11–12",Compute the honest annual cost of one real car (or a planned one) and its cost per kilometre against the alternatives.
CX-TRANSPORT-0106,Transport & Mobility,"The car: owning, running, letting go",CR-6,K–2,Explorer,Car Custodian,Buying used without being had,"History checks, the walk-around, the test drive script and the seller's silences — inspecting value instead of paint. — at K–2","Run a full pre-purchase inspection on a real used car (or an accompanied case), including its documented history, and deliver a buy/walk verdict."
CX-TRANSPORT-0107,Transport & Mobility,"The car: owning, running, letting go",CR-7,3–5,Explorer,Car Custodian,Buying used without being had,"History checks, the walk-around, the test drive script and the seller's silences — inspecting value instead of paint. — at 3–5","Run a full pre-purchase inspection on a real used car (or an accompanied case), including its documented history, and deliver a buy/walk verdict."
CX-TRANSPORT-0108,Transport & Mobility,"The car: owning, running, letting go",CR-8,6–8,Builder,Car Custodian,Buying used without being had,"History checks, the walk-around, the test drive script and the seller's silences — inspecting value instead of paint. — at 6–8","Run a full pre-purchase inspection on a real used car (or an accompanied case), including its documented history, and deliver a buy/walk verdict."
CX-TRANSPORT-0109,Transport & Mobility,"The car: owning, running, letting go",CR-9,9–10,Practitioner,Car Custodian,Buying used without being had,"History checks, the walk-around, the test drive script and the seller's silences — inspecting value instead of paint. — at 9–10","Run a full pre-purchase inspection on a real used car (or an accompanied case), including its documented history, and deliver a buy/walk verdict."
CX-TRANSPORT-0110,Transport & Mobility,"The car: owning, running, letting go",CR-10,11–12,Lead,Car Custodian,Buying used without being had,"History checks, the walk-around, the test drive script and the seller's silences — inspecting value instead of paint. — at 11–12","Run a full pre-purchase inspection on a real used car (or an accompanied case), including its documented history, and deliver a buy/walk verdict."
CX-TRANSPORT-0111,Transport & Mobility,"The car: owning, running, letting go",CR-11,K–2,Explorer,Car Custodian,The fluids and the five-minute check,"Oil, coolant, brake fluid, washer, tyres — the monthly bonnet-up routine that prevents the expensive surprise. — at K–2",Perform the complete fluid-and-tyre check on a real car and correct or top up at least one item found low.
CX-TRANSPORT-0112,Transport & Mobility,"The car: owning, running, letting go",CR-12,3–5,Explorer,Car Custodian,The fluids and the five-minute check,"Oil, coolant, brake fluid, washer, tyres — the monthly bonnet-up routine that prevents the expensive surprise. — at 3–5",Perform the complete fluid-and-tyre check on a real car and correct or top up at least one item found low.
CX-TRANSPORT-0113,Transport & Mobility,"The car: owning, running, letting go",CR-13,6–8,Builder,Car Custodian,The fluids and the five-minute check,"Oil, coolant, brake fluid, washer, tyres — the monthly bonnet-up routine that prevents the expensive surprise. — at 6–8",Perform the complete fluid-and-tyre check on a real car and correct or top up at least one item found low.
CX-TRANSPORT-0114,Transport & Mobility,"The car: owning, running, letting go",CR-14,9–10,Practitioner,Car Custodian,The fluids and the five-minute check,"Oil, coolant, brake fluid, washer, tyres — the monthly bonnet-up routine that prevents the expensive surprise. — at 9–10",Perform the complete fluid-and-tyre check on a real car and correct or top up at least one item found low.
CX-TRANSPORT-0115,Transport & Mobility,"The car: owning, running, letting go",CR-15,11–12,Lead,Car Custodian,The fluids and the five-minute check,"Oil, coolant, brake fluid, washer, tyres — the monthly bonnet-up routine that prevents the expensive surprise. — at 11–12",Perform the complete fluid-and-tyre check on a real car and correct or top up at least one item found low.
CX-TRANSPORT-0116,Transport & Mobility,"The car: owning, running, letting go",CR-16,K–2,Explorer,Car Custodian,Tyres: the only part touching the road,"Pressure, tread, age and the legal limits — and what each says about how the car is being used. — at K–2","Measure pressure and tread on all tyres of a real car, adjust to specification, and judge each tyre's remaining life."
CX-TRANSPORT-0117,Transport & Mobility,"The car: owning, running, letting go",CR-17,3–5,Explorer,Car Custodian,Tyres: the only part touching the road,"Pressure, tread, age and the legal limits — and what each says about how the car is being used. — at 3–5","Measure pressure and tread on all tyres of a real car, adjust to specification, and judge each tyre's remaining life."
CX-TRANSPORT-0118,Transport & Mobility,"The car: owning, running, letting go",CR-18,6–8,Builder,Car Custodian,Tyres: the only part touching the road,"Pressure, tread, age and the legal limits — and what each says about how the car is being used. — at 6–8","Measure pressure and tread on all tyres of a real car, adjust to specification, and judge each tyre's remaining life."
CX-TRANSPORT-0119,Transport & Mobility,"The car: owning, running, letting go",CR-19,9–10,Practitioner,Car Custodian,Tyres: the only part touching the road,"Pressure, tread, age and the legal limits — and what each says about how the car is being used. — at 9–10","Measure pressure and tread on all tyres of a real car, adjust to specification, and judge each tyre's remaining life."
CX-TRANSPORT-0120,Transport & Mobility,"The car: owning, running, letting go",CR-20,11–12,Lead,Car Custodian,Tyres: the only part touching the road,"Pressure, tread, age and the legal limits — and what each says about how the car is being used. — at 11–12","Measure pressure and tread on all tyres of a real car, adjust to specification, and judge each tyre's remaining life."
CX-TRANSPORT-0121,Transport & Mobility,"The car: owning, running, letting go",CR-21,K–2,Explorer,Car Custodian,Warning lights and the sounds of trouble,"Which dashboard lights mean stop now, which mean soon, and describing a noise so a mechanic can hear it too. — at K–2","Classify ten real warning lights by urgency from the handbook, and write one fault description a garage could diagnose from."
CX-TRANSPORT-0122,Transport & Mobility,"The car: owning, running, letting go",CR-22,3–5,Explorer,Car Custodian,Warning lights and the sounds of trouble,"Which dashboard lights mean stop now, which mean soon, and describing a noise so a mechanic can hear it too. — at 3–5","Classify ten real warning lights by urgency from the handbook, and write one fault description a garage could diagnose from."
CX-TRANSPORT-0123,Transport & Mobility,"The car: owning, running, letting go",CR-23,6–8,Builder,Car Custodian,Warning lights and the sounds of trouble,"Which dashboard lights mean stop now, which mean soon, and describing a noise so a mechanic can hear it too. — at 6–8","Classify ten real warning lights by urgency from the handbook, and write one fault description a garage could diagnose from."
CX-TRANSPORT-0124,Transport & Mobility,"The car: owning, running, letting go",CR-24,9–10,Practitioner,Car Custodian,Warning lights and the sounds of trouble,"Which dashboard lights mean stop now, which mean soon, and describing a noise so a mechanic can hear it too. — at 9–10","Classify ten real warning lights by urgency from the handbook, and write one fault description a garage could diagnose from."
CX-TRANSPORT-0125,Transport & Mobility,"The car: owning, running, letting go",CR-25,11–12,Lead,Car Custodian,Warning lights and the sounds of trouble,"Which dashboard lights mean stop now, which mean soon, and describing a noise so a mechanic can hear it too. — at 11–12","Classify ten real warning lights by urgency from the handbook, and write one fault description a garage could diagnose from."
CX-TRANSPORT-0126,Transport & Mobility,"The car: owning, running, letting go",CR-26,K–2,Explorer,Car Custodian,The garage relationship,"Getting quotes, understanding the invoice, declining the upsell and knowing fair prices for common jobs. — at K–2","Obtain two quotes for one real repair or service, compare them line by line, and negotiate or choose with reasons stated."
CX-TRANSPORT-0127,Transport & Mobility,"The car: owning, running, letting go",CR-27,3–5,Explorer,Car Custodian,The garage relationship,"Getting quotes, understanding the invoice, declining the upsell and knowing fair prices for common jobs. — at 3–5","Obtain two quotes for one real repair or service, compare them line by line, and negotiate or choose with reasons stated."
CX-TRANSPORT-0128,Transport & Mobility,"The car: owning, running, letting go",CR-28,6–8,Builder,Car Custodian,The garage relationship,"Getting quotes, understanding the invoice, declining the upsell and knowing fair prices for common jobs. — at 6–8","Obtain two quotes for one real repair or service, compare them line by line, and negotiate or choose with reasons stated."
CX-TRANSPORT-0129,Transport & Mobility,"The car: owning, running, letting go",CR-29,9–10,Practitioner,Car Custodian,The garage relationship,"Getting quotes, understanding the invoice, declining the upsell and knowing fair prices for common jobs. — at 9–10","Obtain two quotes for one real repair or service, compare them line by line, and negotiate or choose with reasons stated."
CX-TRANSPORT-0130,Transport & Mobility,"The car: owning, running, letting go",CR-30,11–12,Lead,Car Custodian,The garage relationship,"Getting quotes, understanding the invoice, declining the upsell and knowing fair prices for common jobs. — at 11–12","Obtain two quotes for one real repair or service, compare them line by line, and negotiate or choose with reasons stated."
CX-TRANSPORT-0131,Transport & Mobility,"The car: owning, running, letting go",CR-31,K–2,Explorer,Car Custodian,"Insurance, claims and the day it goes wrong","Cover levels, excesses, the at-the-scene checklist and the claim that gets paid because the evidence was gathered. — at K–2","Rehearse the full collision-scene procedure — safety, photos, details, admissions avoided — and file a complete mock claim."
CX-TRANSPORT-0132,Transport & Mobility,"The car: owning, running, letting go",CR-32,3–5,Explorer,Car Custodian,"Insurance, claims and the day it goes wrong","Cover levels, excesses, the at-the-scene checklist and the claim that gets paid because the evidence was gathered. — at 3–5","Rehearse the full collision-scene procedure — safety, photos, details, admissions avoided — and file a complete mock claim."
CX-TRANSPORT-0133,Transport & Mobility,"The car: owning, running, letting go",CR-33,6–8,Builder,Car Custodian,"Insurance, claims and the day it goes wrong","Cover levels, excesses, the at-the-scene checklist and the claim that gets paid because the evidence was gathered. — at 6–8","Rehearse the full collision-scene procedure — safety, photos, details, admissions avoided — and file a complete mock claim."
CX-TRANSPORT-0134,Transport & Mobility,"The car: owning, running, letting go",CR-34,9–10,Practitioner,Car Custodian,"Insurance, claims and the day it goes wrong","Cover levels, excesses, the at-the-scene checklist and the claim that gets paid because the evidence was gathered. — at 9–10","Rehearse the full collision-scene procedure — safety, photos, details, admissions avoided — and file a complete mock claim."
CX-TRANSPORT-0135,Transport & Mobility,"The car: owning, running, letting go",CR-35,11–12,Lead,Car Custodian,"Insurance, claims and the day it goes wrong","Cover levels, excesses, the at-the-scene checklist and the claim that gets paid because the evidence was gathered. — at 11–12","Rehearse the full collision-scene procedure — safety, photos, details, admissions avoided — and file a complete mock claim."
CX-TRANSPORT-0136,Transport & Mobility,"The car: owning, running, letting go",CR-36,K–2,Explorer,Car Custodian,Breakdowns and the hard shoulder,"Where to stop, when to exit the vehicle, warning others and waiting safely — the breakdown as a safety event first. — at K–2","Walk through a staged breakdown on three road types and state the correct positioning, signals and calls for each."
CX-TRANSPORT-0137,Transport & Mobility,"The car: owning, running, letting go",CR-37,3–5,Explorer,Car Custodian,Breakdowns and the hard shoulder,"Where to stop, when to exit the vehicle, warning others and waiting safely — the breakdown as a safety event first. — at 3–5","Walk through a staged breakdown on three road types and state the correct positioning, signals and calls for each."
CX-TRANSPORT-0138,Transport & Mobility,"The car: owning, running, letting go",CR-38,6–8,Builder,Car Custodian,Breakdowns and the hard shoulder,"Where to stop, when to exit the vehicle, warning others and waiting safely — the breakdown as a safety event first. — at 6–8","Walk through a staged breakdown on three road types and state the correct positioning, signals and calls for each."
CX-TRANSPORT-0139,Transport & Mobility,"The car: owning, running, letting go",CR-39,9–10,Practitioner,Car Custodian,Breakdowns and the hard shoulder,"Where to stop, when to exit the vehicle, warning others and waiting safely — the breakdown as a safety event first. — at 9–10","Walk through a staged breakdown on three road types and state the correct positioning, signals and calls for each."
CX-TRANSPORT-0140,Transport & Mobility,"The car: owning, running, letting go",CR-40,11–12,Lead,Car Custodian,Breakdowns and the hard shoulder,"Where to stop, when to exit the vehicle, warning others and waiting safely — the breakdown as a safety event first. — at 11–12","Walk through a staged breakdown on three road types and state the correct positioning, signals and calls for each."
CX-TRANSPORT-0141,Transport & Mobility,"The car: owning, running, letting go",CR-41,K–2,Explorer,Car Custodian,"Sharing, renting, borrowing","Car clubs, rentals and the borrowed car — insurance realities, damage walk-arounds and the deposits that vanish. — at K–2","Complete a real or mock rental including the documented walk-around, and identify the two contract clauses most likely to cost you."
CX-TRANSPORT-0142,Transport & Mobility,"The car: owning, running, letting go",CR-42,3–5,Explorer,Car Custodian,"Sharing, renting, borrowing","Car clubs, rentals and the borrowed car — insurance realities, damage walk-arounds and the deposits that vanish. — at 3–5","Complete a real or mock rental including the documented walk-around, and identify the two contract clauses most likely to cost you."
CX-TRANSPORT-0143,Transport & Mobility,"The car: owning, running, letting go",CR-43,6–8,Builder,Car Custodian,"Sharing, renting, borrowing","Car clubs, rentals and the borrowed car — insurance realities, damage walk-arounds and the deposits that vanish. — at 6–8","Complete a real or mock rental including the documented walk-around, and identify the two contract clauses most likely to cost you."
CX-TRANSPORT-0144,Transport & Mobility,"The car: owning, running, letting go",CR-44,9–10,Practitioner,Car Custodian,"Sharing, renting, borrowing","Car clubs, rentals and the borrowed car — insurance realities, damage walk-arounds and the deposits that vanish. — at 9–10","Complete a real or mock rental including the documented walk-around, and identify the two contract clauses most likely to cost you."
CX-TRANSPORT-0145,Transport & Mobility,"The car: owning, running, letting go",CR-45,11–12,Lead,Car Custodian,"Sharing, renting, borrowing","Car clubs, rentals and the borrowed car — insurance realities, damage walk-arounds and the deposits that vanish. — at 11–12","Complete a real or mock rental including the documented walk-around, and identify the two contract clauses most likely to cost you."
CX-TRANSPORT-0146,Transport & Mobility,"The car: owning, running, letting go",CR-46,K–2,Explorer,Car Custodian,Do you even need it,"The annual review: kilometres driven, cost per trip, and the honest comparison against a life with fewer or no cars. — at K–2","Run the keep/replace/sell analysis for one real household car with a year's actual usage data, and present the recommendation."
CX-TRANSPORT-0147,Transport & Mobility,"The car: owning, running, letting go",CR-47,3–5,Explorer,Car Custodian,Do you even need it,"The annual review: kilometres driven, cost per trip, and the honest comparison against a life with fewer or no cars. — at 3–5","Run the keep/replace/sell analysis for one real household car with a year's actual usage data, and present the recommendation."
CX-TRANSPORT-0148,Transport & Mobility,"The car: owning, running, letting go",CR-48,6–8,Builder,Car Custodian,Do you even need it,"The annual review: kilometres driven, cost per trip, and the honest comparison against a life with fewer or no cars. — at 6–8","Run the keep/replace/sell analysis for one real household car with a year's actual usage data, and present the recommendation."
CX-TRANSPORT-0149,Transport & Mobility,"The car: owning, running, letting go",CR-49,9–10,Practitioner,Car Custodian,Do you even need it,"The annual review: kilometres driven, cost per trip, and the honest comparison against a life with fewer or no cars. — at 9–10","Run the keep/replace/sell analysis for one real household car with a year's actual usage data, and present the recommendation."
CX-TRANSPORT-0150,Transport & Mobility,"The car: owning, running, letting go",CR-50,11–12,Lead,Car Custodian,Do you even need it,"The annual review: kilometres driven, cost per trip, and the honest comparison against a life with fewer or no cars. — at 11–12","Run the keep/replace/sell analysis for one real household car with a year's actual usage data, and present the recommendation."
CX-TRANSPORT-0151,Transport & Mobility,Roads shared: safety for every user,RS-1,K–2,Explorer,Road Guardian,Crossing as a skill,"Sightlines, parked-car screens, signal phases and the crossing choices that fail — pedestrian craft taken seriously at every age. — at K–2","Assess three real crossing points near a school or home, rank their risk with reasons, and demonstrate the safest use of the worst one."
CX-TRANSPORT-0152,Transport & Mobility,Roads shared: safety for every user,RS-2,3–5,Explorer,Road Guardian,Crossing as a skill,"Sightlines, parked-car screens, signal phases and the crossing choices that fail — pedestrian craft taken seriously at every age. — at 3–5","Assess three real crossing points near a school or home, rank their risk with reasons, and demonstrate the safest use of the worst one."
CX-TRANSPORT-0153,Transport & Mobility,Roads shared: safety for every user,RS-3,6–8,Builder,Road Guardian,Crossing as a skill,"Sightlines, parked-car screens, signal phases and the crossing choices that fail — pedestrian craft taken seriously at every age. — at 6–8","Assess three real crossing points near a school or home, rank their risk with reasons, and demonstrate the safest use of the worst one."
CX-TRANSPORT-0154,Transport & Mobility,Roads shared: safety for every user,RS-4,9–10,Practitioner,Road Guardian,Crossing as a skill,"Sightlines, parked-car screens, signal phases and the crossing choices that fail — pedestrian craft taken seriously at every age. — at 9–10","Assess three real crossing points near a school or home, rank their risk with reasons, and demonstrate the safest use of the worst one."
CX-TRANSPORT-0155,Transport & Mobility,Roads shared: safety for every user,RS-5,11–12,Lead,Road Guardian,Crossing as a skill,"Sightlines, parked-car screens, signal phases and the crossing choices that fail — pedestrian craft taken seriously at every age. — at 11–12","Assess three real crossing points near a school or home, rank their risk with reasons, and demonstrate the safest use of the worst one."
CX-TRANSPORT-0156,Transport & Mobility,Roads shared: safety for every user,RS-6,K–2,Explorer,Road Guardian,Speed and what it does,"Stopping distances, survival curves and why 30 versus 50 is the difference between an injury and a funeral. — at K–2",Compute stopping distances at three speeds for a real road and match each against its actual sightlines and crossings.
CX-TRANSPORT-0157,Transport & Mobility,Roads shared: safety for every user,RS-7,3–5,Explorer,Road Guardian,Speed and what it does,"Stopping distances, survival curves and why 30 versus 50 is the difference between an injury and a funeral. — at 3–5",Compute stopping distances at three speeds for a real road and match each against its actual sightlines and crossings.
CX-TRANSPORT-0158,Transport & Mobility,Roads shared: safety for every user,RS-8,6–8,Builder,Road Guardian,Speed and what it does,"Stopping distances, survival curves and why 30 versus 50 is the difference between an injury and a funeral. — at 6–8",Compute stopping distances at three speeds for a real road and match each against its actual sightlines and crossings.
CX-TRANSPORT-0159,Transport & Mobility,Roads shared: safety for every user,RS-9,9–10,Practitioner,Road Guardian,Speed and what it does,"Stopping distances, survival curves and why 30 versus 50 is the difference between an injury and a funeral. — at 9–10",Compute stopping distances at three speeds for a real road and match each against its actual sightlines and crossings.
CX-TRANSPORT-0160,Transport & Mobility,Roads shared: safety for every user,RS-10,11–12,Lead,Road Guardian,Speed and what it does,"Stopping distances, survival curves and why 30 versus 50 is the difference between an injury and a funeral. — at 11–12",Compute stopping distances at three speeds for a real road and match each against its actual sightlines and crossings.
CX-TRANSPORT-0161,Transport & Mobility,Roads shared: safety for every user,RS-11,K–2,Explorer,Road Guardian,The blind spots of big vehicles,"Trucks, buses and the zones where a person disappears — positioning around large vehicles as a survival rule. — at K–2","From a parked large vehicle's driver seat (or accurate diagram), map its blind zones and demonstrate the safe positions around it."
CX-TRANSPORT-0162,Transport & Mobility,Roads shared: safety for every user,RS-12,3–5,Explorer,Road Guardian,The blind spots of big vehicles,"Trucks, buses and the zones where a person disappears — positioning around large vehicles as a survival rule. — at 3–5","From a parked large vehicle's driver seat (or accurate diagram), map its blind zones and demonstrate the safe positions around it."
CX-TRANSPORT-0163,Transport & Mobility,Roads shared: safety for every user,RS-13,6–8,Builder,Road Guardian,The blind spots of big vehicles,"Trucks, buses and the zones where a person disappears — positioning around large vehicles as a survival rule. — at 6–8","From a parked large vehicle's driver seat (or accurate diagram), map its blind zones and demonstrate the safe positions around it."
CX-TRANSPORT-0164,Transport & Mobility,Roads shared: safety for every user,RS-14,9–10,Practitioner,Road Guardian,The blind spots of big vehicles,"Trucks, buses and the zones where a person disappears — positioning around large vehicles as a survival rule. — at 9–10","From a parked large vehicle's driver seat (or accurate diagram), map its blind zones and demonstrate the safe positions around it."
CX-TRANSPORT-0165,Transport & Mobility,Roads shared: safety for every user,RS-15,11–12,Lead,Road Guardian,The blind spots of big vehicles,"Trucks, buses and the zones where a person disappears — positioning around large vehicles as a survival rule. — at 11–12","From a parked large vehicle's driver seat (or accurate diagram), map its blind zones and demonstrate the safe positions around it."
CX-TRANSPORT-0166,Transport & Mobility,Roads shared: safety for every user,RS-16,K–2,Explorer,Road Guardian,Distraction: the phone in the hand,"What attention actually is on the road, the seconds a glance costs at speed, and the norms shifting around it. — at K–2",Measure reaction-time degradation under distraction in a safe simulated task and translate the result into metres at road speed.
CX-TRANSPORT-0167,Transport & Mobility,Roads shared: safety for every user,RS-17,3–5,Explorer,Road Guardian,Distraction: the phone in the hand,"What attention actually is on the road, the seconds a glance costs at speed, and the norms shifting around it. — at 3–5",Measure reaction-time degradation under distraction in a safe simulated task and translate the result into metres at road speed.
CX-TRANSPORT-0168,Transport & Mobility,Roads shared: safety for every user,RS-18,6–8,Builder,Road Guardian,Distraction: the phone in the hand,"What attention actually is on the road, the seconds a glance costs at speed, and the norms shifting around it. — at 6–8",Measure reaction-time degradation under distraction in a safe simulated task and translate the result into metres at road speed.
CX-TRANSPORT-0169,Transport & Mobility,Roads shared: safety for every user,RS-19,9–10,Practitioner,Road Guardian,Distraction: the phone in the hand,"What attention actually is on the road, the seconds a glance costs at speed, and the norms shifting around it. — at 9–10",Measure reaction-time degradation under distraction in a safe simulated task and translate the result into metres at road speed.
CX-TRANSPORT-0170,Transport & Mobility,Roads shared: safety for every user,RS-20,11–12,Lead,Road Guardian,Distraction: the phone in the hand,"What attention actually is on the road, the seconds a glance costs at speed, and the norms shifting around it. — at 11–12",Measure reaction-time degradation under distraction in a safe simulated task and translate the result into metres at road speed.
CX-TRANSPORT-0171,Transport & Mobility,Roads shared: safety for every user,RS-21,K–2,Explorer,Road Guardian,"Impairment: alcohol, drugs, exhaustion","What each does to driving, the limits and the myths, and stopping an impaired person from driving without a fight. — at K–2","Rehearse and script the intervention that takes keys from an impaired driver, and state the legal limits and alternatives where you live."
CX-TRANSPORT-0172,Transport & Mobility,Roads shared: safety for every user,RS-22,3–5,Explorer,Road Guardian,"Impairment: alcohol, drugs, exhaustion","What each does to driving, the limits and the myths, and stopping an impaired person from driving without a fight. — at 3–5","Rehearse and script the intervention that takes keys from an impaired driver, and state the legal limits and alternatives where you live."
CX-TRANSPORT-0173,Transport & Mobility,Roads shared: safety for every user,RS-23,6–8,Builder,Road Guardian,"Impairment: alcohol, drugs, exhaustion","What each does to driving, the limits and the myths, and stopping an impaired person from driving without a fight. — at 6–8","Rehearse and script the intervention that takes keys from an impaired driver, and state the legal limits and alternatives where you live."
CX-TRANSPORT-0174,Transport & Mobility,Roads shared: safety for every user,RS-24,9–10,Practitioner,Road Guardian,"Impairment: alcohol, drugs, exhaustion","What each does to driving, the limits and the myths, and stopping an impaired person from driving without a fight. — at 9–10","Rehearse and script the intervention that takes keys from an impaired driver, and state the legal limits and alternatives where you live."
CX-TRANSPORT-0175,Transport & Mobility,Roads shared: safety for every user,RS-25,11–12,Lead,Road Guardian,"Impairment: alcohol, drugs, exhaustion","What each does to driving, the limits and the myths, and stopping an impaired person from driving without a fight. — at 11–12","Rehearse and script the intervention that takes keys from an impaired driver, and state the legal limits and alternatives where you live."
CX-TRANSPORT-0176,Transport & Mobility,Roads shared: safety for every user,RS-26,K–2,Explorer,Road Guardian,Children near roads,"Why children misjudge speed and distance, the walking-bus and the taught routines that build safe pedestrians. — at K–2","Design and walk a safe school route for a real child, teaching them its three decision points and testing their recall."
CX-TRANSPORT-0177,Transport & Mobility,Roads shared: safety for every user,RS-27,3–5,Explorer,Road Guardian,Children near roads,"Why children misjudge speed and distance, the walking-bus and the taught routines that build safe pedestrians. — at 3–5","Design and walk a safe school route for a real child, teaching them its three decision points and testing their recall."
CX-TRANSPORT-0178,Transport & Mobility,Roads shared: safety for every user,RS-28,6–8,Builder,Road Guardian,Children near roads,"Why children misjudge speed and distance, the walking-bus and the taught routines that build safe pedestrians. — at 6–8","Design and walk a safe school route for a real child, teaching them its three decision points and testing their recall."
CX-TRANSPORT-0179,Transport & Mobility,Roads shared: safety for every user,RS-29,9–10,Practitioner,Road Guardian,Children near roads,"Why children misjudge speed and distance, the walking-bus and the taught routines that build safe pedestrians. — at 9–10","Design and walk a safe school route for a real child, teaching them its three decision points and testing their recall."
CX-TRANSPORT-0180,Transport & Mobility,Roads shared: safety for every user,RS-30,11–12,Lead,Road Guardian,Children near roads,"Why children misjudge speed and distance, the walking-bus and the taught routines that build safe pedestrians. — at 11–12","Design and walk a safe school route for a real child, teaching them its three decision points and testing their recall."
CX-TRANSPORT-0181,Transport & Mobility,Roads shared: safety for every user,RS-31,K–2,Explorer,Road Guardian,"Seatbelts, helmets and child seats","Restraints fitted right — the belt path, the helmet angle, the child seat stages — and the fittings that silently fail. — at K–2","Fit and verify one real restraint (child seat, helmet or belt) against its manual, and find the deliberate or genuine fitting error."
CX-TRANSPORT-0182,Transport & Mobility,Roads shared: safety for every user,RS-32,3–5,Explorer,Road Guardian,"Seatbelts, helmets and child seats","Restraints fitted right — the belt path, the helmet angle, the child seat stages — and the fittings that silently fail. — at 3–5","Fit and verify one real restraint (child seat, helmet or belt) against its manual, and find the deliberate or genuine fitting error."
CX-TRANSPORT-0183,Transport & Mobility,Roads shared: safety for every user,RS-33,6–8,Builder,Road Guardian,"Seatbelts, helmets and child seats","Restraints fitted right — the belt path, the helmet angle, the child seat stages — and the fittings that silently fail. — at 6–8","Fit and verify one real restraint (child seat, helmet or belt) against its manual, and find the deliberate or genuine fitting error."
CX-TRANSPORT-0184,Transport & Mobility,Roads shared: safety for every user,RS-34,9–10,Practitioner,Road Guardian,"Seatbelts, helmets and child seats","Restraints fitted right — the belt path, the helmet angle, the child seat stages — and the fittings that silently fail. — at 9–10","Fit and verify one real restraint (child seat, helmet or belt) against its manual, and find the deliberate or genuine fitting error."
CX-TRANSPORT-0185,Transport & Mobility,Roads shared: safety for every user,RS-35,11–12,Lead,Road Guardian,"Seatbelts, helmets and child seats","Restraints fitted right — the belt path, the helmet angle, the child seat stages — and the fittings that silently fail. — at 11–12","Fit and verify one real restraint (child seat, helmet or belt) against its manual, and find the deliberate or genuine fitting error."
CX-TRANSPORT-0186,Transport & Mobility,Roads shared: safety for every user,RS-36,K–2,Explorer,Road Guardian,First on scene,"Arriving at a road collision: scene safety, the call that gets the right response, and what to do and not do before help arrives. — at K–2","Run a full staged first-on-scene response — protect, assess, call, assist — narrating each decision in order."
CX-TRANSPORT-0187,Transport & Mobility,Roads shared: safety for every user,RS-37,3–5,Explorer,Road Guardian,First on scene,"Arriving at a road collision: scene safety, the call that gets the right response, and what to do and not do before help arrives. — at 3–5","Run a full staged first-on-scene response — protect, assess, call, assist — narrating each decision in order."
CX-TRANSPORT-0188,Transport & Mobility,Roads shared: safety for every user,RS-38,6–8,Builder,Road Guardian,First on scene,"Arriving at a road collision: scene safety, the call that gets the right response, and what to do and not do before help arrives. — at 6–8","Run a full staged first-on-scene response — protect, assess, call, assist — narrating each decision in order."
CX-TRANSPORT-0189,Transport & Mobility,Roads shared: safety for every user,RS-39,9–10,Practitioner,Road Guardian,First on scene,"Arriving at a road collision: scene safety, the call that gets the right response, and what to do and not do before help arrives. — at 9–10","Run a full staged first-on-scene response — protect, assess, call, assist — narrating each decision in order."
CX-TRANSPORT-0190,Transport & Mobility,Roads shared: safety for every user,RS-40,11–12,Lead,Road Guardian,First on scene,"Arriving at a road collision: scene safety, the call that gets the right response, and what to do and not do before help arrives. — at 11–12","Run a full staged first-on-scene response — protect, assess, call, assist — narrating each decision in order."
CX-TRANSPORT-0191,Transport & Mobility,Roads shared: safety for every user,RS-41,K–2,Explorer,Road Guardian,Reading a street's design,"Widths, corners, crossings and parking as decisions someone made — why some streets calm traffic and others invite it. — at K–2",Audit one real street for design-induced risk and propose two concrete changes with the evidence behind each.
CX-TRANSPORT-0192,Transport & Mobility,Roads shared: safety for every user,RS-42,3–5,Explorer,Road Guardian,Reading a street's design,"Widths, corners, crossings and parking as decisions someone made — why some streets calm traffic and others invite it. — at 3–5",Audit one real street for design-induced risk and propose two concrete changes with the evidence behind each.
CX-TRANSPORT-0193,Transport & Mobility,Roads shared: safety for every user,RS-43,6–8,Builder,Road Guardian,Reading a street's design,"Widths, corners, crossings and parking as decisions someone made — why some streets calm traffic and others invite it. — at 6–8",Audit one real street for design-induced risk and propose two concrete changes with the evidence behind each.
CX-TRANSPORT-0194,Transport & Mobility,Roads shared: safety for every user,RS-44,9–10,Practitioner,Road Guardian,Reading a street's design,"Widths, corners, crossings and parking as decisions someone made — why some streets calm traffic and others invite it. — at 9–10",Audit one real street for design-induced risk and propose two concrete changes with the evidence behind each.
CX-TRANSPORT-0195,Transport & Mobility,Roads shared: safety for every user,RS-45,11–12,Lead,Road Guardian,Reading a street's design,"Widths, corners, crossings and parking as decisions someone made — why some streets calm traffic and others invite it. — at 11–12",Audit one real street for design-induced risk and propose two concrete changes with the evidence behind each.
CX-TRANSPORT-0196,Transport & Mobility,Roads shared: safety for every user,RS-46,K–2,Explorer,Road Guardian,Getting a road fixed,"Reporting hazards, the authority responsible, and the campaign that turns a dangerous junction into an agenda item. — at K–2",Report one real road hazard through the official channel and draft the follow-up escalation to the responsible authority.
CX-TRANSPORT-0197,Transport & Mobility,Roads shared: safety for every user,RS-47,3–5,Explorer,Road Guardian,Getting a road fixed,"Reporting hazards, the authority responsible, and the campaign that turns a dangerous junction into an agenda item. — at 3–5",Report one real road hazard through the official channel and draft the follow-up escalation to the responsible authority.
CX-TRANSPORT-0198,Transport & Mobility,Roads shared: safety for every user,RS-48,6–8,Builder,Road Guardian,Getting a road fixed,"Reporting hazards, the authority responsible, and the campaign that turns a dangerous junction into an agenda item. — at 6–8",Report one real road hazard through the official channel and draft the follow-up escalation to the responsible authority.
CX-TRANSPORT-0199,Transport & Mobility,Roads shared: safety for every user,RS-49,9–10,Practitioner,Road Guardian,Getting a road fixed,"Reporting hazards, the authority responsible, and the campaign that turns a dangerous junction into an agenda item. — at 9–10",Report one real road hazard through the official channel and draft the follow-up escalation to the responsible authority.
CX-TRANSPORT-0200,Transport & Mobility,Roads shared: safety for every user,RS-50,11–12,Lead,Road Guardian,Getting a road fixed,"Reporting hazards, the authority responsible, and the campaign that turns a dangerous junction into an agenda item. — at 11–12",Report one real road hazard through the official channel and draft the follow-up escalation to the responsible authority.
CX-TRANSPORT-0201,Transport & Mobility,"Journeys: planning, rights and the wider world",JP-1,K–2,Explorer,Journey Planner,The trip as a project,"Route, timing, fallbacks and the single sheet that holds a journey together when the phone dies. — at K–2","Produce the one-page plan for a real multi-leg journey — times, references, fallbacks, contacts — and travel (or simulate) from it alone."
CX-TRANSPORT-0202,Transport & Mobility,"Journeys: planning, rights and the wider world",JP-2,3–5,Explorer,Journey Planner,The trip as a project,"Route, timing, fallbacks and the single sheet that holds a journey together when the phone dies. — at 3–5","Produce the one-page plan for a real multi-leg journey — times, references, fallbacks, contacts — and travel (or simulate) from it alone."
CX-TRANSPORT-0203,Transport & Mobility,"Journeys: planning, rights and the wider world",JP-3,6–8,Builder,Journey Planner,The trip as a project,"Route, timing, fallbacks and the single sheet that holds a journey together when the phone dies. — at 6–8","Produce the one-page plan for a real multi-leg journey — times, references, fallbacks, contacts — and travel (or simulate) from it alone."
CX-TRANSPORT-0204,Transport & Mobility,"Journeys: planning, rights and the wider world",JP-4,9–10,Practitioner,Journey Planner,The trip as a project,"Route, timing, fallbacks and the single sheet that holds a journey together when the phone dies. — at 9–10","Produce the one-page plan for a real multi-leg journey — times, references, fallbacks, contacts — and travel (or simulate) from it alone."
CX-TRANSPORT-0205,Transport & Mobility,"Journeys: planning, rights and the wider world",JP-5,11–12,Lead,Journey Planner,The trip as a project,"Route, timing, fallbacks and the single sheet that holds a journey together when the phone dies. — at 11–12","Produce the one-page plan for a real multi-leg journey — times, references, fallbacks, contacts — and travel (or simulate) from it alone."
CX-TRANSPORT-0206,Transport & Mobility,"Journeys: planning, rights and the wider world",JP-6,K–2,Explorer,Journey Planner,Documents and the border,"Passports, visas, validity windows and the checks that happen before the airport — paperwork as the first leg of the trip. — at K–2","For a real or chosen destination, compile the full document checklist for a named traveller and verify each item's validity dates."
CX-TRANSPORT-0207,Transport & Mobility,"Journeys: planning, rights and the wider world",JP-7,3–5,Explorer,Journey Planner,Documents and the border,"Passports, visas, validity windows and the checks that happen before the airport — paperwork as the first leg of the trip. — at 3–5","For a real or chosen destination, compile the full document checklist for a named traveller and verify each item's validity dates."
CX-TRANSPORT-0208,Transport & Mobility,"Journeys: planning, rights and the wider world",JP-8,6–8,Builder,Journey Planner,Documents and the border,"Passports, visas, validity windows and the checks that happen before the airport — paperwork as the first leg of the trip. — at 6–8","For a real or chosen destination, compile the full document checklist for a named traveller and verify each item's validity dates."
CX-TRANSPORT-0209,Transport & Mobility,"Journeys: planning, rights and the wider world",JP-9,9–10,Practitioner,Journey Planner,Documents and the border,"Passports, visas, validity windows and the checks that happen before the airport — paperwork as the first leg of the trip. — at 9–10","For a real or chosen destination, compile the full document checklist for a named traveller and verify each item's validity dates."
CX-TRANSPORT-0210,Transport & Mobility,"Journeys: planning, rights and the wider world",JP-10,11–12,Lead,Journey Planner,Documents and the border,"Passports, visas, validity windows and the checks that happen before the airport — paperwork as the first leg of the trip. — at 11–12","For a real or chosen destination, compile the full document checklist for a named traveller and verify each item's validity dates."
CX-TRANSPORT-0211,Transport & Mobility,"Journeys: planning, rights and the wider world",JP-11,K–2,Explorer,Journey Planner,Money on the move,"Cards abroad, exchange margins, the ATM decline at midnight — and the backup layer that keeps a trip alive. — at K–2","Design the payment setup for a real trip — primary, backup, emergency cash — and state the fees each choice carries."
CX-TRANSPORT-0212,Transport & Mobility,"Journeys: planning, rights and the wider world",JP-12,3–5,Explorer,Journey Planner,Money on the move,"Cards abroad, exchange margins, the ATM decline at midnight — and the backup layer that keeps a trip alive. — at 3–5","Design the payment setup for a real trip — primary, backup, emergency cash — and state the fees each choice carries."
CX-TRANSPORT-0213,Transport & Mobility,"Journeys: planning, rights and the wider world",JP-13,6–8,Builder,Journey Planner,Money on the move,"Cards abroad, exchange margins, the ATM decline at midnight — and the backup layer that keeps a trip alive. — at 6–8","Design the payment setup for a real trip — primary, backup, emergency cash — and state the fees each choice carries."
CX-TRANSPORT-0214,Transport & Mobility,"Journeys: planning, rights and the wider world",JP-14,9–10,Practitioner,Journey Planner,Money on the move,"Cards abroad, exchange margins, the ATM decline at midnight — and the backup layer that keeps a trip alive. — at 9–10","Design the payment setup for a real trip — primary, backup, emergency cash — and state the fees each choice carries."
CX-TRANSPORT-0215,Transport & Mobility,"Journeys: planning, rights and the wider world",JP-15,11–12,Lead,Journey Planner,Money on the move,"Cards abroad, exchange margins, the ATM decline at midnight — and the backup layer that keeps a trip alive. — at 11–12","Design the payment setup for a real trip — primary, backup, emergency cash — and state the fees each choice carries."
CX-TRANSPORT-0216,Transport & Mobility,"Journeys: planning, rights and the wider world",JP-16,K–2,Explorer,Journey Planner,Luggage: what actually comes,"Packing lists, weight limits and the things you cannot carry — travelling with everything needed and nothing dragged. — at K–2","Pack for a defined real trip within an airline's actual limits, justify every item, and pass a prohibited-items check."
CX-TRANSPORT-0217,Transport & Mobility,"Journeys: planning, rights and the wider world",JP-17,3–5,Explorer,Journey Planner,Luggage: what actually comes,"Packing lists, weight limits and the things you cannot carry — travelling with everything needed and nothing dragged. — at 3–5","Pack for a defined real trip within an airline's actual limits, justify every item, and pass a prohibited-items check."
CX-TRANSPORT-0218,Transport & Mobility,"Journeys: planning, rights and the wider world",JP-18,6–8,Builder,Journey Planner,Luggage: what actually comes,"Packing lists, weight limits and the things you cannot carry — travelling with everything needed and nothing dragged. — at 6–8","Pack for a defined real trip within an airline's actual limits, justify every item, and pass a prohibited-items check."
CX-TRANSPORT-0219,Transport & Mobility,"Journeys: planning, rights and the wider world",JP-19,9–10,Practitioner,Journey Planner,Luggage: what actually comes,"Packing lists, weight limits and the things you cannot carry — travelling with everything needed and nothing dragged. — at 9–10","Pack for a defined real trip within an airline's actual limits, justify every item, and pass a prohibited-items check."
CX-TRANSPORT-0220,Transport & Mobility,"Journeys: planning, rights and the wider world",JP-20,11–12,Lead,Journey Planner,Luggage: what actually comes,"Packing lists, weight limits and the things you cannot carry — travelling with everything needed and nothing dragged. — at 11–12","Pack for a defined real trip within an airline's actual limits, justify every item, and pass a prohibited-items check."
CX-TRANSPORT-0221,Transport & Mobility,"Journeys: planning, rights and the wider world",JP-21,K–2,Explorer,Journey Planner,"Delays, cancellations and your rights","Compensation regimes, rerouting duties and the difference between what carriers owe and what they offer. — at K–2","For one real or case-study disruption, determine the passenger's actual entitlement under the applicable rules and draft the claim."
CX-TRANSPORT-0222,Transport & Mobility,"Journeys: planning, rights and the wider world",JP-22,3–5,Explorer,Journey Planner,"Delays, cancellations and your rights","Compensation regimes, rerouting duties and the difference between what carriers owe and what they offer. — at 3–5","For one real or case-study disruption, determine the passenger's actual entitlement under the applicable rules and draft the claim."
CX-TRANSPORT-0223,Transport & Mobility,"Journeys: planning, rights and the wider world",JP-23,6–8,Builder,Journey Planner,"Delays, cancellations and your rights","Compensation regimes, rerouting duties and the difference between what carriers owe and what they offer. — at 6–8","For one real or case-study disruption, determine the passenger's actual entitlement under the applicable rules and draft the claim."
CX-TRANSPORT-0224,Transport & Mobility,"Journeys: planning, rights and the wider world",JP-24,9–10,Practitioner,Journey Planner,"Delays, cancellations and your rights","Compensation regimes, rerouting duties and the difference between what carriers owe and what they offer. — at 9–10","For one real or case-study disruption, determine the passenger's actual entitlement under the applicable rules and draft the claim."
CX-TRANSPORT-0225,Transport & Mobility,"Journeys: planning, rights and the wider world",JP-25,11–12,Lead,Journey Planner,"Delays, cancellations and your rights","Compensation regimes, rerouting duties and the difference between what carriers owe and what they offer. — at 11–12","For one real or case-study disruption, determine the passenger's actual entitlement under the applicable rules and draft the claim."
CX-TRANSPORT-0226,Transport & Mobility,"Journeys: planning, rights and the wider world",JP-26,K–2,Explorer,Journey Planner,Health on the road,"Vaccinations, medication across borders, travel insurance that pays, and the clinic-finding skill in an unfamiliar place. — at K–2","Build the health plan for a real destination — jabs, meds paperwork, insurance terms verified, nearest care mapped."
CX-TRANSPORT-0227,Transport & Mobility,"Journeys: planning, rights and the wider world",JP-27,3–5,Explorer,Journey Planner,Health on the road,"Vaccinations, medication across borders, travel insurance that pays, and the clinic-finding skill in an unfamiliar place. — at 3–5","Build the health plan for a real destination — jabs, meds paperwork, insurance terms verified, nearest care mapped."
CX-TRANSPORT-0228,Transport & Mobility,"Journeys: planning, rights and the wider world",JP-28,6–8,Builder,Journey Planner,Health on the road,"Vaccinations, medication across borders, travel insurance that pays, and the clinic-finding skill in an unfamiliar place. — at 6–8","Build the health plan for a real destination — jabs, meds paperwork, insurance terms verified, nearest care mapped."
CX-TRANSPORT-0229,Transport & Mobility,"Journeys: planning, rights and the wider world",JP-29,9–10,Practitioner,Journey Planner,Health on the road,"Vaccinations, medication across borders, travel insurance that pays, and the clinic-finding skill in an unfamiliar place. — at 9–10","Build the health plan for a real destination — jabs, meds paperwork, insurance terms verified, nearest care mapped."
CX-TRANSPORT-0230,Transport & Mobility,"Journeys: planning, rights and the wider world",JP-30,11–12,Lead,Journey Planner,Health on the road,"Vaccinations, medication across borders, travel insurance that pays, and the clinic-finding skill in an unfamiliar place. — at 11–12","Build the health plan for a real destination — jabs, meds paperwork, insurance terms verified, nearest care mapped."
CX-TRANSPORT-0231,Transport & Mobility,"Journeys: planning, rights and the wider world",JP-31,K–2,Explorer,Journey Planner,Arriving somewhere you cannot read,"Navigation without the language: scripts, transliteration, offline maps and the phrases that move you. — at K–2","Navigate a planned route using a map and transport system in a language you do not speak (real or faithfully simulated), documenting each solved obstacle."
CX-TRANSPORT-0232,Transport & Mobility,"Journeys: planning, rights and the wider world",JP-32,3–5,Explorer,Journey Planner,Arriving somewhere you cannot read,"Navigation without the language: scripts, transliteration, offline maps and the phrases that move you. — at 3–5","Navigate a planned route using a map and transport system in a language you do not speak (real or faithfully simulated), documenting each solved obstacle."
CX-TRANSPORT-0233,Transport & Mobility,"Journeys: planning, rights and the wider world",JP-33,6–8,Builder,Journey Planner,Arriving somewhere you cannot read,"Navigation without the language: scripts, transliteration, offline maps and the phrases that move you. — at 6–8","Navigate a planned route using a map and transport system in a language you do not speak (real or faithfully simulated), documenting each solved obstacle."
CX-TRANSPORT-0234,Transport & Mobility,"Journeys: planning, rights and the wider world",JP-34,9–10,Practitioner,Journey Planner,Arriving somewhere you cannot read,"Navigation without the language: scripts, transliteration, offline maps and the phrases that move you. — at 9–10","Navigate a planned route using a map and transport system in a language you do not speak (real or faithfully simulated), documenting each solved obstacle."
CX-TRANSPORT-0235,Transport & Mobility,"Journeys: planning, rights and the wider world",JP-35,11–12,Lead,Journey Planner,Arriving somewhere you cannot read,"Navigation without the language: scripts, transliteration, offline maps and the phrases that move you. — at 11–12","Navigate a planned route using a map and transport system in a language you do not speak (real or faithfully simulated), documenting each solved obstacle."
CX-TRANSPORT-0236,Transport & Mobility,"Journeys: planning, rights and the wider world",JP-36,K–2,Explorer,Journey Planner,The risks worth planning for,"Petty theft, scams aimed at travellers, and the registered-itinerary habit — proportionate caution without paranoia. — at K–2","Write the risk plan for a real trip: top three realistic risks, the mitigation for each, and who holds your itinerary."
CX-TRANSPORT-0237,Transport & Mobility,"Journeys: planning, rights and the wider world",JP-37,3–5,Explorer,Journey Planner,The risks worth planning for,"Petty theft, scams aimed at travellers, and the registered-itinerary habit — proportionate caution without paranoia. — at 3–5","Write the risk plan for a real trip: top three realistic risks, the mitigation for each, and who holds your itinerary."
CX-TRANSPORT-0238,Transport & Mobility,"Journeys: planning, rights and the wider world",JP-38,6–8,Builder,Journey Planner,The risks worth planning for,"Petty theft, scams aimed at travellers, and the registered-itinerary habit — proportionate caution without paranoia. — at 6–8","Write the risk plan for a real trip: top three realistic risks, the mitigation for each, and who holds your itinerary."
CX-TRANSPORT-0239,Transport & Mobility,"Journeys: planning, rights and the wider world",JP-39,9–10,Practitioner,Journey Planner,The risks worth planning for,"Petty theft, scams aimed at travellers, and the registered-itinerary habit — proportionate caution without paranoia. — at 9–10","Write the risk plan for a real trip: top three realistic risks, the mitigation for each, and who holds your itinerary."
CX-TRANSPORT-0240,Transport & Mobility,"Journeys: planning, rights and the wider world",JP-40,11–12,Lead,Journey Planner,The risks worth planning for,"Petty theft, scams aimed at travellers, and the registered-itinerary habit — proportionate caution without paranoia. — at 11–12","Write the risk plan for a real trip: top three realistic risks, the mitigation for each, and who holds your itinerary."
CX-TRANSPORT-0241,Transport & Mobility,"Journeys: planning, rights and the wider world",JP-41,K–2,Explorer,Journey Planner,Travelling lighter on the world,"The emissions ladder of travel modes, honest offsetting, and the trip design that trades little joy for much carbon. — at K–2","Compute the footprint of one real planned trip two ways (as planned, redesigned) and decide with the numbers in view."
CX-TRANSPORT-0242,Transport & Mobility,"Journeys: planning, rights and the wider world",JP-42,3–5,Explorer,Journey Planner,Travelling lighter on the world,"The emissions ladder of travel modes, honest offsetting, and the trip design that trades little joy for much carbon. — at 3–5","Compute the footprint of one real planned trip two ways (as planned, redesigned) and decide with the numbers in view."
CX-TRANSPORT-0243,Transport & Mobility,"Journeys: planning, rights and the wider world",JP-43,6–8,Builder,Journey Planner,Travelling lighter on the world,"The emissions ladder of travel modes, honest offsetting, and the trip design that trades little joy for much carbon. — at 6–8","Compute the footprint of one real planned trip two ways (as planned, redesigned) and decide with the numbers in view."
CX-TRANSPORT-0244,Transport & Mobility,"Journeys: planning, rights and the wider world",JP-44,9–10,Practitioner,Journey Planner,Travelling lighter on the world,"The emissions ladder of travel modes, honest offsetting, and the trip design that trades little joy for much carbon. — at 9–10","Compute the footprint of one real planned trip two ways (as planned, redesigned) and decide with the numbers in view."
CX-TRANSPORT-0245,Transport & Mobility,"Journeys: planning, rights and the wider world",JP-45,11–12,Lead,Journey Planner,Travelling lighter on the world,"The emissions ladder of travel modes, honest offsetting, and the trip design that trades little joy for much carbon. — at 11–12","Compute the footprint of one real planned trip two ways (as planned, redesigned) and decide with the numbers in view."
CX-TRANSPORT-0246,Transport & Mobility,"Journeys: planning, rights and the wider world",JP-46,K–2,Explorer,Journey Planner,The journey you organise for others,"Leading a group move — the school trip, the family visit, the team away-day — where the planner owns everyone's contingencies. — at K–2","Plan and run (or fully rehearse) a group journey for four or more, including the briefing, the rally points and the lost-person procedure."
CX-TRANSPORT-0247,Transport & Mobility,"Journeys: planning, rights and the wider world",JP-47,3–5,Explorer,Journey Planner,The journey you organise for others,"Leading a group move — the school trip, the family visit, the team away-day — where the planner owns everyone's contingencies. — at 3–5","Plan and run (or fully rehearse) a group journey for four or more, including the briefing, the rally points and the lost-person procedure."
CX-TRANSPORT-0248,Transport & Mobility,"Journeys: planning, rights and the wider world",JP-48,6–8,Builder,Journey Planner,The journey you organise for others,"Leading a group move — the school trip, the family visit, the team away-day — where the planner owns everyone's contingencies. — at 6–8","Plan and run (or fully rehearse) a group journey for four or more, including the briefing, the rally points and the lost-person procedure."
CX-TRANSPORT-0249,Transport & Mobility,"Journeys: planning, rights and the wider world",JP-49,9–10,Practitioner,Journey Planner,The journey you organise for others,"Leading a group move — the school trip, the family visit, the team away-day — where the planner owns everyone's contingencies. — at 9–10","Plan and run (or fully rehearse) a group journey for four or more, including the briefing, the rally points and the lost-person procedure."
CX-TRANSPORT-0250,Transport & Mobility,"Journeys: planning, rights and the wider world",JP-50,11–12,Lead,Journey Planner,The journey you organise for others,"Leading a group move — the school trip, the family visit, the team away-day — where the planner owns everyone's contingencies. — at 11–12","Plan and run (or fully rehearse) a group journey for four or more, including the briefing, the rally points and the lost-person procedure."
